athlete_id,y_true_injured,prob_XGBoost,prob_LightGBM,prob_CatBoost,prob_RandomForest,prob_ExtraTrees,prob_HistGradientBoosting,prob_LogisticRegression,prob_Top3_Ensemble
1,0,0.11675345798411961,0.10722955354320703,0.13642961406334705,0.142258057510393,0.2419532437321108,0.07193440973729918,0.12162337295368782,0.10519785911461775
2,1,0.18287329631816104,0.1893039040376161,0.19572898568475747,0.20641937451402825,0.19617421500601184,0.18968256866505928,0.17857561877126793,0.19157181946247762
3,0,0.9019811233617748,0.8464772199302972,0.9332089979628906,0.9485666169290589,0.9435524113094301,0.6310848387109664,0.8836696927956466,0.8035903522013847
4,1,0.23794815709837583,0.23297384387453754,0.21699120488267584,0.22153222882292845,0.21730205019163917,0.24243064599827893,0.2507539254124227,0.23079856491849746
5,0,0.5399504310844095,0.4784989661255672,0.6192238404291474,0.44892749062504667,0.34174914032420606,0.40942204409672595,0.391015964163627,0.5023816168838134
6,0,0.18078308666390927,0.21416951319772662,0.23630728795983838,0.24206578524772918,0.22934349860667816,0.21847624063460194,0.2588189771966516,0.22298434726405567
7,0,0.258947656010644,0.2647859180520593,0.2854665365104365,0.2575971569630527,0.23979652288808406,0.2597837661801633,0.3693663656803692,0.27001207358088636
8,0,0.20050442655480752,0.17564770594418513,0.19047449307775519,0.2257762629511156,0.220520248844528,0.1672544381327068,0.1965503892793147,0.17779221238488238
9,0,0.24648302063987773,0.2526403296443314,0.21471783027250216,0.19471521439688622,0.20664939398532203,0.25226834870453524,0.1979573742748014,0.23987550287378964
10,0,0.20439930710258505,0.22257428783634517,0.1845880859356878,0.19556154903551037,0.2044625988820019,0.222425074024697,0.21843038689584063,0.20986248259890997
11,0,0.21523873546173503,0.19373013296933808,0.19528235954058784,0.18847490817708054,0.21570145190202716,0.24277760286850505,0.2416286703970938,0.210596698459477
12,0,0.18472130659805253,0.17286509925208182,0.19456982253735466,0.20532124941910238,0.2167661950753266,0.19202296310846365,0.23862003072168045,0.1864859616326334
13,1,0.45593909652555026,0.40866903048643355,0.46411055034639165,0.3069867408836572,0.2865494215746912,0.3693937318712221,0.3799621410781209,0.4140577709013491
14,0,0.1852497883797406,0.22061445847431924,0.2417424838846791,0.23945986502193284,0.2791040502905437,0.235145465922741,0.15507175512449203,0.2325008027605798
15,0,0.15474775045626968,0.15510582536048956,0.1693847720066405,0.19732104581040946,0.20524033947131307,0.16276773957378707,0.16388189611565107,0.1624194456469724
16,0,0.17302959998822065,0.16978551726943206,0.19269669266191627,0.18586577339508437,0.21229381753121682,0.19067055601082736,0.17165754799207988,0.18438425531405855
17,1,0.8690999977153481,0.8532244284881308,0.8297293880764537,0.7167849561151481,0.44316869205762005,0.7966681294504373,0.46004767192777946,0.8265406486716739
18,1,0.9165261855542517,0.9226501751535138,0.9327905344061391,0.96356350700809,0.9819566407790951,0.9774715568131587,0.9193728931746796,0.9443040887909372
19,1,0.19999079682841825,0.19691843334295522,0.19846772082933947,0.1917675045613181,0.22245447201130555,0.20267451007345924,0.2363928026404081,0.19935355474858465
20,1,0.23061152894588835,0.2083397615015035,0.24686412651302367,0.22069791651472767,0.21069452243769046,0.20629096093073088,0.12539664805119308,0.22049828298175267
21,0,0.23647328937221887,0.23814094627665772,0.1891308725146068,0.20137114968197425,0.19973171777295104,0.2097243214849814,0.1343184699136034,0.21233204675874864
22,1,0.8630471897804394,0.8632686213101385,0.9065044449554934,0.885199883961386,0.8195894588848088,0.7580591158668222,0.7055990324541992,0.8426107273774847
23,1,0.9087757661663645,0.9200442113684533,0.9108839973971318,0.9291391798787751,0.9661237060877986,0.9496662315794876,0.8534027373515309,0.9268648134483576
24,0,0.2588853217214192,0.29055133796405924,0.2486918156907826,0.23197906556260636,0.27062737675153997,0.27539067197211936,0.342887515693981,0.2715446085423204
25,0,0.500899990380351,0.4673466051149287,0.517902815953178,0.4235093865542898,0.3169443021310932,0.36912218586661033,0.4708861213647328,0.4514572023115723
26,0,0.17190017142152336,0.1478832479466618,0.17510370749826298,0.2138139661370504,0.20039080722039113,0.15294418579413632,0.2576277863604888,0.1586437137463537
27,1,0.8611562230081221,0.886900855338529,0.8562689796730703,0.9116644019802687,0.8187703118620798,0.8017906688028003,0.626251679205556,0.8483201679381333
28,0,0.24040524892730408,0.23048883442349402,0.2786821297992791,0.2819581900381202,0.26251496638313027,0.24004278559181547,0.27180843918918396,0.24973791660486286
29,0,0.2893746545623994,0.2430023955234779,0.20218318110284117,0.22697750890561794,0.193904961517008,0.21472080862570486,0.17164469130185947,0.219968795084008
30,0,0.37523805255445125,0.38279474490469,0.30427571052700947,0.2477519044376035,0.2039877865249896,0.39169088316078926,0.19460577693347958,0.35958711286416295
31,0,0.1925820252000533,0.16662949435976707,0.18096390574025753,0.1661827863606123,0.1899265386313739,0.18777892751881586,0.14346189833109554,0.1784574425396135
32,0,0.2458577337591035,0.19907962591255404,0.203390432403061,0.22498642355517187,0.21308358331577118,0.21918680843414104,0.20586363724988557,0.207218955583252
33,0,0.173270903308123,0.170665656185186,0.18918286223900507,0.18713209074798934,0.19273670252621078,0.1738085804105053,0.166800132997346,0.17788569961156545
34,1,0.2854873098055775,0.2625468469502218,0.20934436722684205,0.24663290144288474,0.22404897780665758,0.24751490859053615,0.16730174616475982,0.23980204092253332
35,0,0.28135825810127196,0.2639017594731308,0.2849947947865881,0.2467453928226723,0.2589431997304618,0.26085005952089707,0.2931292539649574,0.269915537926872
36,1,0.9213288948555399,0.9274521205074867,0.931984520216913,0.9449729837438703,0.9672406173924514,0.9692273785048023,0.8546768986444927,0.942888006409734
37,0,0.1627523486893705,0.17245749060403423,0.1835885239478936,0.19257832806398142,0.2018977700162352,0.21097559034914318,0.15930352542123502,0.18900720163369034
38,0,0.18881956460402952,0.16593103764398554,0.19764384368153412,0.23309254465645068,0.2347303993574703,0.19815072565352865,0.36753789796186015,0.1872418689930161
39,0,0.46302680656571726,0.4323846583574514,0.39491858337434715,0.37347835991328937,0.2374205733731994,0.42590101536902286,0.27301201280382986,0.4177347523669404
40,0,0.20594568331925064,0.21681979104400154,0.19697230936837842,0.21154057926211867,0.19745183018359805,0.22648672109384324,0.13426449324745507,0.21342627383540771
41,1,0.40599263707711675,0.28368111864745565,0.35825513933762115,0.2780179357869998,0.254664720650871,0.3345447383997686,0.3373356354790266,0.3254936654616152
42,1,0.9191969925424917,0.9273314741764952,0.9462014110140835,0.9674825855603197,0.9925286598278404,0.9793082636195853,0.9770346554555736,0.9509470496033879
43,1,0.148925557699318,0.15864402759828183,0.15061821863248065,0.17039743681370023,0.18527639380676253,0.17218635128323467,0.13953182552945428,0.16048286583799906
44,0,0.16302616140632323,0.19138666576654265,0.20654389593185377,0.19541050241875121,0.21963178842855005,0.19380941747877223,0.16443600481633466,0.19724665972572286
45,1,0.20276933481883877,0.21531142008276682,0.22225637181351607,0.22097743129114358,0.2195504771241357,0.23170690066974164,0.24412975518590752,0.22309156418867485
46,0,0.14683018966094727,0.13601505897401803,0.146604232207154,0.17491619378220732,0.17853551497357803,0.138117120812608,0.09871826158359054,0.14024547066459334
47,0,0.198722662893649,0.22077679714794032,0.1628134272215125,0.20722861235049317,0.20665702407007477,0.2391154434334377,0.18845528137278963,0.20756855593429682
48,0,0.19468646465613215,0.1863350432016182,0.2043492826376299,0.20223185537614574,0.20210923634014633,0.1918323233874778,0.23502058299223116,0.1941722164089086
49,0,0.21501399721745648,0.2428046726409613,0.21823862802694635,0.19024769914623393,0.20038080839898878,0.24493850721827382,0.20077683470998742,0.23532726929539383
50,1,0.16797445529857744,0.22529557955821067,0.20638956768385172,0.19921693431747167,0.2014193143408717,0.22716757719875125,0.20245701188039678,0.21961757481360455
51,0,0.21505476208158467,0.2312236549247683,0.22632774198839634,0.20526610481846438,0.24352931657931678,0.21755669304102518,0.22116912276570203,0.22503602998472994
52,0,0.40216025544989636,0.3358777499838895,0.38584441823725574,0.3219254885635544,0.2865792545140764,0.3431898547109027,0.3474686428229506,0.35497067431068263
53,1,0.9249807373637154,0.928803901559819,0.9479763984510364,0.9711755328184668,0.9919238220730202,0.9763937170929102,0.9858950138277011,0.9510580057012552
54,0,0.2212969931475669,0.1888006217488266,0.19227993625493908,0.2588885554898075,0.240069178278933,0.20677869843343197,0.18411597213469152,0.19595308547906587
55,0,0.14932060658650176,0.19847235964684695,0.20914659544907901,0.2011116456749434,0.23956858567978825,0.18308971281783404,0.2771432433386319,0.19690288930458666
56,0,0.18567218152561904,0.18263240628341137,0.2173206513290696,0.21153668647887935,0.21928712320702673,0.18849667799123204,0.20116495657103164,0.19614991186790434
57,1,0.3945867464457888,0.3125351807046967,0.2683014535849846,0.23099564327761124,0.27737280152474,0.30965389697297513,0.29592872597993186,0.29683017708755216
58,0,0.22443232432922824,0.24836326649292786,0.21985452995517551,0.25247659773124725,0.20883657079102613,0.24342360253688677,0.13105489037073495,0.23721379966166337
59,0,0.14015824741302432,0.17927794819917364,0.1722486863513171,0.17542194484693377,0.2032132331241642,0.17129035988828703,0.13206279675473007,0.17427233147959256
60,0,0.17931115125480102,0.17431488458594754,0.1964896929768556,0.1974624631430891,0.19351930971499332,0.19754262965856006,0.2454002899801536,0.18944906907378775
61,1,0.2979555489531966,0.3325406074015524,0.4141558943862325,0.3557955717238073,0.3304205431404847,0.3403117129043933,0.299299023302495,0.3623360715640594
62,0,0.1730158893897439,0.1560565375461089,0.1813923713066401,0.1785485838636738,0.19918136433424027,0.17852501820431885,0.19568676231749002,0.17199130901902263
63,0,0.32651099922579413,0.3468749955352461,0.2675357944798438,0.2386815997079106,0.3053307262871103,0.3406115203458377,0.3761712834937043,0.3183407701203092
64,0,0.2527084371578255,0.28178177503696333,0.2430135265702019,0.2301598841892529,0.2561389196696018,0.261159044240866,0.4212128944277485,0.26198478194934377
65,0,0.2033593917875037,0.1943608097937002,0.19451902415499955,0.18711661544245936,0.22075398517295244,0.22463434267100582,0.2285919229535458,0.20450472553990184
66,0,0.16959588153847982,0.1914802879128259,0.18313507393459946,0.21651898722059615,0.22550456179366662,0.19951851568364018,0.2807317223060685,0.19137795917702186
67,0,0.19634596694785347,0.1482952616938877,0.1858327629380938,0.2151537115287787,0.22626340602340722,0.15140994239558658,0.29806839471631413,0.16184598900918937
68,1,0.9162402981617509,0.924133849856014,0.9316318819941759,0.9564904826568975,0.9794259650912783,0.9509233064357346,0.9360181782402394,0.9355630127619748
69,0,0.3183439678189935,0.35349903880513694,0.2715976661162956,0.27832058951998556,0.23335756732326338,0.3230509009810491,0.27325173052079804,0.31604920196749386
70,0,0.31606156483039577,0.25356183474743016,0.2628334540744282,0.22343825151097374,0.21420003342386884,0.2739383980211834,0.24064176124724068,0.2634445622810139
71,0,0.2188150066546997,0.22967980562310178,0.25376386342268564,0.24012813411206493,0.23696124718662945,0.2220885027524787,0.31951976624259554,0.23517739059942203
72,0,0.4187038513184678,0.4186276271739704,0.4189405470590671,0.2570590891805482,0.20845179147867435,0.3925447378773634,0.17080062847885355,0.4100376373701336
73,0,0.9037740171310499,0.9058420936510818,0.9064431662011166,0.9319402319469375,0.8871683387517844,0.9311217313134285,0.8198012232282051,0.914468997055209
74,0,0.2894566917019509,0.24891418597243428,0.25954340895932065,0.2675743382665355,0.2792875588962574,0.2918558970423374,0.10465259572153414,0.2667711639913641
75,0,0.3498723891881403,0.3157494407996993,0.29838760059984015,0.23304303348481062,0.30872537363730457,0.3335719098657351,0.4182408351327301,0.3159029837550915
76,1,0.2683349102345309,0.2960339924492241,0.22106615178714115,0.22713403745375557,0.2318455813973995,0.3101924550180451,0.2921396932745873,0.2757641997514701
77,0,0.2533919527137709,0.18316396572268387,0.17379746563269852,0.19648334512503,0.19127279730652821,0.20807428422889152,0.18280087390968813,0.1883452385280913
78,0,0.18806193685626052,0.31848511470652796,0.23766152152172304,0.2080040940287676,0.248212430801748,0.291482712552521,0.2824884673901326,0.28254311626025735
79,1,0.8108632256665863,0.8572223508381484,0.6883420005697624,0.665262928680457,0.4492841826795056,0.8099307735530153,0.36176803445684386,0.785165041653642
80,1,0.9249469651123285,0.9295110936774565,0.9505530749595251,0.970234419205346,0.9919555046305725,0.9815712992953024,0.9928035639737041,0.9538784893107614
81,0,0.2783336527830617,0.3073997484260127,0.270080789259323,0.24183670802920518,0.24009327894614987,0.2600155455853061,0.37818402953393243,0.2791653610902139
82,0,0.1827590751175121,0.20615526928443875,0.2087037738642146,0.22086984368237617,0.22504200931881002,0.21882926387723814,0.25271749901209345,0.21122943567529717
83,1,0.2969576366075194,0.2874165900861948,0.23541728173360207,0.2157880214364706,0.2410094766527734,0.2728795214055208,0.336705553015036,0.26523779774177253
84,0,0.1943314369927037,0.2263377061294305,0.284185211162244,0.23910214119637138,0.23651098647710544,0.23871966002601433,0.2998646171299901,0.24974752577256296
85,0,0.2424158088174512,0.23103019839864467,0.2837853532721358,0.24325721290336186,0.24805660487056133,0.23164140358329713,0.356678756639305,0.24881898508469255
86,1,0.9159087965650152,0.9224554240840988,0.9365858690874372,0.9665271647631947,0.9894050498519976,0.9738801089068221,0.9922469820739724,0.9443071340261193
87,0,0.1621087595457515,0.16790471817005395,0.17687941213890468,0.1895247893375579,0.217749402885269,0.16094905728711725,0.22481017081248314,0.16857772919869196
88,1,0.9046916231842453,0.9033941111647795,0.9271943145102884,0.9430975090607691,0.9489979293306026,0.8137534411620105,0.9115328310942395,0.8814472889456928
89,1,0.6564848368983235,0.6656253343368342,0.5671150749314177,0.49965275744138854,0.3975293039234695,0.5161378225074063,0.3743276945198282,0.582959410591886
90,1,0.9162825161822509,0.9242385885395502,0.9286348551397022,0.9616064680148355,0.9840310444550943,0.9664230269334686,0.9695515271804994,0.9397654902042404
91,0,0.18175453923259532,0.18680615514721707,0.21284945308414238,0.22172789534678783,0.23722158361791745,0.20450133362031667,0.253776263117929,0.20138564728389205
92,0,0.3233522755798421,0.26311689658848675,0.258042001242249,0.2530898077110635,0.2214747814506239,0.23250369595759887,0.19181517091280179,0.25122086459611154
93,0,0.5202141038851074,0.5733269495307303,0.5367466485752627,0.4632933453106873,0.32804447840717604,0.4724479804033521,0.3643804632327699,0.5275071928364484
94,0,0.14077399830649906,0.14184232034372513,0.146601796333982,0.16464114880574912,0.18091472231962102,0.1528343024139839,0.09653611801448525,0.14709280636389702
95,0,0.17090326657047086,0.18689617580058537,0.20362046627722294,0.18536428598170485,0.20855792462421752,0.19639919428482486,0.2012349998866689,0.19563861212087774
96,1,0.23028023840420822,0.22264995712231528,0.21063374855257555,0.2026855920824575,0.21229154333735156,0.24573943173617427,0.2105229299942503,0.22634104580368838
97,1,0.9186596434593541,0.9249334014385925,0.941890921155477,0.9672616252329581,0.9830742587313491,0.9755928623797802,0.9534734827804567,0.9474723949912832
98,0,0.3111054516099227,0.31808698822305465,0.2547518223993204,0.2560830968783739,0.23475624990734797,0.278911714479182,0.20682273321539726,0.28391684170051906
99,1,0.1935145347395255,0.26226023788497055,0.22915641908832715,0.2095010862651371,0.21857813299978482,0.2684094586605485,0.16470508938151987,0.25327537187794874
100,1,0.17648993789557546,0.1725451379057166,0.19525265874379272,0.20613986098496598,0.23594816966111862,0.19840931701675543,0.2794843666428493,0.18873570455542157
101,1,0.2413658439108811,0.2372189902333591,0.21059487485346026,0.22144437520411278,0.21403911419417818,0.24730565464422316,0.3092523130963358,0.2317065065770142
102,0,0.15685098891586913,0.1807979017246144,0.1818366767214913,0.18139213380006203,0.19668544872133262,0.2022824526451997,0.18887584905601384,0.18830567703043513
103,0,0.20867857254063873,0.20045065976048984,0.2257575051562382,0.22056380476175133,0.22826531659102967,0.2120469767636839,0.2069365860845257,0.2127517138934706
104,0,0.22072154977197855,0.21039430829578967,0.18321514709978626,0.22943135680464755,0.21744779448997772,0.2068355232800375,0.17932832141754995,0.20014832622520448
105,0,0.20933534384523797,0.2066227796887353,0.20028169341453364,0.1966138736377289,0.20101449465679075,0.2076837155666912,0.19306053999099385,0.20486272955665338
106,0,0.1689503652074831,0.16601601107481115,0.19625451874364627,0.22892035147236356,0.21148507878276424,0.16587845855744654,0.13348886223359804,0.176049662791968
107,0,0.2865481543127295,0.29672772162013183,0.31961048014249777,0.24778414113873437,0.23656354929866796,0.2797501431862149,0.2387811113541586,0.2986961149829482
108,1,0.27647866980732955,0.3717702197642397,0.29632098358246073,0.35626117214481406,0.33650272109489054,0.3915200834653467,0.2906078357828527,0.35320376227068234
109,1,0.9237503020275537,0.9285910506395672,0.9475646284365841,0.9688723562510094,0.991151733913826,0.9767955053067708,0.9641743487212796,0.9509837281276408
110,0,0.14818928865518674,0.17180004283436465,0.1821720776561453,0.22003743613852988,0.21590049973919076,0.174902983642838,0.12656553712943205,0.17629170137778263
111,0,0.21546955019480532,0.19913775786785237,0.21729532245622182,0.2053219645391057,0.21409876063704392,0.24402275859428113,0.17763099688682393,0.22015194630611845
112,0,0.15275414387145217,0.1320762967003714,0.1933403499725317,0.23248876469713942,0.24143603567093938,0.12016949478547512,0.3130710137232995,0.1485287138194594
113,0,0.21432551253534116,0.23777662231632105,0.22367746345970685,0.19712977267598175,0.20195572522623476,0.2503255693895371,0.16188009377985335,0.23725988505518833
114,0,0.16314065722180673,0.18979778966995908,0.18894340574961654,0.1903018151034458,0.21113140850175738,0.20537116256732402,0.16477793016503875,0.19470411932896656
115,0,0.30579366852249684,0.26380487428733196,0.25989649997008873,0.2885262808588094,0.2339066903281303,0.28520082561586113,0.20537196710430483,0.2696340666244273
116,1,0.16159642552294956,0.17566286313350302,0.15607355740841697,0.186955866452432,0.20343324214355415,0.13924563774709298,0.10286770371370053,0.15699401942967098
117,1,0.15488165826383354,0.14876255090488236,0.20255944103863865,0.2007648107339605,0.220130410688308,0.161356463195872,0.2985708146348673,0.17089281837979767
118,0,0.28676027650531627,0.27065929401085587,0.2656710943382199,0.2512817419823163,0.24083342650789055,0.2854483169296822,0.25854571360277806,0.2739262350929193
119,0,0.22207947262422986,0.2750671161379887,0.21900526012972418,0.2156790841072528,0.23055874527965056,0.2767489525937577,0.2237634478876909,0.2569404429538235
120,0,0.23480316529405276,0.24114669516138618,0.24084161986865402,0.21657102503311032,0.23140085307144123,0.23900107741019538,0.36868186239111056,0.24032979748007854
121,0,0.22120361255972143,0.18416299145407541,0.23575272842086895,0.21839302955466255,0.2271828008973673,0.1870836972607318,0.32282673442179216,0.2023331390452254
122,1,0.9169359948168996,0.9267867213103985,0.9357122989646572,0.9637261819053577,0.9909229804600413,0.9675324344090308,0.9733136663400072,0.9433438182280288
123,1,0.22576440711775217,0.25948042580003255,0.24414167857497734,0.20612923878299072,0.26443185842068717,0.24256180528092774,0.24372398266523518,0.24872796988531257
124,1,0.19932063386269647,0.19238424789090025,0.1843748405304004,0.2026513872399817,0.228809584201927,0.2106625087305735,0.2116558564131382,0.19580719905062471
125,1,0.19654936202405224,0.1961908913521613,0.19506950546123847,0.21323377065141824,0.20874167573019545,0.19189485695039202,0.23820420538693396,0.19438508458793058
126,0,0.13576685748472264,0.11317195656607826,0.13388804594125195,0.15007004231553614,0.19588896136920086,0.07968406883881594,0.07090003527427764,0.10891469044871538
127,0,0.1478686417422793,0.13904068036014414,0.15710982487081226,0.17820372957414243,0.20020884668237093,0.1309606337684518,0.20441792725655603,0.1423703796664694
128,0,0.14031990358799817,0.1282558949408509,0.1501315841645535,0.18173330791579576,0.17967208177998242,0.1355044729979224,0.12457684454511274,0.13796398403444224
129,1,0.1639898828239772,0.1836685542685846,0.19361130374508354,0.18835506985252595,0.2099438546462683,0.1928870129421492,0.2585769114106038,0.1900556236519391
130,1,0.15095194975532378,0.13240479090798293,0.16076055953683369,0.170216313006319,0.19106448676729082,0.1488857963706057,0.1422430536108846,0.14735038227180744
131,1,0.9182896831227171,0.9251694504189584,0.9429452228407436,0.9595593771987344,0.9866362506370869,0.9771930990690653,0.9842959430503594,0.9484359241095891
132,0,0.29367583546170156,0.3470876368549974,0.2947223564762393,0.28767905972008706,0.2558605829921759,0.29278378159409707,0.3712644934532641,0.3115312583084446
133,0,0.20111077174190237,0.2095605749307338,0.2285378221161949,0.2155720151044077,0.22967542941125432,0.23780646550764048,0.19102301156625803,0.22530162085152305
134,0,0.24936071475180346,0.22059179079191726,0.22979661144164495,0.24027141413077682,0.27736509632606315,0.21276143779388482,0.28533353072984563,0.22104994667581568
135,0,0.2105988193119417,0.16339919297624406,0.16880551345880582,0.25280508224323156,0.17440706298848666,0.16367239905246614,0.3038375281910151,0.16529236849583867
136,0,0.1828647388065495,0.21273988239976024,0.20947749676879077,0.2165139388514067,0.22838700410801502,0.20296524746150993,0.12268235015750147,0.208394208876687
137,1,0.33118654728515035,0.27399168115871886,0.23425333660492467,0.21619710240380877,0.2122295352610779,0.2702161208671263,0.17970640944363972,0.2594870462102566
138,0,0.2615036343776946,0.22025351358818315,0.19746464872707592,0.19853117680781265,0.20755709494974858,0.22931809125332758,0.08936319436711514,0.21567875118952887
139,0,0.19366609054694617,0.1578205477508151,0.18210860309511948,0.1985834471775191,0.196975766740249,0.1682603313946999,0.17462561043568378,0.1693964940802115
140,0,0.3252646581126572,0.2822228266972194,0.5121370651750637,0.35950500239768896,0.3522506362906885,0.42989158465530464,0.34743089682276523,0.4080838255091959
141,1,0.2134140181676616,0.2380499080615215,0.2199127492984733,0.22515695484977627,0.2409242833569111,0.2690777602836005,0.2832457774107898,0.24234680588119842
142,0,0.19155203301305698,0.18458698625047454,0.200467271993682,0.20149670149338936,0.23356230338163975,0.19108391895552,0.24763538513208458,0.19204605906655883
143,0,0.19016910173126625,0.19201106207713836,0.19715317056351625,0.20715893444959874,0.24041649436948778,0.21049190841323254,0.22673872112391377,0.19988538035129574
144,0,0.11673796477188168,0.1060973442091635,0.1343748079984711,0.15576580844428292,0.2322861566627216,0.06518959302674052,0.12999292894296763,0.10188724841145837
145,0,0.17156943863769994,0.17735275958632327,0.21996535166637132,0.22471964889841697,0.23838127232525855,0.2069983848437059,0.2589102129700515,0.2014388320321335
146,0,0.11355971045769735,0.09986282572224879,0.11518292910666272,0.15575079553885607,0.22370858145071626,0.04365935884934427,0.06150634198111096,0.08623503789275193
147,0,0.25962064393941836,0.39968876442961504,0.25556607220644356,0.278739924871841,0.2382821805621251,0.31535274950603814,0.2489101383315632,0.32353586204736556
148,0,0.1450678448188404,0.11937513007607893,0.1608197858108326,0.1737586336478407,0.2401418336007426,0.07338134061674556,0.1184136768959868,0.1178587521678857
149,0,0.21526485231663126,0.19369703274108926,0.21799279168076055,0.2166078960814989,0.22383435607308635,0.24994471874230886,0.22659172377422254,0.22054484772138624
150,1,0.25872539260353217,0.2301460094411445,0.21749938813391204,0.25297004495887165,0.19751409261407807,0.23166696834238507,0.29015854804553626,0.22643745530581386
151,1,0.9189541577387669,0.9278737853976166,0.9463634718639519,0.9680584482209827,0.9924237804782701,0.9771750795795207,0.964186807835166,0.9504707789470297
152,0,0.24656674114056099,0.27610206058611036,0.23972367594747035,0.2084296208491746,0.2417131741915031,0.27533771138087465,0.2500562058669091,0.26372114930481844
153,0,0.12551261623008805,0.102944159148602,0.14084709849051832,0.17077702743464,0.206825537468896,0.06443136057790257,0.10065716739926829,0.10274087273900763
154,0,0.230434231689474,0.23572274180521302,0.2242786360543577,0.233955269018708,0.24111022802324655,0.2542818848693731,0.26294927917081434,0.23809442090964794
155,0,0.24366138695277764,0.17298885926587493,0.22380365982755857,0.24003956901819934,0.20386203260442662,0.21462630212714626,0.1012830561173772,0.20380627374019325
156,1,0.8915442361324478,0.8723509836363812,0.9322659362439181,0.949417081796711,0.9708535339021015,0.7881333366676516,0.8990771838738025,0.8642500855159837
157,0,0.12250111551369292,0.11557617963809169,0.14455587471409606,0.16317676873298695,0.20495097118779282,0.08176799298726291,0.11429671747118941,0.11396668244648356
158,0,0.17663108038680422,0.17794221778179065,0.2130866630885433,0.24322808064133591,0.23027345463038285,0.2297173169418856,0.34721981056371964,0.20691539927073985
159,1,0.9158618439242511,0.921088847267518,0.9325165782744879,0.9632651993775624,0.9780061810171808,0.9689208113378124,0.9475659188979245,0.9408420789599394
160,1,0.9250114617227868,0.9294479556188094,0.9495925178862907,0.9712998293147113,0.9923539680337169,0.9829896729849992,0.9835145932674608,0.9540100488300332
161,0,0.19412116067052732,0.21166085193658482,0.1978722057264656,0.19958722592455255,0.23528713807079496,0.2062293955999409,0.32843970629495695,0.20525415108766376
162,0,0.20276103569171156,0.23030996212961855,0.20396218003252684,0.2391200804329574,0.2169344815631591,0.20367120619897083,0.16538095372022407,0.21264778278703875
163,1,0.8963342069396779,0.9092119513354483,0.9180953316518418,0.932115855481996,0.8687440691018494,0.8816059142866588,0.7336536929222967,0.9029710657579829
164,0,0.26508539378789947,0.2767555736209937,0.2890844098683404,0.25511496553341334,0.254925953754721,0.2698417754620168,0.30757377544345554,0.27856058631711694
165,0,0.2012711556620392,0.2080996032267268,0.19496275440365696,0.20577154021352131,0.20943133765048413,0.21399439799643458,0.16108798028475227,0.20568558520893945
166,1,0.916603026981075,0.9226566385143858,0.9322192602035465,0.9636843703969489,0.9796674250432211,0.9721820847457444,0.887290912261323,0.9423526611545588
167,0,0.13879205905871525,0.1823295200470482,0.16517795117315395,0.18343551622266197,0.20471796696210307,0.18284261251613373,0.11624614918682563,0.17678336124544528
168,1,0.9162150912881172,0.9276413697941001,0.9423485451617101,0.9651289205080186,0.9891528057870435,0.9760209475014339,0.953737522226605,0.948670287485748
169,0,0.3635158649725339,0.3364291850638703,0.2613957313797655,0.2357578062828467,0.2503482940761885,0.3344281434186242,0.2525429681479161,0.31075101995408666
170,0,0.16401972510831334,0.1764042367742542,0.16457805868478168,0.18546228151908892,0.22535892002219718,0.18840563047303782,0.21740004240846902,0.17646264197735792
171,1,0.25022180492600454,0.26406596920427455,0.22975603715357432,0.20414839603700485,0.22582718021248796,0.2766282335149412,0.3128493592599914,0.2568167466242634
172,0,0.39136744744339663,0.30809448957172025,0.34912236038413286,0.3693294726101401,0.3781862779085316,0.32142939223625766,0.38421668599846664,0.3262154140640369
173,0,0.19104644449096977,0.20043712573123348,0.18377702344431904,0.20723375621183493,0.2370006611813731,0.20213227316763036,0.24189371334347065,0.19544880744772763
174,1,0.9189029536789018,0.9283985521986245,0.9396846934115327,0.9662014711298931,0.9902034163869174,0.9746453139731536,0.9886844995520557,0.9475761865277703
175,1,0.22942280113299077,0.23883341810439543,0.23282289513468934,0.2109466567654584,0.22050921886557617,0.24602075736772874,0.1815877318282947,0.23922569020227116
176,0,0.18861374330215405,0.12247034890380393,0.19055795764612016,0.17114275646345492,0.2967095065959089,0.09072340278956274,0.2851945025670766,0.1345839031131623
177,1,0.17712750829698912,0.17551120400949782,0.192088147318505,0.18831665342391868,0.21667372426970763,0.177379217129652,0.2154187562666179,0.18165952281921827
178,1,0.1887825203533323,0.17482428632962663,0.1792532292800344,0.18049972089956756,0.19624696769661346,0.18230095226272566,0.17041711199185738,0.1787928226241289
179,1,0.18627175376862645,0.251126640771703,0.22615082355878124,0.2047326912288714,0.2283588738206923,0.2028993454943947,0.2382475613268468,0.22672560327495964
180,0,0.25008612475897074,0.2514449391074766,0.21069034050467816,0.19646838594423124,0.1945567842393646,0.24697168244198742,0.18903233348874093,0.2363689873513807
181,0,0.1495414661601949,0.15515983779055803,0.16250648396231832,0.18006368019286276,0.18856476280419454,0.15601167092020318,0.1437245756664389,0.15789266422435985
182,1,0.1672118515163932,0.20647543922625722,0.17953743871567032,0.22907680986765458,0.23278581767251452,0.20334638619422685,0.11052891003605984,0.19645308804538478
183,0,0.2083196876152887,0.17046431490269365,0.223393051033581,0.22005835283985262,0.21823869419268402,0.19541581796823718,0.2359965912333166,0.19642439463483727
184,0,0.20213526438347126,0.21178301277622624,0.18919807144634282,0.19642441219368098,0.2165180203285558,0.21233717510597194,0.24254089059284414,0.20443941977618033
185,0,0.16554995698237596,0.1634341110095645,0.17587462139308338,0.18273007295390198,0.20121733363689462,0.16729754817432374,0.24185515702264163,0.16886876019232389
186,1,0.8895378041822406,0.9114628060424685,0.9238876117247571,0.9540838886437077,0.9548724010278832,0.8682014625374883,0.8090255484597261,0.9011839601015713
187,0,0.18238915455114565,0.16997715225126944,0.22313116710094308,0.2134703855679825,0.21536167256814154,0.20770516077214285,0.22276018391241226,0.20027116004145176
188,0,0.24297814839068707,0.2537026138407682,0.24006229002422405,0.256609405634105,0.2655093891992631,0.23938496315034116,0.3076535061584013,0.2443832890051111
189,1,0.9245743263241466,0.9288786704288263,0.9478522698061389,0.9701973894464625,0.9888159731339075,0.9782302551798057,0.9681388833046846,0.9516537318049236
190,0,0.20698110956140295,0.21685354805942655,0.20315801557163718,0.20230695608046534,0.22734014773264113,0.19672904389691945,0.3551497672787048,0.20558020250932774
191,0,0.22507702526069553,0.2271056730168888,0.1864134918806473,0.18196631533345012,0.19219246431309786,0.23036955763470202,0.20730183064258265,0.21462957417741269
192,1,0.917533152508862,0.9220660170948882,0.9398787584643187,0.9580907525738719,0.9805714742055675,0.9577282202106346,0.9528536418197572,0.9398909985899472
193,1,0.1642360692547436,0.1598675329654765,0.2037040313347204,0.1885191414263057,0.21706421820217503,0.17108852330629784,0.13589402692959474,0.17822002920216493
194,0,0.26751360448658446,0.2733142720921616,0.25239199394303036,0.24902794905037093,0.25468615448523163,0.26247976671610557,0.31284267431211227,0.26272867758376584
195,1,0.21032586939837686,0.26130297659272583,0.264921131514612,0.265569667936969,0.2769674663792417,0.30118508643954894,0.3078364733085233,0.2758030648489623
196,0,0.1619266931858216,0.15288829687734032,0.17965849799502986,0.20597613536909934,0.20765870657431318,0.15451072218608805,0.18378189672786224,0.16235250568615275
197,0,0.21964576929605806,0.20960054862969066,0.210264635160165,0.19948417315972033,0.21675424822663003,0.20765359235376557,0.34191084268747085,0.2091729253812071
198,1,0.9047228834486933,0.869900785410001,0.9291957951023074,0.9644513522118255,0.975182647957448,0.8972783415847689,0.9401715308681182,0.8987916406990258
199,1,0.18231338509107683,0.18012172013532343,0.1911052338775797,0.1936079675508481,0.21106774127898487,0.19778179481821692,0.23161995339315078,0.1896695829437067
200,1,0.7526228537150083,0.8398845181163734,0.5261158821268295,0.5646503554437229,0.3672027720040305,0.7470723540893135,0.40316686022041587,0.7043575847775054
201,0,0.36106784499473465,0.3232051908991809,0.2610420422719683,0.3327503926613171,0.21597693906272228,0.3016560845813885,0.1770030627896065,0.2953011059175126
202,0,0.14634243621854381,0.14898338021612723,0.1867511734874985,0.1868836762012589,0.20268380592541305,0.1461397909412316,0.2615064598637344,0.16062478154828577
203,0,0.16993472317820546,0.15600173569321957,0.19042349475811346,0.19115671440164275,0.22551735055364586,0.17469827666860901,0.29142820392981744,0.17370783570664736
204,0,0.17622318464356287,0.15395907145490365,0.20779773300547089,0.19318198275888646,0.22255304281477573,0.17110714457072204,0.23403072891765012,0.17762131634369885
205,0,0.3520370215016982,0.36061999251169424,0.2532960574689646,0.24158846296624295,0.23443477304424898,0.29490811084694046,0.271349807006579,0.3029413869425331
206,0,0.2675661577824022,0.2843201996099267,0.33440264103491507,0.23665546954133868,0.23294423338151263,0.2935043480330268,0.285249320577497,0.3040757295592895
207,0,0.22804034826895334,0.2227668413450388,0.2551322089962153,0.25055747666615324,0.23247925016536372,0.22845336447529196,0.27936409256658146,0.2354508049388487
208,0,0.26151399459701863,0.22566887700685234,0.2232660279037509,0.21983692220261367,0.23193778805249676,0.24629704312371123,0.1976904992341378,0.23174398267810484
209,1,0.17831689233372539,0.2031528609118527,0.1821095764692048,0.1993904765998359,0.21515197345276973,0.22965183920369323,0.2108513876336372,0.20497142552825023
210,1,0.23832650586517637,0.21121305522123304,0.19846081579917277,0.18892254714060255,0.1924792610968125,0.21929871547081725,0.13192899926131665,0.20965752883040767
211,0,0.26291549923610746,0.2639579421886649,0.27800873285915256,0.22928694095681232,0.2277024868515051,0.28137818279274085,0.2315659292723422,0.2744482859468527
212,0,0.17010164541844977,0.1423944624185427,0.16078708920285,0.18833301151507523,0.18690235227554522,0.1246396663096721,0.21385285650078087,0.14260707264368827
213,1,0.16570109416664117,0.15885321559527463,0.21386930128735304,0.19773869388229534,0.22855568183281613,0.16297586949987986,0.20414967806679016,0.1785661287941692
214,0,0.47756611839840907,0.49244748163094626,0.4963242487703947,0.3807283666659449,0.42225410663967855,0.4529275866736078,0.5055768078326134,0.4805664390249829
215,0,0.20141100477821525,0.19406510777117203,0.2262435125126193,0.20937028791216325,0.22363471715328884,0.21082499859841675,0.26963116569257134,0.21037787296073604
216,0,0.2771569408900436,0.2874936066152575,0.2307257239994068,0.23738158399918596,0.25060461396751793,0.27986955775101063,0.21092240430202933,0.26602962945522496
217,0,0.2525119138850282,0.22705612145569307,0.24165709366832425,0.26587711361745175,0.23655086968897546,0.2587524953395442,0.2616984587118185,0.24248857015452052
218,1,0.9247895929973641,0.9286800863651953,0.9476677846566565,0.9694979683528256,0.9918761730642122,0.98105351101661,0.982654896612199,0.9524671273461539
219,0,0.18844980537910902,0.20718570088203078,0.17801114795178163,0.19780142764998612,0.1955952810394559,0.19992847923149681,0.18710807303826574,0.19504177602176975
220,0,0.2542443070708677,0.27338343283660116,0.22137085789393773,0.18986432544625834,0.22857905038231827,0.2649169302229282,0.281916816113151,0.25322374031782235
221,0,0.24626861845815226,0.28952512405921743,0.20858308694258085,0.22283906532109252,0.2289163930965267,0.24824945673329668,0.23869498076660112,0.24878588924503164
222,0,0.20723923389106183,0.29085499825104566,0.2109346894184323,0.2211769325367883,0.2079058548616913,0.29045202118046326,0.18615196445641014,0.2640805696166471
223,1,0.9248243302205856,0.9282769376731306,0.9474451247069484,0.9708375340997986,0.991568647633862,0.9747949161754584,0.9821066804962196,0.9501723261851791
224,1,0.2506249185947843,0.25070894971535246,0.2631638621545562,0.20348418164077528,0.2172605487617063,0.28374444434150997,0.23133715424630794,0.26587241873713957
225,1,0.9237323578334641,0.9287124033868165,0.946287243877516,0.9706013976382756,0.991705185472575,0.9778795863039963,0.9518982515190978,0.9509597445227763
226,0,0.24447551054030892,0.1888520023678919,0.2327908188744291,0.22088908102102367,0.23037078069158823,0.201840976797082,0.33905193365578157,0.20782793267980101
227,0,0.18018304318027312,0.17802734654121302,0.19994396202942957,0.240001110877988,0.26238696873164535,0.16145151366503835,0.28995481881493695,0.17980760741189364
228,0,0.16108434229161495,0.17813996148034694,0.16657099475461037,0.18609990814845503,0.2134549603493466,0.17367784542973255,0.2222214765088205,0.17279626722156327
229,0,0.1848156751405653,0.21736671510825537,0.17839893519634076,0.22817434838620373,0.19636429142090317,0.21737480191447692,0.17251371970377416,0.20438015073969099
230,0,0.17863076528626728,0.22606958225914142,0.23922709713490709,0.22453543093374542,0.25928260336939224,0.2107098429452485,0.22236180976567735,0.22533550744643235
231,0,0.152777637436952,0.1453533282078615,0.18708056173978913,0.18709316898587333,0.20365331407204948,0.14796974618992553,0.21154685613792792,0.16013454537919206
232,0,0.18013995341203845,0.19530684890076055,0.18181067050620178,0.1758984072367724,0.19352003046168478,0.1994949739811932,0.1023099801393394,0.1922041644627185
233,0,0.16717553888364042,0.15540618795850794,0.17120700833634508,0.18524245354837485,0.18964760124867153,0.15091318423180106,0.11417289516385754,0.15917546017555137
234,1,0.18409463524214553,0.194266103658402,0.18792102469188401,0.19758225586789815,0.20511541768696448,0.2019705177900086,0.20810309125061097,0.1947192153800982
235,0,0.22290694777243747,0.26207376834208396,0.2713279074781481,0.24076762670989815,0.23756762826000707,0.27985034132189285,0.30981686958823723,0.2710840057140416
236,0,0.86880474091552,0.8240043172604681,0.9234717968741902,0.9041879579711125,0.8754463861469879,0.6883638312937382,0.8630221848149321,0.8119466484761322
237,1,0.21342415336330778,0.18910925415408517,0.2780706052805707,0.2923605922850084,0.301289933446889,0.21805158802444746,0.3577544546231657,0.22841048248636778
238,1,0.17489019531644745,0.18071553644330654,0.2024186618001432,0.20014941167900738,0.21545886923819133,0.19212690851035577,0.1699986055970177,0.1917537022512685
239,0,0.28922537090310735,0.23497745059962205,0.2322625140380321,0.23888492676881365,0.2058824264412681,0.23358720222396387,0.24936954986282367,0.23360905562053935
240,0,0.15355243392803222,0.15247336199515715,0.16639434439067916,0.1913891576794228,0.1890681212046528,0.13907547321515498,0.12058939528507577,0.15264772653366376
241,0,0.2691830291563242,0.3247093051249495,0.256728986787161,0.24151506301418504,0.24147484219260731,0.29487933609511247,0.27379060955569956,0.2921058760024076
242,0,0.2929650589350464,0.27919782430403,0.23986943038429945,0.23949337192208597,0.23846456725233137,0.3181351597046642,0.42744498275898973,0.27906747146433125
243,0,0.22893818901611027,0.20904769737067055,0.22101203079056306,0.2173105593704078,0.2258790865210476,0.22877716899502035,0.2376016646035087,0.21961229905208465
244,0,0.6462365535201162,0.6736550151378223,0.5464039777168028,0.3992676194345431,0.3852751450202198,0.5009590955203223,0.37416044819512345,0.5736726961249824
245,0,0.28522372688628156,0.25458377155513756,0.2877987017652877,0.2597701991086358,0.26131585966629517,0.2927642829781509,0.3246360271303952,0.2783822520995254
246,0,0.19516039208231914,0.18077140756780943,0.20203314070161268,0.19528033895505278,0.22319407302552596,0.2045151909436648,0.22996797381871115,0.1957732464043623
247,0,0.1558191110606212,0.17847928232626878,0.18155165317654612,0.18492296091742388,0.19570462878509445,0.1773965074167172,0.16064844301636957,0.17914248097317734
248,1,0.24183211511735733,0.21776726335974897,0.21174336788038184,0.20916414120406415,0.2113538118763544,0.21960619145765706,0.2361579547923579,0.21637227423259595
249,0,0.25655868964197265,0.19128910936964183,0.2482962169717713,0.24952676334599477,0.2418222800352705,0.23777537674838942,0.4078566501046055,0.22578690102993418
250,0,0.26925675743404376,0.2949469348167218,0.2492140573971137,0.2068826333883856,0.22000429840654023,0.2785893266281591,0.16859067896161148,0.2742501062806649
251,0,0.16637147881745107,0.16198411673523547,0.18324728415546984,0.19191351704107898,0.19731542932096965,0.1920539163837445,0.15158303306049362,0.17909510575814994
252,1,0.7863876348118436,0.8044151224060023,0.8011650765307655,0.7895828519121771,0.5032510863924032,0.6787004332382448,0.595742736270542,0.7614268773916709
253,0,0.2881586576692622,0.272568006063108,0.2267665067215723,0.2262461830096546,0.24431526419726357,0.3175348072471839,0.3095730546043456,0.2722897733439547
254,1,0.515716236058777,0.3011430206235863,0.5999948045659895,0.4188536850280585,0.4568283110659252,0.3559315361774417,0.331047424681315,0.4190231204556725
255,1,0.3412842316311604,0.33799971968906073,0.35026189460213253,0.27105109808362754,0.24827558856153198,0.29141453891916996,0.3185022809781269,0.32655871773678774
256,1,0.2454865457455854,0.308642451497355,0.27433106645990785,0.25306452671986235,0.2456004113709179,0.26414648686311654,0.29460048693132707,0.28237333494012645
257,0,0.28992904545623427,0.28751527776435015,0.28904425216915003,0.2596655910954443,0.25118361933186883,0.2761198809588316,0.3114249252822165,0.2842264702974439
258,1,0.9158345556981172,0.9216573262140796,0.9373473044970115,0.9674671235685371,0.9901770744821506,0.9672214736398556,0.9716728675175137,0.9420753681169822
259,0,0.35246918215338474,0.3078827480291631,0.27920593007753647,0.251788336913417,0.23438818803540232,0.28567816629352033,0.32165944960112586,0.29092228146674
260,0,0.3383719723190754,0.30280549769461046,0.3385709639495093,0.26289200093407145,0.24618212724750954,0.30867849060815494,0.28068410447760556,0.31668498408409157
261,0,0.2525886987327895,0.3108253187226418,0.2322442253491089,0.21516339446311059,0.23845792227924476,0.30260803912748574,0.35958572232328634,0.2818925277330788
262,1,0.29540031600817723,0.38960146405852464,0.22991392691921644,0.22568505904758526,0.23147576312148918,0.3341850528480876,0.2634789072803471,0.31790014794194293
263,0,0.17200994620979446,0.19399398591170258,0.2220904599727698,0.20847799690106628,0.23258803260024094,0.17933158341658292,0.20325556219816376,0.19847200976701843
264,0,0.193244894199088,0.17225948810767602,0.17277592733465305,0.1913342933651058,0.2125170185568166,0.20128470068801937,0.21017916667344896,0.18210670537678283
265,0,0.1680300078159791,0.1866298837411019,0.1811747591162589,0.17774898627856064,0.20301929900633378,0.18394556900631487,0.19454898601715073,0.1839167372878919
266,0,0.1385270482748027,0.1556419073970308,0.16984482431357106,0.21906151433687962,0.18423172108121944,0.16175222667499498,0.0888016885406172,0.16241298612853228
267,0,0.21667104196660558,0.22817636854426782,0.2246642349447944,0.2112223419684809,0.2196193077850951,0.22786898124272317,0.17898513695832874,0.22690319491059516
268,1,0.2532102240188728,0.22863703369462765,0.2928841177012877,0.23686287483503907,0.2103388496036126,0.2380521298740046,0.2653804849796051,0.25319109375664
269,0,0.23962401933590174,0.3212476946671838,0.31424687360120285,0.3085383623358122,0.29981503896314154,0.32354159978771885,0.3155875717775905,0.3196787226853685
270,0,0.3684946037598282,0.30789233124131604,0.2998869430672348,0.22747156716646702,0.21385316314330458,0.2857130211604767,0.2032326075150571,0.2978307651563425
271,1,0.8934676913165663,0.8832200018556678,0.8930763953177072,0.9342664747444299,0.9003855004585327,0.8116699240749902,0.7216065445603447,0.8626554404161216
272,1,0.30196529130848737,0.3336640536052428,0.2400973742445817,0.2122549965935562,0.2572013623288771,0.3154086151224827,0.3689752401672948,0.29639001432410245
273,0,0.20049785091853053,0.1721983107625377,0.19078054452146312,0.20876179192735692,0.19799014046441932,0.16623442119391268,0.13553934268020942,0.17640442549263782
274,1,0.9190632510066966,0.9246943113413395,0.9433553512508123,0.9676202765606922,0.9880223163968301,0.978492283373661,0.973382526063296,0.9488473153219376
275,1,0.30591144369987533,0.2853333576970533,0.30005404639490885,0.2752616683775641,0.22874365299718083,0.34042930086341056,0.19559498713924553,0.3086055683184576
276,1,0.9239355581193381,0.9286756246400443,0.9483802544314629,0.9711811351966041,0.9919425756128489,0.9779858184781332,0.9746469112976425,0.95168056584988
277,0,0.2248867375359058,0.28483611722993946,0.2356305992265215,0.26215934403782004,0.23903967026608322,0.28571905541150777,0.29562336491900226,0.26872859062265625
278,0,0.28189134774670793,0.4004851904900493,0.2845416168497594,0.3120208825700615,0.2520669167893644,0.2990299929324088,0.3087681659035512,0.32801893342407246
279,0,0.2293543435975555,0.19124573681065216,0.16678513525356412,0.19272359479814086,0.1983545919315258,0.18463453119665277,0.23014999711174597,0.18088846775362302
280,1,0.1972233667883728,0.2102827195960436,0.23236297722511254,0.20634913910790856,0.2242983539735308,0.21490784272345012,0.28941116977771614,0.21918451318153542
281,0,0.18875867017209044,0.18412525498719415,0.21766085644474076,0.21721494995514182,0.23958097785785407,0.195192336437548,0.15832046976620318,0.1989928159564943
282,0,0.20956127413335546,0.2162334504452331,0.18796402651707836,0.19129404145839787,0.20769249542667256,0.2593270573648325,0.17035579102050313,0.22117484477571467
283,0,0.34511679033623216,0.2754791411504279,0.23150663191551846,0.2096218042868554,0.21994186554961245,0.316911502716892,0.25052866313577554,0.27463242526094606
284,0,0.2063462285719396,0.17660137493732217,0.19080112078750977,0.20522256869955727,0.2182257830157448,0.2167282898215006,0.2526150651779773,0.19471026184877752
285,0,0.2039103246886416,0.20681746602850704,0.1935719593433202,0.19593644732486284,0.21206431663570888,0.22715271463722764,0.23432079742043366,0.2091807133363516
286,0,0.165358964465368,0.1495050417458581,0.18943463073081654,0.18901199600229465,0.21069111342806535,0.1698523937304485,0.16200736477861086,0.1695973554023744
287,0,0.170689091737553,0.13774579018187316,0.2959786812962192,0.23329494707563306,0.35190414640608886,0.09644494622711564,0.2695596055601422,0.17672313923506933
288,1,0.9177130676068149,0.9275250224167383,0.9304028424906097,0.9600999248190921,0.9826926666633246,0.959876018384008,0.927106080484489,0.9392679610971187
289,0,0.23693053028726405,0.22587071117887594,0.22256399915701228,0.20713015331943263,0.2067877267400262,0.2529041284843102,0.2386008008719682,0.23377961294006613
290,0,0.14184377419107774,0.1202720404547899,0.14408463176532815,0.15716811692185084,0.17721175566409333,0.10956523983956652,0.10655112358358226,0.12464063735322818
291,1,0.9180245750470433,0.9247487371555811,0.9340873648135674,0.9573890505801309,0.9846031705916266,0.9754218712273324,0.9341846779226618,0.9447526577321602
292,0,0.19227723858940646,0.16022463605235635,0.17270615756496024,0.22077518320534376,0.19265448907326466,0.18740446820018167,0.12074176563824934,0.1734450872724994
293,1,0.9227820964262375,0.9279553300642132,0.948285283887777,0.9707693161046054,0.9921890666346803,0.9697859152034706,0.9870973011229384,0.948675509718487
294,0,0.10707812395459214,0.09935409551641221,0.12701861138764645,0.13212100933859525,0.19509479782384406,0.042912923378369404,0.1551707947123423,0.08976187676080936
295,0,0.1970452686428232,0.19003168681514668,0.2125865602753508,0.24213693853115503,0.28816901778601983,0.20821203814028458,0.19730199182664745,0.20361009507692737
296,1,0.9043530153236089,0.899082109039785,0.916437386591454,0.9456384999386064,0.8743725039288108,0.8799421351045441,0.647028561131096,0.898487210245261
297,0,0.25747722484728697,0.19878183269853592,0.2055281516629641,0.20135776765230792,0.20424180795497268,0.21947342453858978,0.16574654921113222,0.20792780296669658
298,0,0.24820641856217562,0.20991752375140968,0.1824344773356511,0.28985439929357265,0.24132749287506897,0.16146580302696104,0.17812994881555388,0.18460593470467393
299,0,0.1868529852894553,0.20470713766246904,0.19890889964583133,0.18703713811426978,0.19394547510838547,0.2130495657036328,0.14051490276223402,0.20555520100397773
300,0,0.2750639201036333,0.22488627109601142,0.22071982036048213,0.1989410651717307,0.220799485385071,0.28069757548088287,0.18340555338846476,0.2421012223124588
301,0,0.28055597003951444,0.23153629104353446,0.33125759892776324,0.3900438600022557,0.28516016136952677,0.29993851193478566,0.29971171400569224,0.28757746730202777
302,0,0.18015121299476589,0.20989863860107227,0.18804056123950375,0.19161459939138523,0.22142900846578287,0.240127123101169,0.17542183850405071,0.212688774313915
303,0,0.30778492616538233,0.2786815344338381,0.26385035580834876,0.22038637067566116,0.2843216148719736,0.2941055163087122,0.3196116740724013,0.27887913551696636
304,0,0.1819057119556673,0.19867976810371568,0.21359957529992488,0.19336511472084073,0.21624097941697004,0.199318240068918,0.2714504394189467,0.2038658611575195
305,1,0.15338330162861538,0.20256774993742835,0.1968847665990032,0.20129692401964094,0.19794561077437947,0.20278674252548803,0.2074166529746393,0.20074641968730653
306,0,0.1654314256514503,0.14596385615087035,0.1594805865695356,0.1899905276599584,0.19164769716390553,0.13998615064087913,0.10600703665017197,0.1484768644537617
307,0,0.23121366722292247,0.23177862103564442,0.24554518931568384,0.21633412248303377,0.23712863378150187,0.2626217430153759,0.20005346352593092,0.24664851778890137
308,0,0.19831796252391895,0.21126348148509955,0.2157508386681716,0.2068395837091773,0.21818214151585547,0.2530995194682279,0.21962014663065962,0.22670461320716637
309,1,0.23958868976203063,0.3557620784866642,0.2479626366600968,0.21655437653991624,0.24416018972127793,0.2963721283216533,0.26802080474467005,0.3000322811561381
310,0,0.19025889596189674,0.1989464580547108,0.19815960184508455,0.20429153125680757,0.21150385002179486,0.1967412122219494,0.20366880910775417,0.19794909070724823
311,1,0.23606484787714363,0.28038858397141325,0.22692117493214478,0.22518021310040107,0.2295377897698343,0.24858766274356023,0.2854272203446611,0.2519658072157061
312,1,0.2676575004408876,0.2638854471789183,0.21181360931578075,0.22918086387879646,0.2952476899573942,0.24365695128546697,0.2843381664213333,0.239785335926722
313,1,0.861267819870556,0.8895386804328279,0.8927266828220201,0.8957820047628976,0.8091284297113912,0.742815109203529,0.7814514134779045,0.841693490819459
314,0,0.1895491360961675,0.1643452371413916,0.16603952561791702,0.19884287932477943,0.19798547400387548,0.19141734603205715,0.16266224989483977,0.1739340362637886
315,1,0.9235866553039221,0.9278249046378845,0.9465546548598059,0.9689632402433365,0.9874071150971012,0.9732073379642497,0.9673223662666871,0.9491956324873133
316,1,0.9170697994700653,0.9266901604991431,0.9418885263915069,0.9662533032641907,0.9921727566370261,0.9672878731537483,0.969733679108807,0.9452888533481327
317,0,0.2420617453022971,0.24103125516983911,0.24575675276314216,0.22208607335346944,0.2401525159673342,0.2262449593539605,0.33338169212015134,0.23767765576231392
318,0,0.17273492655145817,0.1514625883345996,0.22186685133933648,0.2129224365830414,0.20384649027647028,0.16326791305509325,0.18104171716858516,0.17886578424300978
319,0,0.17189323275941282,0.20120180633370158,0.19804993388634431,0.18257117202743767,0.20174406579549894,0.21388000314654212,0.14904245483943293,0.20437724778886268
320,0,0.24052451432459612,0.2095991961726883,0.27102907198168297,0.2509578246698459,0.26665231955085644,0.23232249135818375,0.27812844296806577,0.23765025317085167
321,1,0.33375470689839415,0.4208639408649903,0.31891638438681535,0.24792985944284804,0.24129400514716828,0.3535512456251965,0.27456938152266075,0.3644438569590007
322,0,0.2148613645132926,0.18550538704839392,0.26028174040732627,0.2638568052822961,0.2216625211663427,0.19773118389447666,0.16073659247053348,0.21450610378339896
323,0,0.17437182416023736,0.23111974551948075,0.20586831817571236,0.21094769461735588,0.20508519718731613,0.23936322204978647,0.19197903741639857,0.22545042858165987
324,1,0.1755827933462696,0.19654841967390382,0.1668671672405392,0.19932652953619132,0.19386575787177832,0.20005864272689203,0.1318600397777172,0.18782474321377837
325,0,0.24754526009482516,0.2790509343089965,0.2123544052366629,0.2339739812279682,0.22350756270904523,0.26549377497004073,0.24632241830841348,0.25229970483856673
326,1,0.3726364319451639,0.3415047502126587,0.28937313725350405,0.24002477487711738,0.2372349720192843,0.31615229154329033,0.34724081708090154,0.31567672633648436
327,1,0.9246676076469368,0.9287698429692685,0.9486622908615195,0.9709663823062508,0.9918375941231418,0.9826304313896811,0.9636374310097553,0.9533541884068231
328,1,0.9181164213636196,0.9275232567151573,0.943481989552086,0.9676526438107472,0.990680005688498,0.9785129827731835,0.9668909110796021,0.9498394096801422
329,0,0.22116213465666976,0.23261629150129517,0.20998257478592794,0.2019200521583834,0.2258568273298244,0.25808557583266817,0.2741887461999282,0.2335614807066304
330,0,0.14214869505177424,0.14658947009085668,0.173503423623628,0.1885649945397682,0.19608972379033615,0.15816178379516135,0.11163789909589232,0.15941822583654866
331,1,0.22596953130588035,0.20343372882718644,0.23658694204646988,0.22690647877475323,0.22422797720159238,0.23109846809167015,0.23840322015974502,0.22370637965510884
332,0,0.17339511231139568,0.20334370261482457,0.2110991712798196,0.2072326675868291,0.25567598402378217,0.1850861945591756,0.32142511041005933,0.19984302281793995
333,0,0.1738641066013914,0.16104824565245043,0.18926584851000453,0.2229735015877445,0.24084104474122167,0.19686210152760722,0.357515805473174,0.18239206523002072
334,1,0.9190503071546345,0.92898195126683,0.9389268751748898,0.9639603790599242,0.9856171060094164,0.9690770088538203,0.9384595737298983,0.9456619450985134
335,1,0.9179713785203593,0.9238239882616489,0.9390901546259934,0.9656626910922519,0.9858843680350718,0.9756554832907617,0.9448849497528594,0.9461898753928013
336,1,0.18634833841867127,0.18722805249123653,0.20648164996861937,0.1980304229457566,0.2098796053131929,0.20121004963558367,0.20046860980830114,0.1983065840318132
337,0,0.16745601291072923,0.14753520206682913,0.19990855899603746,0.20244596536535023,0.2358642761925832,0.18622461724155492,0.20130036955283107,0.17788945943480716
338,1,0.17640955429847724,0.2118920476820538,0.16196376661956266,0.18149754048378275,0.19671376846599267,0.2166173017572016,0.18198897887005905,0.196824372019606
339,0,0.15123290357285915,0.18632347175549566,0.16793451967401765,0.19192474501126144,0.20413077523833292,0.16675875930904446,0.19507942900774955,0.17367225024618593
340,0,0.19899524897549456,0.17658208878398032,0.21096273863780415,0.23606369956991824,0.21209070982083675,0.21268865341339604,0.2547421986933429,0.20007782694506016
341,0,0.1882479460923281,0.21895550573374498,0.1855498893349091,0.19498328960230002,0.21693578231578015,0.2273833024104386,0.1787645646959398,0.21062956582636425
342,0,0.1790149727007639,0.17848142392453248,0.2155306452213485,0.2048950335949334,0.2158227322064565,0.2120761625497407,0.18399511473135025,0.2020294105652072
343,0,0.8282606358536101,0.7766595652946386,0.8319795263398148,0.8495223399787807,0.728510732824144,0.6593672893915934,0.6748411048118182,0.7560021270086823
344,0,0.23860700724268838,0.23677558565815246,0.2270426205289616,0.2564697370632834,0.25343239035793425,0.1893341234802937,0.4019295649676857,0.21771744322246925
345,0,0.3084718177586842,0.3359898210390957,0.25544677755885664,0.2839731490433182,0.2366072769323466,0.27723861737114736,0.23576637046470875,0.28955840532303323
346,1,0.16427805127419381,0.18987875272574098,0.17862076200090948,0.18765145127409247,0.21086668788856477,0.15371472205432749,0.19055779432187073,0.17407141226032596
347,0,0.3882087929309192,0.30031682898551254,0.34802020880991785,0.3783659280018196,0.2819527380309233,0.30520565429229385,0.3489306734595685,0.31784756402924136
348,1,0.31130989396310155,0.36149349798206304,0.31410129987346896,0.3163459668021473,0.27779315279847044,0.35118608927723444,0.2985416814572871,0.34226029571092215
349,0,0.22333190212487322,0.20704214185849534,0.24413331517873357,0.22075602834521493,0.23073040817845591,0.2372862020479641,0.3171778575832156,0.22948721969506436
350,0,0.29807313198447855,0.1949198375477206,0.2552318915070369,0.269448579005566,0.22907251030482448,0.22800514975294614,0.29412707751187755,0.2260522929359012
351,0,0.3028917625337612,0.4402159887897466,0.24633448249271642,0.3165717042669425,0.2816587050861412,0.30602178481939624,0.2446833101423478,0.33085741870061974
352,1,0.914018514386057,0.9234803941762229,0.9267049854695625,0.959026663537888,0.9774605046371341,0.9511977452601482,0.9089921195727211,0.9337943749686445
353,1,0.9193975038646883,0.9285434239126164,0.937881662336607,0.9679715136969981,0.9904975968109375,0.9690252919593038,0.983650668007451,0.945150126069509
354,1,0.25268730719292376,0.4081999536320226,0.2855136616596154,0.2562295836066136,0.2273277946857902,0.30942024725755385,0.19236748700779102,0.334377954183064
355,1,0.9164201353386758,0.9216984669941182,0.9388574714409464,0.9669361196270412,0.9878941395325388,0.9725169637957872,0.9898046062655078,0.9443576340769506
356,0,0.28746828723342216,0.24806394155914457,0.3385648776863975,0.2767148838680424,0.2612897527602576,0.22962711955702142,0.25584595296841695,0.2720853129341878
357,0,0.20781476958431186,0.16691686554329896,0.23480752250431888,0.2413032945209055,0.25325060959895795,0.203772113369187,0.2649980223897843,0.20183216713893495
358,0,0.25867135605817,0.2323189045933757,0.32617156961041305,0.2718567718700569,0.30384402336937927,0.24087845760801618,0.47420109484925915,0.266456310603935
359,1,0.16221272824629004,0.18245560723049695,0.179188697883489,0.18324987735354478,0.2199464858091844,0.21303105391266955,0.16563935463849697,0.19155845300888516
360,0,0.4894867388242276,0.4495726395121824,0.4784846437587382,0.39787441608689367,0.26269419927503257,0.41238841212181815,0.3711593465855414,0.4468152317975796
361,0,0.1949226432509612,0.18644817380052467,0.24056795184208715,0.22344497355385404,0.23416534736850692,0.1886018382659521,0.2440026289150471,0.2052059879695213
362,0,0.16492680444896016,0.17486565021317602,0.16624881269441535,0.18005028517776397,0.21402029846700485,0.1849471682735777,0.1899066925496087,0.1753538770603897
363,1,0.2884878892976584,0.28076458141745353,0.30629084762995856,0.24174408104594725,0.2226633313644166,0.24945145541309502,0.21520615036967405,0.2788356281535024
364,1,0.16226977499273137,0.16615397105863186,0.15737140623224674,0.1848777011342276,0.19718362091916855,0.16365840891230368,0.19780994442185593,0.16239459540106074
365,0,0.2138624281805521,0.2464568779009201,0.19766104309159896,0.1988839966331637,0.21716783018286065,0.24880735541964694,0.2784498075680678,0.23097509213738865
366,1,0.917418329093633,0.9276743632996354,0.9416175149248289,0.9579487174088374,0.9900417844271664,0.9705245640990934,0.972791149540989,0.9466054807745192
367,0,0.2777358063719202,0.2564575300413362,0.24833188695833439,0.2536126355673678,0.25335327391472606,0.24893368951787434,0.3239557628578875,0.2512410355058483
368,0,0.21240153950248597,0.19224629162043372,0.17537241035064577,0.19801763461615754,0.21084465111821213,0.2120854498242041,0.23149808076721332,0.19323471726509453
369,1,0.917322684299263,0.927071862223006,0.9390763651774501,0.9667462451522808,0.9905573947485177,0.9712343594406891,0.9463192143954026,0.9457941956137151
370,0,0.13409226979416933,0.10348793629570101,0.14618130565161222,0.2241776161182563,0.23621570314549245,0.06966020582217002,0.1049622656655911,0.10644314925649441
371,0,0.22211042002760326,0.24858479032286832,0.20343105108155102,0.20565601018694943,0.2053070013772942,0.28594028729319126,0.18303712762795996,0.24598537623253688
372,0,0.24901602955217358,0.22067258896776573,0.2509211957470485,0.21795925070409994,0.24656400553946944,0.23672897196257794,0.2689832203266019,0.23610758555913072
373,1,0.9125698742874193,0.9153340596593909,0.935975392975664,0.9598366265431387,0.9593061716944952,0.9065717190209602,0.7570905830111031,0.9192937238853384
374,0,0.2230099512192734,0.21761620549146155,0.1877008563475291,0.1885558443051082,0.20881189241824774,0.25119832534295655,0.19501175534726764,0.21883846239398239
375,1,0.9196975090243976,0.9275548873830487,0.9249854757493029,0.9606672307635765,0.9784694046459467,0.9607414900589291,0.9283980903233632,0.9377606177304268
376,0,0.14680644494682657,0.17643978893283885,0.1782595619339613,0.18951470128675696,0.20706100466311703,0.181602097135824,0.12156896912231407,0.17876714933420804
377,1,0.8614274805008414,0.8814202174642944,0.8838284199477386,0.9040579016361932,0.7334970368346744,0.8295402861180587,0.6808903724133382,0.8649296411766972
378,1,0.9104587637583395,0.9034076091918047,0.9294299686120585,0.9544112866993698,0.9342021541572202,0.8164465227877397,0.9218512838736643,0.8830947001972009
379,1,0.27118236754952824,0.3018099605967308,0.20768548143454524,0.2249073691126344,0.21976938414960143,0.2854171333491839,0.22966917709787982,0.26497085846015334
380,0,0.44815620454889404,0.4260909286863019,0.34935942259090397,0.3018184785341414,0.23573286439360364,0.4378823428970285,0.3410315706255349,0.40444423139141145
381,0,0.31455468153441907,0.4341611609235074,0.31467881999730835,0.2966731893914061,0.24956518008057715,0.3102359006975776,0.2950307569289368,0.3530252938727978
382,0,0.1799937409577946,0.19431203848988132,0.1879680237572816,0.18437016344703913,0.20459034036734836,0.21910473161367852,0.2532562273019703,0.20046159795361382
383,0,0.23454983721284028,0.2903257554264812,0.239589701315152,0.24950317991398752,0.23618801249214105,0.24879508971794606,0.2868341147783408,0.2595701821531931
384,0,0.1564195152205925,0.17628509849039062,0.17379992410972167,0.18725579346294094,0.2100908307194281,0.18209554550722062,0.15057218386861612,0.17739352270244432
385,0,0.1506376510992641,0.15486807604030858,0.1659104568321259,0.18237763390810854,0.18427296839729837,0.1564972013353886,0.10498519873709494,0.1590919114026077
386,0,0.15472815382885008,0.17400887293873457,0.19364592745052475,0.18185667702607777,0.2040364168380703,0.18532788477055293,0.20764888570571868,0.18432756171993744
387,0,0.11696264923068152,0.10563749931233517,0.13396965621305512,0.14717484326143404,0.2093621909551191,0.08379757286958317,0.11553925548849865,0.10780157613165782
388,0,0.30279749539039746,0.26165832131290384,0.24523128173972153,0.2683204443469374,0.24797422555819848,0.2574767988984305,0.2617685155036977,0.254788800650352
389,0,0.18342289494110733,0.17880831942280986,0.1871493543413043,0.19784318967373707,0.21354906374575422,0.19366954861903732,0.15701899728725752,0.18654240746105047
390,1,0.3067944011961809,0.2808451981099749,0.3226654234975124,0.28517725753119577,0.28971027420886436,0.31393174926017603,0.3611815255571324,0.30581412362255445
391,1,0.9174493939862081,0.926392179957415,0.9419432885213624,0.9678786782602075,0.992542898155083,0.9702693105406685,0.9294064818827357,0.946201593006482
392,0,0.22576380394003315,0.2120340557404795,0.1933547481893075,0.19470585891095782,0.20336869010781852,0.22265535788590327,0.25683103923298295,0.2093480539385634
393,0,0.2587756974100713,0.23608896735905702,0.21348033006077602,0.20455195201514528,0.22143778898857688,0.24655582434192355,0.2817802170869947,0.23204170725391884
394,0,0.26000455976245523,0.2575139029078721,0.16607365112423858,0.2158272884892525,0.25364929419693766,0.2509557641831975,0.29019346595241485,0.22484777273843606
395,0,0.2561899630842601,0.29003051442981403,0.29120331729501525,0.28410983917424326,0.2426601112073932,0.2580276231847465,0.22910380358593238,0.27975381830319196
396,0,0.18282418708862114,0.207555755890664,0.18110181430222294,0.18897815610210525,0.23019752988785971,0.19702667859322862,0.2293258583764568,0.1952280829287052
397,1,0.863299302830162,0.858160628515261,0.8401463636352497,0.8895529147749376,0.7611329323878175,0.7334433689821497,0.6560561436542925,0.8105834537108868
398,0,0.19584517870366133,0.1780269732961781,0.18945092633741756,0.2371518937327081,0.19889803580405044,0.19554111594736967,0.19384271855475368,0.18767300519365512
399,0,0.21792946627609858,0.2147796121551991,0.21860155234616907,0.20386405915499453,0.22886343961197272,0.22769886575843282,0.1494429824283908,0.22036001008660033
400,0,0.21546453583446135,0.2260934120804782,0.19757675485904816,0.19709511739706853,0.19622669961084716,0.23589346377331963,0.17567136355419818,0.21985454357094866
401,0,0.2872264314163951,0.2811938272852345,0.25987194684057197,0.22158185066440142,0.23751649196412225,0.3030043573291483,0.36063818544470033,0.28135671048498495
402,0,0.17121245655480213,0.19724713048936174,0.18514727684088206,0.18640538615563274,0.21122217607869928,0.22266337610576126,0.10710953570289593,0.20168592781200168
403,0,0.3179768506388734,0.31602297208996527,0.23890005919556753,0.3051986194280776,0.2592622957651119,0.35482927259664443,0.2850405196408247,0.30325076796072575
404,1,0.1993782265076968,0.21433886324981985,0.1946292525203043,0.1785593736199094,0.20817727080157844,0.25252630080725535,0.272743044930976,0.2204981388591265
405,1,0.2740011292566653,0.23542718245833208,0.24587544044456844,0.271743357047192,0.21264245758463976,0.28539463773656193,0.2474502874315153,0.2555657535464875
406,1,0.26479380928786495,0.2812292526234319,0.22322070005943662,0.22123886618872468,0.23700934087674116,0.2916283514847942,0.29773358864372906,0.26535943472255424
407,0,0.2477877331827548,0.2550666190733171,0.21566205500086166,0.2042724172689612,0.19978550725667396,0.24164897166170318,0.19304428575812563,0.23745921524529398
408,1,0.917935102241807,0.927686681639765,0.9330778820345823,0.9581386665329505,0.9837545654815488,0.9785803848849443,0.9204955863937104,0.9464483161864305
409,1,0.9202657873475658,0.9296773570821389,0.9402913600512317,0.9699052768632775,0.9919048686710162,0.9820010887349288,0.9673881883178067,0.9506566019560997
410,1,0.20093735450990988,0.24445276834001659,0.21278910730993114,0.22084882535030945,0.22093915306680056,0.20894491907230547,0.15777845364399407,0.22206226490741773
411,0,0.15552755214589323,0.1628693747866957,0.1820710712254682,0.20251692965148327,0.21276946691879287,0.16319432922087926,0.1250262489391567,0.1693782584110144
412,0,0.34271808374250395,0.32101929595142004,0.2678752286850029,0.3364262421162782,0.2716378102939021,0.3738113570685216,0.2714422727533491,0.3209019605683148
413,0,0.16215562271831183,0.15752889251046534,0.16405630262702717,0.19834497301145024,0.21260879184001902,0.1563332354534222,0.1647429994124373,0.1593061435303049
414,0,0.2044701065862871,0.19239686362463523,0.19930335476461228,0.1923410385748782,0.2087185049606227,0.2110320399605257,0.15441849877553063,0.20091075278325773
415,1,0.18003386180388592,0.20073752323772312,0.17998416428945296,0.17927322591167216,0.208574181172314,0.18676894712112815,0.13888609665032678,0.18916354488276807
416,1,0.15734099171058957,0.16689995115289225,0.18655068281040268,0.18177358497073057,0.20492089081379664,0.17773866017306342,0.19607794774823298,0.17706309804545275
417,0,0.18146964274192423,0.17310780676024018,0.19789500355183778,0.19264046707454477,0.20255777907160455,0.19156857922648488,0.16795203737230846,0.1875237965128543
418,0,0.21447013129566747,0.20712420108259044,0.21700994951668232,0.2867233585593786,0.23581677236290877,0.25819924708992276,0.21226128081398654,0.22744446589639852
419,0,0.25090308933152594,0.3083067954501147,0.2986633975287442,0.2536183445229507,0.25519850605741307,0.2807231281329961,0.431127610696282,0.29589777370395165
420,0,0.23153068023957715,0.25685303976261475,0.1932631239897311,0.2035324955328989,0.21629924358383248,0.24002522012739594,0.14103589994486168,0.23004712795991392
421,0,0.8779894755801596,0.8756664049375592,0.8211775299816315,0.8984843431495454,0.7567437087157917,0.735931784319173,0.698875680798753,0.8109252397461213
422,0,0.39021655324140725,0.4549520192288419,0.42017467545734527,0.28788214470975476,0.29148516707030653,0.5048704331184681,0.541452358035392,0.4599990426015517
423,0,0.2670956297991787,0.22267234559860957,0.24857977410954538,0.23900150158594424,0.2199225795383243,0.26425459865656215,0.2469948613819509,0.24516890612157238
424,0,0.2106039570679221,0.26466332269068565,0.1922952014398732,0.20611838809567387,0.214035513947079,0.2692484502125499,0.12342469838874344,0.2420689914477029
425,0,0.2760621407501694,0.21286274209936176,0.202006828084912,0.22543533469544788,0.20853267293527944,0.2540022658263512,0.11391685914011081,0.22295727867020831
426,0,0.18505708887221525,0.16214660921480312,0.16099368565230943,0.18707873385716642,0.18832638372938645,0.165269349956663,0.07566277158462259,0.16280321494125852
427,1,0.22131214315315906,0.25097267539603846,0.2331668158953862,0.22458633316063392,0.2269529943289275,0.22755975780671592,0.1937353805328527,0.23723308303271354
428,0,0.2166983959600305,0.2030762942318479,0.1833799245144061,0.1971663918675407,0.20160909827700058,0.22580334419310635,0.1596025422552522,0.20408652097978677
429,0,0.43683548710103226,0.26010700783115165,0.3216138225356569,0.48859892660226684,0.4714771253813536,0.26599573018181377,0.24211271897774736,0.2825721868495408
430,0,0.18097280610110747,0.2040293964676687,0.19366239138367325,0.18827507969149512,0.20115045756526387,0.2170126318984592,0.22221747280105023,0.2049014732499337
431,0,0.2125330918505016,0.20792486340168811,0.22570682597792172,0.19886410520837358,0.22030136611303366,0.2242554939409138,0.2997417478180278,0.2192957277735079
432,1,0.2367354612011817,0.1934968454862743,0.2527977350009145,0.24120245101507456,0.2319318490845871,0.20697328821837022,0.260625300911923,0.21775595623518637
433,0,0.1906492127427176,0.214068749275963,0.20435430269692276,0.20491938191816617,0.22511038167852196,0.2130220536703005,0.1889035353069479,0.21048170188106208
434,0,0.24083747340858408,0.27493345389677876,0.19779759486139195,0.19267957252207848,0.21933443408524234,0.2318028646108489,0.28840703620707775,0.2348446377896732
435,0,0.24318183312934463,0.311391876575224,0.27525893884151115,0.22333774531898487,0.2437791978384651,0.29859415819821544,0.2400001783354915,0.2950816578716502
436,1,0.8395375130860364,0.8661155939133923,0.8244264869369028,0.781903239216438,0.48136895691209824,0.7729001200604749,0.4603427293845897,0.82114740030359
437,1,0.24136087302260636,0.27525931196767206,0.23338943889003239,0.20259044301012566,0.23914100951470343,0.2703629003213272,0.3069253378674675,0.25967055039301057
438,1,0.22000346795735856,0.2402743267200773,0.2098140360520495,0.20591330676287978,0.21059190851312107,0.21464189870766437,0.25278404803438775,0.22157675382659706
439,0,0.49811196324266716,0.4307191615492287,0.34277034118205574,0.3015433836398385,0.24883334719396596,0.39255011299744913,0.20203928103815727,0.38867987190957787
440,0,0.4910266609848987,0.4487100912855399,0.33315070813089004,0.30202565821627814,0.25013704088661376,0.39998018001403923,0.28773591941182275,0.39394699314348974
441,0,0.17011244345250306,0.1878193214042991,0.1547946225204887,0.17498325189500086,0.18915192486592716,0.1800863966941253,0.09564240896342574,0.17423344687297104
442,0,0.2688870318645001,0.23221157549733795,0.2297931940327881,0.2069049738421793,0.21320608513357145,0.20489857052260796,0.16806071267567588,0.22230111335091132
443,0,0.189943110386709,0.16067162992752768,0.21729417293747444,0.21020768446683336,0.21318124900720906,0.196576696251236,0.17032427035638983,0.19151416637207938
444,0,0.2456530764098288,0.28442177914326666,0.23217702822943273,0.21213864397694526,0.2340030529214728,0.2836755167396834,0.21792357807299326,0.266758108037461
445,1,0.197559393244758,0.20217974877714343,0.1812860275697982,0.1759881063556963,0.18236148117088072,0.2016231412422543,0.09447203573044421,0.19502963919639862
446,1,0.9174889945620052,0.9277943446716176,0.94559753052317,0.963799893833977,0.9917932803045787,0.9721553463454672,0.986782583656607,0.9485157405134182
447,1,0.81715376275165,0.8536101903834489,0.8672236379531529,0.9138698747631419,0.8547683743278345,0.764856375829969,0.6257273305784747,0.8285634013888569
448,0,0.17102635403937647,0.18783702318517734,0.21615389534520424,0.20101567664725772,0.20601558405730133,0.2061178880509821,0.29044611748688903,0.20336960219378789
449,0,0.16489356725570273,0.16158089652139573,0.17241438974167334,0.20316617761303535,0.21039088056749233,0.1496650631613846,0.16330097142489422,0.1612201164748179
450,0,0.23745836560971187,0.3052583093557782,0.2801899303805601,0.27910959354159803,0.25952000355988775,0.2987441701093539,0.3403579623696553,0.2947308032818974
451,0,0.1443046345257086,0.11633234176042208,0.15297899145397334,0.16647710872686575,0.22988456878018107,0.072944725584281,0.06647245063315947,0.11408535293289214
452,0,0.10955254370925915,0.09852042971050019,0.11555819968859032,0.16311223020516885,0.21489847664380504,0.044945586844633255,0.07626522533083156,0.08634140541457459
453,0,0.2185497173911901,0.22733201358449992,0.2090104865701281,0.22076434692107938,0.22952076359623508,0.259109562812541,0.34527198292035166,0.23181735432238967
454,1,0.9195396802212473,0.9276233538199931,0.9411583521844115,0.9653291063548659,0.9909187485245194,0.981132884337058,0.9738633338629107,0.9499715301138209
455,1,0.8999619000924676,0.9054063521369372,0.910481303980157,0.945444215013776,0.9176796571181584,0.8649657260919265,0.7344907748142407,0.8936177940696736
456,1,0.20029103401389847,0.2408562397016071,0.1951525963196269,0.19635168331478406,0.20014122100589904,0.21454553744432228,0.1162903316089743,0.21685145782185208
457,0,0.19036587155656295,0.16339680745002258,0.20288930575471245,0.19763909603299745,0.20597207533399411,0.19454568259736219,0.12090621978032125,0.1869439319340324
458,0,0.14938583897642896,0.15475357082266297,0.18273453967828945,0.17988806535230528,0.20419570507495363,0.1804538341226343,0.14625796851494083,0.1726473148745289
459,0,0.19587454525385659,0.2095728836099766,0.22378924607113282,0.24829956550857976,0.22943152530583347,0.23124548049524263,0.2742586281871231,0.22153587005878403
460,1,0.21495636155496936,0.2892398431630127,0.27164762293367983,0.22468305391381907,0.21016688294855337,0.2264322872235193,0.25850099903786566,0.262439917773404
461,0,0.17886267846829237,0.16297312844888737,0.21622079963376953,0.20409939337258023,0.20858815653718324,0.17463821793365994,0.16861922709717933,0.18461071533877227
462,0,0.26492702805403967,0.24980490426385285,0.2318390494604856,0.23714549543597782,0.24114180284490003,0.2664071064299271,0.28738870356796786,0.2493503533847552
463,0,0.39974209334055805,0.5019244782136943,0.473448879208302,0.39497432973764274,0.3759316890700252,0.5056894950222831,0.5848795436985338,0.4936876174814264
464,0,0.1513581585208659,0.1415492636490444,0.1718752433465122,0.21201844880725096,0.22615063221632511,0.15795659797366807,0.15726991358226974,0.15712703498974157
465,0,0.16407083431732813,0.21763774341125064,0.24063481839028608,0.2103985033517973,0.22681851526961416,0.22159678076136283,0.22468167206165615,0.22662311418763317
466,1,0.8461150010039388,0.8586094008778674,0.8937037915817095,0.8873919915721507,0.9274228133790423,0.8303052826545722,0.8577469406307049,0.8608728250380496
467,0,0.2714755085276101,0.23127058451274776,0.24113963242590578,0.2078280450888957,0.2303263331227682,0.26633472358267135,0.3778706531637633,0.2462483135071083
468,0,0.1756957473578874,0.19271773828691874,0.18634710154082265,0.2000171562606814,0.2297793058022947,0.22067283916017857,0.26417466304445325,0.19991255966264
469,1,0.914903861793789,0.9222136094224807,0.9376520240158653,0.9629111718176026,0.9863946828437644,0.9745137154212534,0.9448266660655853,0.9447931162865331
470,0,0.22654237512482026,0.22513999608892435,0.22949554887680165,0.2556827458466718,0.22428508865707023,0.22322745122384058,0.21171014145136016,0.22595433206318885
471,0,0.2653305848065782,0.3222779638125261,0.2732595353090483,0.27562578920045816,0.3013860277473783,0.2789917706207358,0.287999447538183,0.29150975658077005
472,0,0.1650684958469912,0.17446957105330452,0.18935102395355097,0.17958215990746107,0.21147288597550176,0.16123970392331463,0.21556646168388402,0.17502009964339005
473,0,0.23771792564217678,0.23780718739451587,0.2354994715967579,0.2635463422284418,0.22637627535122415,0.2347743888830136,0.16161303201861454,0.2360270159580958
474,0,0.24506357408308496,0.24810311867177579,0.2217106741038528,0.23662609152405448,0.21821167637646974,0.23581466513991237,0.21781816516313376,0.235209485971847
475,1,0.25474094173552503,0.24592819484881756,0.2956011947861224,0.30517524217860226,0.2822285802279796,0.2606518305809676,0.34664832989377287,0.2673937400719692
476,0,0.20657099814181842,0.2068166108116866,0.2245374819058857,0.21431546041299124,0.22670910801409586,0.23232861490085843,0.316057531497155,0.2212275692061436
477,1,0.1973300710421618,0.2271332472895324,0.2183022470183913,0.2056170860413962,0.20184697340861515,0.21461184294015503,0.20981384355741475,0.2200157790826929
478,1,0.1935533466697641,0.23205141939168594,0.27161404159067554,0.28535265334088983,0.271942808276918,0.24026039414533176,0.3275845953485988,0.24797528504256441
479,0,0.23520156898724598,0.2188611598958435,0.25058897056542073,0.21764771860257567,0.2215901763982595,0.23913721636303378,0.17982981133637302,0.236195782274766
480,0,0.19067609492053852,0.17738018034602535,0.20305911072171146,0.21245998158486215,0.19129918171889912,0.18072768163896966,0.14307110905184142,0.18705565756890216
481,0,0.1509301945337192,0.15796852270512632,0.17911995488449195,0.17834117142325437,0.213974227915984,0.16606418751172627,0.2561279358447632,0.1677175550337815
482,0,0.1994495925499938,0.17236610759950974,0.20214474514538538,0.20043610266888726,0.24247951734115328,0.21148254042307976,0.366346743668074,0.19533113105599165
483,1,0.9180726812149897,0.9274248913604853,0.9366034931930466,0.963728226243254,0.9827134099669381,0.9751793661875401,0.9438507524551453,0.9464025835803573
484,0,0.2370070422287979,0.23440835121093428,0.22355512724624416,0.2148859227294937,0.21372250021487946,0.26252519439585936,0.2448359600035576,0.2401628909510126
485,0,0.2090245869692687,0.2291689360198763,0.2345765229323807,0.21646836332328467,0.22252814118214762,0.2284804318660064,0.25689452447036937,0.2307419636060878
486,1,0.27041266125443714,0.2798536547675364,0.2807289043070616,0.27854556172634615,0.23756842513519438,0.28341948770592085,0.23796839109247578,0.28133401559350624
487,0,0.22309728556452757,0.33754804771288444,0.28000615058715717,0.22996925760513298,0.2874088682947164,0.26240288862979333,0.2677775901035609,0.29331902897661166
488,1,0.9185605046043067,0.9275546941529836,0.9452708311022692,0.9670350712577013,0.9918334600822103,0.9727862195358509,0.9798228717910478,0.9485372482637012
489,1,0.2947206370042346,0.27875817708621015,0.27015505359879394,0.2894072640882648,0.2744867185561821,0.255085601306921,0.4163549328288856,0.26799961066397504
490,0,0.19323186018943694,0.1917661774902836,0.1994030591493612,0.2118750361668892,0.2155846573177361,0.1907216637302764,0.24405961848737748,0.1939636334566404
491,0,0.2095714234656824,0.2228219457020301,0.21953421991619995,0.2107866689648246,0.20103562198953104,0.22319995357643485,0.2026533597874266,0.22185203973155496
492,0,0.22457702813973676,0.21920417540545092,0.20119812013404478,0.1902609434305563,0.21024016216897404,0.2188949955400862,0.22568923563950152,0.2130990970265273
493,0,0.33973053882252563,0.3561357121488444,0.3379648851580958,0.2846465737294133,0.2547961740108124,0.3182011958529044,0.36352565435786577,0.3374339310532815
494,0,0.2289843567375209,0.2142339900934851,0.20941896479251162,0.21067700382703317,0.19654536963849498,0.24644854631859195,0.21117200496683752,0.22336716706819623
495,0,0.17170496724759302,0.186776327881399,0.1835553141499787,0.21916037470508373,0.25512116484972436,0.19707249060428578,0.14052603620615267,0.1891347108785545
496,1,0.21215223823785853,0.2752035610190152,0.28248562417344103,0.22392230593168194,0.25039764654290547,0.2674432017940254,0.2698559094274912,0.27504412899549385
497,0,0.2789974325610938,0.266053571896609,0.28024610290196766,0.24015909708804328,0.28912104982520875,0.2501411983444515,0.33770539300672014,0.26548029104767606
498,0,0.2100070846403598,0.22310295338211447,0.23236328933533254,0.21602618369504142,0.24014437660267096,0.2331321282056984,0.3088896512589367,0.22953279030771515
499,0,0.24730617716199965,0.2226000056731228,0.21318784450234443,0.1994213948696748,0.2245836990822855,0.25448668845800015,0.20090032208247535,0.23009151287782245
500,0,0.16531026227692014,0.19135045311064772,0.1840057347822012,0.2104164518950061,0.21680670443920902,0.19047081671557953,0.22466676074315894,0.1886090015361428
501,0,0.17676896245985807,0.1782121875183289,0.20773891249229048,0.1930206279106904,0.2184369859583948,0.20504556993860537,0.26094592277881684,0.1969988899830749
502,0,0.19078647770234602,0.1892793824957922,0.21871671259547312,0.2054258189695856,0.2230419362668742,0.2171977722942645,0.2384948219711018,0.20839795579517661
503,0,0.3016508461476326,0.32571987961409926,0.2730728908284324,0.21990143577561472,0.25254193648741136,0.31012495086637887,0.2922111559403696,0.3029725737696369
504,1,0.9240249685595124,0.9282110844870198,0.9485922309245964,0.9695651797791442,0.9913126037210035,0.9763566858794203,0.9792650227899102,0.9510533337636788
505,0,0.2044631360933056,0.20511556700392253,0.16992828722770428,0.23103802310076527,0.22190470299614865,0.2018966031328269,0.1777178738509225,0.19231348578815122
506,0,0.2311029809153303,0.21453578493901584,0.21722629868877782,0.22562615628016788,0.22450266360686214,0.20301120353087657,0.22129558951584993,0.21159109571955673
507,1,0.22969926322528175,0.20614850823308953,0.1982587096927947,0.19079757852862,0.2101271782050019,0.23656387734897977,0.1521895812035711,0.21365703175828799
508,0,0.2624851095846598,0.22650033598284644,0.2217183928287605,0.2512874908777733,0.23163675734096814,0.2586962381777773,0.26249885699530123,0.23563832232979476
509,0,0.19377250515669786,0.17608552512536343,0.2152654367823835,0.2054864022835163,0.20585084654646701,0.20960737372614235,0.2800407529386215,0.20031944521129644
510,1,0.9188729972456559,0.9274023662950611,0.9457265176865225,0.9666827696785827,0.9926941879405128,0.9785350536413743,0.9711212910625185,0.9505546458743193
511,1,0.549739615547928,0.5764233321156657,0.5277519399542772,0.45437011851988096,0.33673872118645226,0.5165116920950245,0.4169256615344552,0.5402289880549892
512,1,0.9190101244597478,0.9247602052191753,0.9430436208355729,0.9672857599821368,0.9878234672813612,0.9767001873726876,0.9596071597810808,0.948168004475812
513,0,0.13366670900997307,0.11851820687662577,0.13821256287950245,0.17749563334518106,0.18519658887818582,0.09780280116428687,0.17884482396541282,0.1181778569734717
514,0,0.2008548396478825,0.17504094711850504,0.18585240902617095,0.20493017109268097,0.2214900317131986,0.21025086206835072,0.18890982644456544,0.19038140607100892
515,0,0.1665324603886576,0.20074162128794126,0.1636527911149629,0.18571026735990184,0.21716622895724988,0.2194729968852214,0.10925882189435977,0.1946224697627085
516,1,0.23453026677900532,0.39590063439134254,0.22953518925243158,0.21527743448729286,0.19301037756876452,0.2983420189202164,0.1386460715824022,0.3079259475213301
517,0,0.15686757820357008,0.13236399628864134,0.14006623791059733,0.18312314350205863,0.18186003606280596,0.12674415445006795,0.12697410284377555,0.1330581295497689
518,0,0.1888107286480388,0.1902466111981441,0.2620684551967582,0.2271681363443062,0.2997378442501231,0.2082669641460471,0.2698722272865058,0.22019401018031648
519,0,0.17314299559545107,0.2298905353663945,0.2314346475306687,0.2513972784143617,0.27111635015795005,0.20180519033907385,0.2607664417931208,0.221043457745379
520,0,0.1850931287214762,0.19572014016920325,0.16762856987214425,0.17990914527432467,0.2035872574382757,0.21321841599296143,0.15868379336707447,0.1921890420114363
521,0,0.27932973038854253,0.23862172277782243,0.21939584051234076,0.21978563425817166,0.20461210782481354,0.2506630238430568,0.28471382043041954,0.23622686237774002
522,0,0.18700400239883255,0.205102660661182,0.19504140628005903,0.2071321702497876,0.20893184908689275,0.1998987105827962,0.13452394939760337,0.20001425917467908
523,1,0.9199927728393403,0.9294279453614277,0.9397053245759256,0.9697251496556297,0.9916704504026788,0.9771933194348286,0.9875419936250154,0.9487755297907273
524,0,0.3226717164977128,0.3096563425216237,0.2511862301095444,0.25383189054321936,0.2359919768629877,0.26482956257371204,0.21127874336729366,0.2752240450682934
525,0,0.22772156842510305,0.21993005115055175,0.21664703689821566,0.2223607821830017,0.22518613634370468,0.26341463854750263,0.2948637863310053,0.23333057553209002
526,0,0.21225558537468356,0.19360115820220944,0.22930246976683552,0.2350347344544814,0.2560840154855844,0.18032123529550445,0.2643986294674305,0.20107495442151646
527,0,0.21467432031908518,0.22806720037371883,0.21513261706417364,0.19370006519293556,0.21983772998296114,0.24619715232818906,0.1948692716457772,0.22979898992202719
528,0,0.1424227817522333,0.13966915538835792,0.16218562386471222,0.1742575072432101,0.193302816856076,0.12910088515740595,0.12624667068184306,0.14365188813682536
529,0,0.15688182937546372,0.16106105867479106,0.22202820294872275,0.1946069475830656,0.24142320472113168,0.17653684814943113,0.29263159519851917,0.18654203659098165
530,0,0.30171822773063833,0.3049243448662291,0.2143885753793446,0.22337891747214542,0.19743966872501306,0.27312123604885574,0.16690583677563012,0.2641447187648098
531,0,0.27979898630164224,0.22920238404898963,0.20552021486643998,0.20713386633036746,0.21756822831016356,0.23798081610238375,0.19536637159146994,0.22423447167260446
532,0,0.3588491051358593,0.30365704973500135,0.32516407560870614,0.2843990386150412,0.2496302888553575,0.30487832222556027,0.31815384273982533,0.3112331491897559
533,0,0.2230848623993857,0.23944924346025068,0.26872849269066273,0.27986849348882586,0.2938644743054936,0.24039339721546524,0.2793925466823307,0.2495237111221262
534,0,0.14574025750986522,0.15039640306770716,0.18307987358900502,0.1691065928130097,0.19134916874586402,0.15668376598651437,0.17399171588321807,0.16338668088107552
535,0,0.36904638549215174,0.30220021522235346,0.30219791437205,0.2700606888534978,0.2067506041716692,0.33777221255566703,0.28791271716496114,0.31405678071669013
536,0,0.1654976481363438,0.1830999375775985,0.18912775812637148,0.19175995681445865,0.21409183215999641,0.21049373551758233,0.23185510097130094,0.19424047707385075
537,0,0.1594227175886155,0.17666222750835647,0.19025194991774486,0.18994702297072694,0.22505506220583046,0.20999861974135003,0.24910186930683387,0.1923042657224838
538,1,0.9212695729969204,0.9274729809700402,0.9466687172712449,0.9691956471960547,0.9905544093919575,0.9717827826223865,0.9620708494981812,0.9486414936212239
539,0,0.29714793031044284,0.256798390713777,0.2737831199852815,0.30647698108833415,0.2831051841907,0.2880978134459755,0.35606621176026376,0.2728931080483447
540,0,0.25128091315199885,0.20239193906541894,0.24347007560388126,0.24513889864389668,0.24052609247606957,0.22316879517492824,0.308892927299663,0.22301026994807616
541,0,0.27337299463358505,0.23817760112957367,0.2426464692782265,0.22592576194840722,0.21631298778825223,0.2483791127711211,0.2679736805559087,0.2430677277263071
542,0,0.17881819610020364,0.15093993810456438,0.1675361272878717,0.19364927658419132,0.2200681366417486,0.09922510511695766,0.1502959527375175,0.13923372350313123
543,0,0.2570998931716583,0.23244407150232105,0.27937116319940297,0.29743094795418007,0.2953213907331873,0.23210924752912887,0.25829316670059504,0.2479748274102843
544,0,0.17520150098576237,0.1894607442775952,0.18071317313689175,0.1830116750016294,0.19872374029132744,0.21207077837766083,0.107722588975386,0.19408156526404927
545,0,0.24814866635011715,0.18948197592123586,0.21573123669379138,0.2199761781314097,0.24063863175618092,0.1976583219212683,0.21835431146731377,0.20095717817876516
546,0,0.1737792633957321,0.1809116615691632,0.18534916635369836,0.19676375423550593,0.2095612417746833,0.18628459581286846,0.24933706390262933,0.18418180791191
547,1,0.9202228241520777,0.9295491779330053,0.9402733452518479,0.9701582078746713,0.9911646595857239,0.9741920208059865,0.9829778709735484,0.9480048479969466
548,1,0.9190511624550884,0.9247049571292939,0.938743511031368,0.9648524107912165,0.9867688751896747,0.9754916540773501,0.9382747071730867,0.9463133740793372
549,0,0.19435378992915678,0.18270890234650405,0.19554454551381198,0.1907801635902747,0.20564408291792258,0.19198391295624295,0.23850750194640033,0.19007912027218632
550,1,0.7171743594326494,0.7498261099918774,0.580872850875669,0.5235902458135819,0.31978531028391616,0.6432882238365084,0.3668425011144481,0.657995728234685
551,0,0.2890713258044945,0.30098564043215825,0.237952610265146,0.2092381386994416,0.2232339269276071,0.2909979981749174,0.20199413249036322,0.2766454162907405
552,0,0.16839012763569525,0.18389731523569722,0.1666308072418264,0.16945268621635914,0.19103252914447208,0.1988768019136846,0.18577201900378906,0.18313497479706942
553,0,0.39881221507042514,0.3195630219749364,0.3310593762899185,0.27474767401962913,0.2386536999860136,0.33627755617970867,0.3139113373542919,0.3289666514815212
554,0,0.2104093329884992,0.23971144626171856,0.21243884392571355,0.24282488877784938,0.21885841546531082,0.2642204209203231,0.21102658432224639,0.2387902370359184
555,0,0.16799001052968443,0.17987323180619494,0.19509760557579314,0.2341142437597458,0.23129184623716303,0.18414840814793654,0.15882320906054367,0.18637308184330822
556,0,0.17157884289309092,0.18397456482974275,0.22747435138731495,0.24045729217173242,0.1929718022147013,0.18355741387384208,0.15265975610537327,0.19833544336363326
557,0,0.2416147147439527,0.19925540504868344,0.25002987563341456,0.3578421145698121,0.2914688946142568,0.20078042545425986,0.2962209719301931,0.21668856871211928
558,1,0.9187558977409672,0.9244971800109418,0.9412382944912542,0.9665696850181288,0.9871813312657928,0.9728054125095422,0.9782629766509094,0.9461802956705795
559,0,0.19464214564419416,0.1914124091150842,0.1978336607682731,0.19997376410793666,0.2281640620508032,0.20821783390979964,0.1774470164596513,0.19915463459771898
560,1,0.22916548055583685,0.22371589999412436,0.22147451425755485,0.21234854458207228,0.21965477547172826,0.23896273441926638,0.27041422910295565,0.22805104955698186
561,0,0.186341064895191,0.18405706913743067,0.20565353440444087,0.18629625469801595,0.21354287260638935,0.21533952498580003,0.2076044220628712,0.20168337617589052
562,0,0.1965018103317516,0.1901288811987174,0.19758842720581402,0.211535768626511,0.20987063924003882,0.20610806789504763,0.16936343382020877,0.1979417920998597
563,0,0.20395025732575744,0.195671169652177,0.18683614203031862,0.17822937772459346,0.19746249390731355,0.19842848871373286,0.1532511981223291,0.19364526679874283
564,0,0.13138490530434005,0.10440380625516903,0.13443895009336088,0.17735968954786752,0.2512617241903345,0.08782135846701715,0.034387480526926785,0.10888803827184902
565,0,0.17436901299892496,0.1933599429810778,0.22271468355454385,0.2284846923584297,0.2127593234188804,0.17340491018138407,0.18185291173036633,0.19649317890566856
566,1,0.9112056993655094,0.9193832456849446,0.9276457223406164,0.9617909735987343,0.9756179493549317,0.9546103738777368,0.9003409217106255,0.9338797806344327
567,0,0.1719407149368263,0.18247493899113057,0.1851780910142907,0.18768779704737867,0.21427166473911374,0.18718056803173733,0.19380716739726278,0.18494453267905286
568,0,0.22306916268564914,0.20784152737842757,0.21886798777711428,0.21563163235578067,0.25019916496351463,0.2327579065274387,0.2781435530329317,0.21982247389432685
569,0,0.22205569557966953,0.21117339563895476,0.1859174945913408,0.18382264938327278,0.2028825676036952,0.23195889569444536,0.11222158698539247,0.20968326197491363
570,1,0.6149782785592262,0.5418893485314846,0.5720626012182436,0.45283918417124736,0.34675897942162565,0.4382138681681991,0.4303630452124551,0.5173886059726425
571,1,0.8997136784804222,0.9067124704157984,0.9191912853981893,0.9500863081830078,0.9312402612287882,0.8903599744577274,0.7071770982237737,0.9054212434239051
572,0,0.24579607321851762,0.340509280785986,0.27489328947662367,0.22571837441353226,0.24907988390137933,0.32728900554483015,0.3684631057609972,0.31423052526914663
573,0,0.1938432859298924,0.19283660451299567,0.21074219843339512,0.21315977124476013,0.22612666318113275,0.19967145343753553,0.22166578746346458,0.20108341879464212
574,0,0.1997565738865333,0.23173748848059517,0.20795912596315755,0.2143562885492759,0.2052777725878042,0.29838551824175336,0.14220913812769712,0.24602737756183535
575,0,0.2518765111191279,0.29602262959515085,0.32870128864237697,0.3099346399277483,0.22518873614918558,0.2633759051613735,0.3118434873049208,0.2960332744663004
576,0,0.21352595484125106,0.2138158283597876,0.22928976517205357,0.19695084845311883,0.20607986213678756,0.21439210386410743,0.27754947908103755,0.2191658991319829
577,0,0.20915072372638463,0.2362270221478546,0.20373733553216547,0.20650622092993032,0.22686018068550926,0.21399014862264876,0.2923516489548393,0.21798483543422295
578,1,0.2144631923817025,0.19342500576895028,0.19634947334843075,0.2734310245432184,0.21837871260221284,0.20538140499113497,0.23611210474451996,0.1983852947028387
579,1,0.9114242914825962,0.9067828109732127,0.9385774164694999,0.9522017374234221,0.9748500778341583,0.8895649864246252,0.8980759085305806,0.9116417379557792
580,1,0.9166800462869422,0.9271112325123892,0.9445931631155638,0.9659852644719226,0.9918915221847392,0.9715027667383015,0.9658199666085611,0.9477357207887516
581,1,0.26585658015292896,0.2630409750712179,0.21235293412272974,0.21099605955852185,0.22507547433405217,0.24204948583541566,0.22364224980562453,0.23914779834312108
582,1,0.2980395978062182,0.27795161661548723,0.3007926156361789,0.2540308149621356,0.2317439597355805,0.2790779564272284,0.2802903553748339,0.28594072955963146
583,0,0.16891602154945082,0.17835869011866948,0.16387883342016554,0.18129165620226137,0.19173827538710467,0.1956387392216251,0.09334223368115663,0.17929208758682003
584,1,0.16873160956340202,0.16191819987409808,0.18114519231624718,0.20032274679724385,0.19937703216373714,0.17887252049651906,0.280656843320029,0.17397863756228812
585,0,0.20914712071291483,0.17395214015720886,0.211297260567867,0.20293392324189527,0.23180515837808957,0.18363491731354467,0.28391241022626895,0.1896281060128735
586,0,0.1508541480334833,0.14451286536657185,0.1814198495166103,0.18610018935630715,0.19402680282480445,0.1582217308399956,0.15279735196391486,0.16138481524105927
587,1,0.9164460600312391,0.9237531497937193,0.9300464031537882,0.9602735642568453,0.9852412407136554,0.9701896150837528,0.9440198366921129,0.9413297226770867
588,0,0.2821755688547565,0.19138965018308807,0.259904876989078,0.21160011526468567,0.21375158254215867,0.21862976155071676,0.15314014635522474,0.22330809624096093
589,1,0.2039473198545678,0.19600314225140716,0.20631178562825145,0.21284440781681932,0.21659082970974597,0.23292011993720982,0.2564584124181227,0.21174501593895614
590,0,0.1650710529874029,0.17128846948669826,0.18237300335004736,0.19212082586071674,0.2201487593684346,0.1794390120950163,0.20597233752543906,0.17770016164392066
591,1,0.23611291989274708,0.21720279553038455,0.22952879962939596,0.21007554049238186,0.23237539508155333,0.2675398342655197,0.2759941174053964,0.23809047647510007
592,1,0.9160393903179584,0.9228414365092301,0.9242390885103621,0.9473850569494973,0.9690219851824406,0.955892627864667,0.8994114975164028,0.9343243842947531
593,1,0.32855342685702654,0.37643088528512236,0.27097358350594697,0.21100756780219673,0.2391901318410334,0.3185498636370556,0.3371595904770359,0.32198477747604165
594,0,0.2817349207979038,0.291351578891723,0.41805696901592704,0.4476254679355954,0.3799057679536069,0.316557567650645,0.2807172766293504,0.34198870518609836
595,0,0.6252914912838453,0.4761712017414855,0.7877545810991574,0.7677907140204773,0.7130575938997737,0.3581615576479725,0.6101631552071645,0.5406957801628718
596,1,0.12849517019612713,0.1810091097624088,0.16023997958897498,0.19166330525976263,0.20313166200578614,0.13554108887979865,0.07113959563415596,0.15893005941039415
597,0,0.2692335091449054,0.2704977986427583,0.24347404364762046,0.22389611464974277,0.21528959913423826,0.26931501489393556,0.18840702006575008,0.26109561906143813
598,1,0.9193668039934964,0.928768096373413,0.9391317511109981,0.9686894234822021,0.9912181074643446,0.973748511699767,0.9677943268042503,0.9472161197280594
599,1,0.9176606281270788,0.9244715373518552,0.9344556831238462,0.9622217161572202,0.9842474605483674,0.9777284743495143,0.9537076880908723,0.9455518982750718
600,0,0.2455447829820178,0.25285229321434977,0.23350841341956316,0.2315383927716098,0.21181300850470197,0.2585799798546778,0.18853974023935638,0.24831356216286357
601,1,0.8954681290826674,0.8828713633989048,0.8881888851013341,0.9200132861554969,0.7180239582826906,0.7820397768430047,0.5295461082702957,0.8510333417810813
602,0,0.27616556371306644,0.27786782296559676,0.23075516906628682,0.2067502825044194,0.2109542706375156,0.28236136287781605,0.2517550789395442,0.26366145163656657
603,0,0.19262728761683082,0.20697335680782522,0.18043739728322208,0.1878533124037267,0.22618523293969808,0.23218014365272366,0.1658065391610528,0.20653029924792365
604,0,0.23946614016444268,0.20294222115743335,0.20243998345216285,0.19921908167070354,0.21722531775850318,0.2289470036391701,0.19961113496776747,0.21144306941625543
605,0,0.2676662456766416,0.3413723257230313,0.21153662670474413,0.20706450626594167,0.20905629783609458,0.3146926713464992,0.18208726515316276,0.2892005412580915
606,0,0.20060320967279846,0.19003709438897043,0.1836679652862717,0.18775924321213378,0.20694351770476524,0.18980627171841502,0.2040380014938662,0.1878371104645524
607,0,0.34923299264997715,0.2685548548357803,0.2304971280027881,0.2270160629543939,0.23058293117954765,0.2097427946146865,0.18875575857851626,0.2362649258177516
608,0,0.31454114110211623,0.3145094270825984,0.2821310642447093,0.3301208341697574,0.37676187259814925,0.26853379100391955,0.33346113334112876,0.2883914274437424
609,0,0.5888106561012715,0.5578207253154298,0.8662429289293087,0.8161120285806366,0.7980638312722393,0.39242920130335507,0.6201385549284668,0.6054976185160311
610,1,0.9194429731392578,0.9296619878113277,0.9397620350179156,0.9671730587149651,0.9915682853166828,0.9806762656874669,0.9842424682190488,0.9500334295055701
611,0,0.2259240355348746,0.2042393187759158,0.21080250327094244,0.23657470820797113,0.23187198232645553,0.23413568724178058,0.3712979052575851,0.21639250309621294
612,0,0.2981819232432557,0.2504656702558464,0.2638877041412412,0.22829671776805407,0.2294655996986156,0.27936995720754926,0.2911374488596871,0.2645744438682123
613,0,0.31386678762864856,0.3114448271497529,0.2844492886132641,0.23029203455071223,0.21920745218395224,0.2930596794592784,0.24997515321877817,0.29631793174076515
614,1,0.9191561162417304,0.9277600367364639,0.9458070720935368,0.9681780838998426,0.9925450062717909,0.9796131917432387,0.957064748518857,0.9510601001910798
615,0,0.2067919728342553,0.20323121389779697,0.18749364052485076,0.22215530322289564,0.21343831121891077,0.19865073317243823,0.17876390012495738,0.19645852919836196
616,1,0.9190726689686949,0.9245064517316526,0.9434331198670743,0.9654838844604273,0.9870731301152099,0.9786566524561656,0.9437697585551507,0.9488654080182976
617,0,0.25469035282435276,0.32548964859062446,0.25458646019255854,0.23097489658387396,0.2227996495806492,0.3210830132897955,0.2659829911606801,0.30038637402432616
618,0,0.22219005176712425,0.25909129434169953,0.2145468120849885,0.21800320608049037,0.21893807934475887,0.24751333056775715,0.16522048561670719,0.24038381233148173
619,0,0.1861393049986976,0.23056390624706694,0.22906570891713432,0.20967647142962068,0.2198939027645568,0.2275414568327138,0.23933052405033925,0.22905702399897168
620,1,0.9195450983643929,0.9293590598073833,0.9379028376300044,0.9671416332150257,0.9902079443348649,0.9786422950542226,0.9827756128317806,0.9486347308305367
621,0,0.18702315711146722,0.20484006544431413,0.18299047951898148,0.21535914796719155,0.22205143919076728,0.2241760899701232,0.3279367660116041,0.20400221164447294
622,0,0.3107929499125103,0.2739602039002326,0.21668531068933203,0.2086197265320681,0.20939682040646765,0.2571444854598178,0.23498572779454632,0.24926333334979414
623,0,0.19531950966910427,0.19499142423023771,0.19029136263887791,0.19585240346718336,0.1928095929354353,0.19915050048644414,0.19225921540951244,0.1948110957851866
624,0,0.1957416106330261,0.18719412173965091,0.21927624977011695,0.2073472397239883,0.20269483458849646,0.17663854838928847,0.19364188455713394,0.19436963996635212
625,0,0.13041901352091545,0.12435475697099875,0.14214558373752914,0.18213228309117943,0.19314585114958108,0.10752191862304544,0.13479386335246704,0.12467408644385779
626,0,0.15477576515561464,0.17355090004529639,0.17116630768478827,0.18493515591802578,0.21766852600459471,0.2038852092114345,0.1951566857035123,0.1828674723138397
627,0,0.1627658085406769,0.1460525738737755,0.1469820631170972,0.1726679412632264,0.18788554031744928,0.16500635142361725,0.09957857837389672,0.15268032947149665
628,1,0.8953880346332718,0.827380977933561,0.921252669098767,0.9346300241965791,0.9195427159170885,0.7553791790425167,0.8623360508398346,0.8346709420249483
629,1,0.7104785139802856,0.8214816168635103,0.7152864432485875,0.7236661751283534,0.5167258645068241,0.6517009813565017,0.5313095674863113,0.7294896804895332
630,0,0.3044264032155108,0.2325388625899989,0.27362583044238536,0.22223221953295005,0.21091953205542222,0.24688232241976873,0.22065141675010638,0.2510156718173843
631,0,0.26245130636480507,0.28872145046461023,0.2931890535647759,0.2516810936427519,0.22883472289529028,0.24647421413005077,0.20525227666600687,0.276128239386479
632,1,0.2385053400092411,0.2055575253679717,0.2299541186634618,0.2384393161385401,0.23328836221100993,0.24956697225358715,0.24716815962464242,0.22835953876167356
633,0,0.19398439204881399,0.17311346701525956,0.19881895775530023,0.1944197176660257,0.21878256743454186,0.19485215876046225,0.2757661961061026,0.18892819451034068
634,0,0.21964534496982088,0.20548340751046137,0.2219396994725545,0.21656196499709987,0.21363354722890085,0.21133068979229394,0.2658661080711528,0.2129179322584366
635,0,0.1848420164967306,0.23549480928902314,0.1777637173410789,0.1972434560910686,0.22329651942105588,0.2040430181763845,0.16078532673346302,0.2057671816021622
636,1,0.17647670498304688,0.2152562237540241,0.16838606593357328,0.18940431827013737,0.2277289728426526,0.23083415618725203,0.22709945119062303,0.20482548195828312
637,0,0.16301635925397326,0.16931784449981999,0.19444578255046494,0.18446877499594405,0.20894555186697927,0.19300345854425108,0.2220059981748256,0.18558902853151202
638,0,0.3289062052228576,0.29471108676002644,0.23352848085187997,0.23113031434795406,0.243318747776331,0.33113910737772584,0.2898429103277147,0.2864595583298774
639,0,0.29395682714804233,0.23164476633059652,0.2418765696712167,0.2701072578687373,0.2352536792080301,0.26895571396487483,0.21938913830877227,0.24749234998889602
640,0,0.22188011884012795,0.21756974334784526,0.22914132617125263,0.2491274644782926,0.23422732593114345,0.22105682209779634,0.17384205082749637,0.2225892972056314
641,0,0.2110049141367248,0.19993725190818132,0.25791969599302905,0.24639356976497329,0.2563302284312898,0.20698051445561794,0.3028384034417167,0.2216124874522761
642,0,0.2826716192639941,0.2618916648735624,0.25071909026609707,0.22052287186519817,0.23961518625266853,0.2564022205347137,0.18131324764404513,0.2563376585581244
643,1,0.2951797553275817,0.2788245175951974,0.34761494901807594,0.3161462998792011,0.24437928549270582,0.26398864398260424,0.20459181523436107,0.29680937019862585
644,0,0.12987818214509775,0.11581492920942699,0.13639242763117343,0.17968032944071918,0.17261612619140468,0.08621406947411785,0.1754532177563497,0.1128071421049061
645,0,0.23989617416030673,0.22158596968397234,0.2272032392511721,0.23250397184802798,0.22588469475235684,0.20504466394297508,0.285263969234771,0.21794462429270653
646,0,0.17833728208972807,0.15300158706673442,0.17461339146922905,0.2142728557168618,0.2183062762440855,0.1576590349106698,0.12964063707572585,0.1617580044822111
647,1,0.2173301144626932,0.21894887226620796,0.22184449095184874,0.21508334051667077,0.19985375332122535,0.20256768320867058,0.252938253335352,0.21445368214224245
648,0,0.16717896302314025,0.18688233079049402,0.1708288825281495,0.1948091922155557,0.20998600065875864,0.19761843130166082,0.21561163623612414,0.18510988154010144
649,1,0.9205052033682986,0.9289315530939407,0.9403068511466716,0.9689809076988144,0.9910013989630739,0.9765777823539251,0.9660998913707358,0.9486053955315125
650,1,0.2121099087211907,0.23602804577441386,0.23529311379607734,0.2764623452442176,0.2884484780463056,0.2470906607514413,0.3025193107997601,0.2394706067739775
651,1,0.1360388766440992,0.14588222988423316,0.16733857972952118,0.17864407207760835,0.2001894034591347,0.14838115420578232,0.13984152967974303,0.1538673212731789
652,0,0.3135574846658051,0.3473155431050303,0.33998422414723434,0.25223290998737546,0.24388954897534146,0.32811035679079276,0.21775321237213063,0.33847004134768577
653,0,0.25653668005448665,0.2808075495961583,0.24764129712913338,0.21808344392590004,0.2508621704931265,0.22319809515249875,0.26091216831245684,0.2505489806259302
654,0,0.17703139881539842,0.1879030636058896,0.21657756845782897,0.1899425235989959,0.21311218118948008,0.17950047830911178,0.26828036827009,0.19466037012427675
655,0,0.16432632870898736,0.1940755860547965,0.17670679467935133,0.19342843517935782,0.22201047836859752,0.23739528943247948,0.19257914419032218,0.20272589005554242
656,0,0.26851493961742307,0.2061735393944365,0.19042164418884933,0.2214637598205499,0.25762646297440267,0.21632960685499913,0.21561352560682182,0.20430826347942832
657,1,0.9184156278308898,0.9223634917632116,0.9323846019868446,0.9606652754207253,0.979429268506983,0.9381504445030965,0.926884364915821,0.9309661794177176
658,0,0.25883406998684344,0.26901378068402226,0.25047945722276826,0.25008728949859654,0.26043307172291436,0.24276172690391573,0.20241902669767356,0.2540849882702354
659,0,0.14026353154247007,0.1836069205536782,0.20931391801062924,0.1891722510822158,0.2232270889798029,0.1653028762242786,0.3275219352529443,0.18607457159619534
660,1,0.2366373895258096,0.2519616333787195,0.19717928888404787,0.1904017968393733,0.2015756160243177,0.2640996543720134,0.20329639227732868,0.23774685887826022
661,0,0.13127991595590585,0.12052731277594063,0.14299814520435608,0.17991029862453112,0.1936824143117871,0.09888004779188904,0.20091108246352493,0.12080183525739525
662,0,0.14134138484551953,0.16165417806331886,0.2010827030068516,0.19827658872154644,0.21416636248737644,0.17268651038475913,0.18615997757898337,0.17847446381830986
663,0,0.2358919352940492,0.1971991375577414,0.1824014543465711,0.1915006314085209,0.1894395519961689,0.1921777758737234,0.18364015741672346,0.1905927892593453
664,1,0.14487594503062465,0.18247289997738256,0.18989308140442138,0.190698869156784,0.23506904595646738,0.1906378342311944,0.20322353777641208,0.18766793853766614
665,1,0.9158997194832276,0.9276179681454897,0.9442014572582277,0.9680975128527876,0.9919605990523848,0.9715021811159064,0.9737254045081339,0.9477738688398746
666,0,0.18319009782685913,0.16755820831147195,0.17605683202637779,0.18738285409654423,0.2008599336882961,0.1630391215076135,0.24811084995977128,0.1688847206151544
667,0,0.17232347175517318,0.14877231497561613,0.17212988050099862,0.1868426417696275,0.19972868040507064,0.17895741900062653,0.11227436569453757,0.16661987149241375
668,0,0.1678653756047899,0.17012728669881474,0.16057749409705183,0.2007278806560678,0.1913828342353651,0.169069390936443,0.104916053964263,0.16659139057743652
669,0,0.29028715800405386,0.30134920278809507,0.22270555654109647,0.20591059836043338,0.2154144225710454,0.30899828249876576,0.24788249651608638,0.2776843472759858
670,1,0.9150101608037321,0.9270857948397664,0.9422745983475772,0.9624657979312857,0.9895840978596732,0.9745077359061803,0.8994073765116125,0.9479560430311746
671,0,0.37664473628032963,0.3876089445323345,0.3739730566516628,0.2705202644910611,0.24336188382405033,0.34077429299338724,0.3471347131036078,0.3674520980591282
672,0,0.30985840289610184,0.28311647525671657,0.2912206896585725,0.28284193926156415,0.2540721487581839,0.28540879183704365,0.2630792565063398,0.2865819855841109
673,1,0.9205203453351128,0.929137619587217,0.9393243945822904,0.970117230090935,0.9914163676866444,0.9787477635718647,0.9625274980809314,0.9490699259137907
674,0,0.20938988644305032,0.20851931993560124,0.2151938580452848,0.23487312897045562,0.237718847615094,0.23896121569760606,0.17627785639489432,0.22089146455949737
675,0,0.30441007139195925,0.28107554819922087,0.2898297216664756,0.30296717483752506,0.2793509257446245,0.2809878224308279,0.33505217039960894,0.28396436409884146
676,1,0.9250489844143633,0.929233683437221,0.9495289196356004,0.9709074838597412,0.9914340011792985,0.9792581896967483,0.9790055025447609,0.9526735975898566
677,0,0.24235802087269512,0.23781438506773633,0.3888945749049884,0.30754796321498823,0.2834358109256074,0.251662483963883,0.29617724163860243,0.2927904813122026
678,1,0.9147126700024254,0.9279718921449321,0.9203011749625047,0.9628365534370836,0.9860393407699712,0.9738293134652919,0.9447975841482391,0.9407007935242429
679,1,0.9204695146943983,0.9253000634765502,0.944949916479887,0.9681101535840249,0.9883377931677936,0.9814290419394213,0.9835621880537474,0.9505596739652861
680,0,0.4309572241611202,0.40378178074180043,0.3234539254665776,0.26687583303262896,0.23072664318806643,0.3275973440408153,0.18737373642954916,0.3516110167497311
681,1,0.34133922700487246,0.4522469875399393,0.3125474430844448,0.3214791018135302,0.40401148910332707,0.4077574373357249,0.24685247297537924,0.3908506226533697
682,0,0.3140739685374685,0.31452899803201917,0.32564756080706936,0.23936120164848554,0.22276348352994957,0.27414493857568645,0.21427777415159302,0.3047738324715917
683,0,0.19856905625974972,0.1714186797597378,0.17975246161180689,0.19748901872218594,0.21409805272952995,0.18688143936571175,0.15008696758629025,0.17935086024575217
684,1,0.9192671380176368,0.9253757843286521,0.9427817309918606,0.9667980964200424,0.9864766024216866,0.9756239147418686,0.9696962589182813,0.9479271433541271
685,0,0.2177424673476355,0.1898670110712677,0.2110494867733177,0.19156765616579174,0.198357722544925,0.19791034826497475,0.13954710684857005,0.1996089487031867
686,0,0.24867675273071776,0.22727508705824925,0.26019298314454664,0.24657782706976103,0.24473618901598004,0.22326973296301775,0.3244655163767385,0.23691260105527123
687,0,0.22626955231879042,0.22295273384195044,0.215602194826179,0.19701521766134444,0.20917420858625432,0.254909064485281,0.14662941973333754,0.23115466438447016
688,1,0.16147910033508908,0.242122202295334,0.16879415214428506,0.1763763008157505,0.18069526157473317,0.20926791906750886,0.1583581434899635,0.20672809116904264
689,0,0.24088820300282954,0.29229745533989654,0.1842236631981922,0.23987595473824155,0.194797266014984,0.3178105189685294,0.1531593237029366,0.26477721250220604
690,0,0.21279937497015822,0.24628040343958932,0.2242246301724661,0.20970100563233998,0.2041918108015763,0.22736992756405736,0.2912885008057276,0.23262498705870427
691,0,0.1774704554041678,0.18073096513746104,0.2074599644029642,0.20387264087069715,0.2294892720411856,0.17444204010974287,0.2697896200509325,0.18754432321672268
692,0,0.20910044768855873,0.2314696965745531,0.18580230981972531,0.1887944684707019,0.19939506923841133,0.2878340041865239,0.20200421601712173,0.23503533686026742
693,0,0.14920403349706032,0.17912309927492412,0.16673611939726177,0.2011246140077402,0.1946384023856592,0.19420322906259138,0.07969151727382069,0.18002081591159244
694,0,0.4781591354245005,0.37687682333655337,0.24510350833963135,0.2531150078555817,0.23971559668818543,0.37242727515734725,0.4002898993215296,0.331469202277844
695,0,0.21173461083308306,0.22340724426237124,0.2113445041255777,0.1873138043028962,0.1948144233377205,0.19938788642064295,0.281695761451254,0.21137987826953064
696,0,0.21383381325976433,0.2159647168173949,0.19334383308911107,0.21475065327225287,0.21865666531086367,0.22340726417109136,0.2651488633716718,0.21090527135919912
697,0,0.22589559893277802,0.2424097297325661,0.2331434848754874,0.19749409191729192,0.2128719754336791,0.25091755443807323,0.20949579471534654,0.24215692301537559
698,1,0.9242509855673395,0.9287007210445575,0.9485636026415407,0.970562022433353,0.9903275469650126,0.9767676747240676,0.9771905857225751,0.9513439994700552
699,0,0.40418319757260673,0.3756660402714294,0.38076739719616287,0.2657969326487295,0.2508273496946632,0.3682057674313821,0.33582927124005457,0.3748797349663248
700,1,0.17946326511276875,0.1825217385619914,0.2032386674657903,0.1928803798429335,0.19150461227140536,0.19339974837561705,0.17165537590621974,0.1930533848011329
701,0,0.21682144356567148,0.23663350727700916,0.2030813469439058,0.19382930612589325,0.20670559447959416,0.2588868447816359,0.1752491429322398,0.2328672330008503
702,1,0.9152848489502912,0.922085678171587,0.9363046980757962,0.966268170990917,0.9900278205678686,0.9697054282032892,0.9862923483328926,0.9426986014835576
703,0,0.14486343673062121,0.1658046893659583,0.17928966906708632,0.2028632788773169,0.22939835361093183,0.171506387253656,0.19563679824326033,0.1722002485622335
704,1,0.9162938053328994,0.9264216399783317,0.9446530045025402,0.9669662602062198,0.9911610416509969,0.9705881324038957,0.9604808190287254,0.9472209256282559
705,1,0.9126330758510278,0.9227373823390348,0.9135984599889245,0.9453530644440097,0.9736703177164617,0.9542714612443536,0.8735714092310337,0.9302024345241042
706,0,0.20889408892841965,0.2162034736363125,0.21316268466119845,0.19298529469639128,0.20746258147583566,0.2226880019596296,0.19271042570379615,0.2173513867523802
707,1,0.19284532951758662,0.2363631714524971,0.2026023170865445,0.20628489214668755,0.2262211956036014,0.24280476831677103,0.3552841812895571,0.22725675228527087
708,1,0.9020340190373332,0.9135920914960686,0.899343841425277,0.9239207985923926,0.7101221331659232,0.9170437631568373,0.6836852492536121,0.909993232026061
709,0,0.22444520375413943,0.274092567486418,0.20537081756633738,0.21428523352088233,0.22227900680085977,0.2657570422014368,0.21952293158439662,0.24840680908473076
710,1,0.9226798333282421,0.9284575970176364,0.9462876933575336,0.9695035258354197,0.991773582582043,0.9786753510083336,0.9826375051067133,0.9511402137945012
711,1,0.289323385432762,0.31624318445700655,0.28694702594931804,0.2426285990590343,0.26039780611910474,0.26851838931149735,0.47090181489945127,0.290569533239274
712,1,0.9204156882797362,0.929002208005496,0.9407283176355992,0.9701444030738884,0.9916438490714174,0.9736881466059475,0.9920780988536698,0.9478062240823476
713,1,0.9177082116154488,0.9233231130914133,0.933272935201245,0.9612069711579173,0.9774211951434143,0.9547372127450142,0.9184784237806228,0.9371110870125575
714,1,0.91552112500167,0.9218444589939057,0.9345100860897929,0.9664907467446433,0.9876857315206321,0.9685908390454564,0.9332117399063841,0.9416484613763849
715,0,0.3314583131540974,0.3691484357791654,0.3254943546995786,0.31978168663649226,0.25351831887052884,0.39184706405074093,0.34652743379336653,0.3621632848431617
716,0,0.1738634044695372,0.17286081169485454,0.1945817509527242,0.18667648216388522,0.22457343719275857,0.18625769241271561,0.27690968441827596,0.1845667516867648
717,0,0.22333921219328223,0.20307465588107965,0.23257218156662804,0.25883710019583767,0.30372818276769936,0.2076294288875744,0.263045408043069,0.21442542211176072
718,0,0.22076477593649435,0.21165957243745193,0.19796383929869119,0.1969411290392483,0.2229199749000519,0.23360972872410893,0.3279370663069481,0.21441104682008402
719,1,0.8693355366888665,0.8737659155457674,0.9036870888889789,0.9010170988088625,0.9201797340097945,0.8024382541261251,0.8082478701066789,0.8599637528536238
720,0,0.31181636595012635,0.31145544521465085,0.3429749582418795,0.34954235463343686,0.3590220140301145,0.30676676421448507,0.3288528821580743,0.3203990558903385
721,0,0.1625096817847041,0.11942799217084753,0.1529190315562533,0.18611061503503323,0.2200313101583684,0.11093140825269658,0.16462166042209805,0.12775947732659915
722,0,0.20170580212111225,0.21646274736666704,0.22058704610444702,0.1988194424922881,0.2264201822153318,0.2290399302192716,0.2526721152399882,0.22202990789679522
723,1,0.18452981297790286,0.192389903645907,0.1946844110615931,0.20674252491526202,0.195916330957962,0.19909350298985426,0.15595751819748102,0.19538927256578478
724,0,0.46649505751631964,0.47661110146382973,0.38015314698987557,0.2890290673609805,0.2561558244649279,0.4195850370629306,0.2551200662435346,0.4254497618388786
725,0,0.293378766323972,0.2635623940895251,0.30527246660433643,0.2751635501398184,0.22499932704725975,0.231775163285182,0.206461938710951,0.26687000799301447
726,0,0.2285345737757234,0.21783125155935348,0.3245767179157714,0.24577705700308047,0.22622165261926416,0.20569100547951902,0.21169615922274146,0.2493663249848813
727,1,0.9134191720106412,0.9235892864949587,0.9137706986279502,0.955393724688423,0.9621703690178101,0.9578365815742403,0.8847331694069936,0.9317321888990499
728,1,0.9177004072375485,0.9269578617976881,0.9377370246583573,0.9635988738961037,0.989488732632435,0.975680101887299,0.9410354064571648,0.9467916627811149
729,1,0.18505930959770667,0.19293317645022864,0.15545716075309182,0.2109392016579601,0.1919193621042219,0.2035425837026323,0.10872670906384495,0.18397764030198427
730,0,0.26697427309500776,0.1964951412579136,0.24332559977933546,0.23425807803880497,0.24050302209933125,0.20919443862316708,0.32586874408006145,0.2163383932201387
731,0,0.14037533683043818,0.16150360825550272,0.15639580373985298,0.17269475055677228,0.19575092586609744,0.16082997201468327,0.1279929691170073,0.15957646133667966
732,0,0.19638347412128718,0.19844865938831766,0.24650883690504444,0.22668612058827475,0.23698547115867427,0.22004840726775532,0.2532195798122908,0.22166863452037247
733,0,0.2803348856983842,0.25590748249954903,0.24102887914958004,0.2009642621256559,0.21730021697365018,0.29349640623628026,0.28834816776518174,0.2634775892951364
734,0,0.2844441739799763,0.2058420600547144,0.20652790284429198,0.2047259118388661,0.18033403290120065,0.25494756282454595,0.13261778328135454,0.2224391752411841
735,1,0.919114673604267,0.9246245361856206,0.943703441096087,0.9670319723641838,0.9877879765277665,0.9745832704567201,0.9841471376310392,0.9476370825794759
736,1,0.5301086711893893,0.41389351466542273,0.39487454958172324,0.35393086328247686,0.2611290760399742,0.39012352268315653,0.25668528684365277,0.3996305289767675
737,1,0.14152870927770217,0.1617040958648175,0.16482787054094009,0.19075752914876978,0.2087767498399442,0.17489487589092353,0.19586119904149615,0.16714228076556037
738,1,0.2409107596158672,0.21864959050704794,0.23950432927460216,0.20898278910171464,0.2120290484877286,0.22125900095518677,0.23894483205175265,0.22647097357894563
739,0,0.23737587657512652,0.22508085348902326,0.22825166156612686,0.22405141449179586,0.279025914174524,0.2293400365445434,0.2767771315527599,0.22755751719989784
740,0,0.2098313045145381,0.2010907616639307,0.19822128201518718,0.1999232278889842,0.2287988703914703,0.1760232809623388,0.3142857332129856,0.1917784415471522
741,1,0.17739986605127542,0.15815192807124964,0.17832002076600303,0.20774554909003243,0.23689869126540974,0.1668991746387896,0.26095457082495466,0.1677903744920141
742,0,0.16525686429549188,0.15029096329014247,0.1868649663108505,0.1915472165474934,0.2226740764814681,0.1573099626282198,0.22847791275997245,0.16482196407640426
743,0,0.255752284293479,0.21875723503052477,0.24874448065839708,0.24365703276817094,0.24690883110166006,0.23035914029938462,0.40965997098327084,0.2326202853294355
744,0,0.2320554879684733,0.2445027083383322,0.22348567400605038,0.22358791768217104,0.20353440076422724,0.26109173542747505,0.26771378443474964,0.24302670592395256
745,0,0.17755677259023006,0.17117272085083302,0.19130600900454,0.20861809460754768,0.2351410074512614,0.18124089228846615,0.28637332917706154,0.1812398740479464
746,0,0.11659369105525356,0.10865566806550675,0.14739443407472275,0.18716117088893766,0.27993824679381135,0.06325189892186632,0.09463677934541441,0.10643400035403194
747,0,0.14480603392798533,0.17129080553524034,0.19361243385110627,0.19691578931497133,0.20539715809905393,0.17722795877829078,0.18028115175584625,0.18071039938821246
748,0,0.2757283704273076,0.23068259082754036,0.23187240656817135,0.21106512055021032,0.2106906344733213,0.2273105676289877,0.205065009424838,0.22995518834156647
749,0,0.31861738597949435,0.25950098548354417,0.28090034830240573,0.3699703345045917,0.3006800916964277,0.32664775456747847,0.32935555496432234,0.2890163627844761
750,0,0.2400988570862798,0.24924298264420286,0.21038769133538096,0.21513589080180393,0.2083967065179766,0.24634417823415666,0.2690628254203335,0.23532495073791349
751,1,0.5103396916497971,0.5127433189372769,0.43254260013675777,0.3755275097670096,0.25532437996329227,0.46762629771025105,0.2160429588494994,0.4709707389280952
752,1,0.2492441196726344,0.2288046117770487,0.23002208618345887,0.21544780102031766,0.22769867977427471,0.24815135923546974,0.3026312780693094,0.2356593523986591
753,0,0.15832191379421257,0.15450054333267316,0.21137304119049208,0.19472166709263472,0.23472486558290603,0.17122288814156525,0.2928081127880273,0.17903215755491017
754,0,0.17228899245565976,0.16208611811363452,0.17700056887436122,0.18837670115121993,0.24105313832884664,0.16519608780455353,0.27105518785810306,0.1680942582641831
755,0,0.2031743541229681,0.1622401659040301,0.18573222294579303,0.20660800507448954,0.1965214538416581,0.1680673556508319,0.10120356817114423,0.172013248166885
756,0,0.22739353293127218,0.20854086689068643,0.2052624890893536,0.19897714420043403,0.21600743371071865,0.22787065445789093,0.23442602940455762,0.21389133681264363
757,0,0.3135954232731513,0.22497345240245378,0.24225448222119061,0.23055316615211477,0.21718810343125652,0.21820048355594665,0.3322086736381576,0.22847613939319703
758,0,0.24844641545786916,0.2580208237048805,0.3045293445600263,0.2660513839054795,0.24931654192242117,0.2511715867739053,0.33589905125043756,0.27124058501293735
759,0,0.3378706857922844,0.3059547554955892,0.32375930069340486,0.24535327769604245,0.2566944908578057,0.30981962081769554,0.4562935371391114,0.3131778923355632
760,1,0.9014658435273749,0.882165593575161,0.9141803686999949,0.9516261146826817,0.9449080840958127,0.816318648969196,0.8333414823462014,0.8708882037481174
761,0,0.2612565295744779,0.23040899058602063,0.1961822441353368,0.18474375361189224,0.21514767618446998,0.2607231413614515,0.28529071671836026,0.229104792027603
762,1,0.9188451431392807,0.9275170544265999,0.934501455831681,0.9630934066835953,0.9832518455614104,0.9743087144815981,0.9585497423989516,0.9454424082466263
763,1,0.2453986429618414,0.2730871968807982,0.27015631824539305,0.22785623625882648,0.23245169775397878,0.268650152795087,0.38998468695600685,0.2706312226404261
764,0,0.40377405072438216,0.35852620476102287,0.3269942007073238,0.3143019378345535,0.2994846342611658,0.3943921605489437,0.4075145448333631,0.3599708553390968
765,0,0.15625212811483893,0.1728891860829571,0.16858605652721947,0.24368852300776553,0.20845462837087506,0.16090395545266042,0.10160212085400268,0.16745973268761236
766,0,0.1935203219286268,0.20098497836845744,0.2162539737537302,0.19755729702039918,0.20624053612341717,0.24235119914561368,0.21947797801224533,0.21986338375593376
767,0,0.2779716769939278,0.2582344454928326,0.3037871166425884,0.2398104714550949,0.24998575880686677,0.26003659167966386,0.29712270473734204,0.2740193846050283
768,0,0.18791917696795454,0.17733422710112948,0.22464547541337324,0.20020908701406448,0.20181592626339553,0.2040599801224242,0.24522367106029086,0.2020132275456423
769,0,0.34008074137856825,0.34045401526725944,0.329993370748251,0.32506492029484163,0.3656273554472113,0.307566451481537,0.35856619953669905,0.32600461249901586
770,0,0.14197070626649846,0.1411084091883581,0.18021986502915985,0.17770479528386784,0.20804480784390386,0.17784642305649093,0.23159001042051897,0.16639156575800296
771,0,0.15657292232677902,0.16886296388024732,0.18776505738648222,0.19535551900387482,0.21631248370995138,0.19859423028314963,0.21192250000183713,0.18507408384995971
772,1,0.8702124418470928,0.885418777987741,0.9105332169987919,0.9352730645249596,0.9147589512875566,0.8262826540299235,0.694039124245109,0.8740782163388188
773,0,0.14443299156107364,0.18141755471760543,0.1568648575589113,0.1869114306286684,0.1910100216012375,0.20381946179132268,0.158803955261651,0.1807006246892798
774,0,0.1611070576375551,0.16884802988597766,0.17698045335144486,0.17985017151497684,0.2012176453799808,0.1705614006652485,0.1312744671786041,0.17212996130089034
775,0,0.25286114333344356,0.23752791877113164,0.259212476097044,0.22621902169906724,0.2922790281862474,0.2615612766446182,0.3270079884848281,0.252767223837598
776,0,0.17455228911176426,0.18492923913470363,0.2004803426516585,0.19252544773343583,0.21760126826713355,0.18945542249981484,0.20999080222040223,0.1916216680953923
777,0,0.20962309951544925,0.22830206338947287,0.2424379420987044,0.22156326586386096,0.22484516637724247,0.23767925909883725,0.21680463627841426,0.23613975486233818
778,0,0.25724176837661555,0.2839617822290992,0.2918892873368451,0.23030323427910962,0.24418044724016127,0.2498021010003362,0.2593135634648249,0.2752177235220935
779,1,0.2625290894584938,0.26321628443699024,0.23818232935396177,0.21747933515239248,0.243757919006648,0.2576737425769397,0.40462842308152797,0.25302411878929726
780,1,0.9191863514586373,0.9277731693864587,0.9384125453686746,0.969357716548506,0.9914758283035928,0.968391364477247,0.984935088775423,0.9448590264107936
781,0,0.1775480257189889,0.18819141719916366,0.17891766245772692,0.18312826074874256,0.2015291646303564,0.1913468437920773,0.17785471709500647,0.18615197448298929
782,0,0.3297807663758005,0.2607533937702857,0.2600420222774846,0.27079604724425405,0.28546643447724784,0.24848633620300653,0.1918367731124452,0.25642725075025896
783,1,0.9079912246172345,0.9091611788210807,0.9214839412816102,0.9489403842245115,0.9075301379063242,0.8729632973042353,0.8001436434323436,0.9012028058023086
784,1,0.13056762164549177,0.14578067569295938,0.17352792063086342,0.180089381506359,0.19682706798512095,0.13881963115971005,0.16947524955243273,0.15270940916117762
785,0,0.22894659383727003,0.2186214249997429,0.214165311403948,0.2238223684201205,0.2243871462200665,0.22898696915582395,0.3024583681629605,0.22059123518650495
786,1,0.2431689583975117,0.25560956337795554,0.1835078684613596,0.24283087679173312,0.24425626166811684,0.26487479998675373,0.11325747244349414,0.23466407727535632
787,0,0.1565141914677176,0.16989815165398023,0.19542339753185667,0.21535355117118482,0.21036849638182872,0.19451481586894212,0.18827878948168641,0.18661212168492636
788,1,0.17526938661683059,0.18500317488632678,0.18300654452092843,0.1827974102786284,0.2077576173130756,0.20520469658749205,0.13783409223997334,0.19107147199824906
789,1,0.1797581568666152,0.18168530627197263,0.17508496933591544,0.1897960691196081,0.20500150327248443,0.1784854648441173,0.15682848228389876,0.17841858015066847
790,0,0.16744366575524272,0.17678531581336263,0.19171548960456763,0.2312617204204198,0.25318994005261314,0.20932020002584126,0.20696779394033651,0.19260700181459053
791,0,0.14637640709058972,0.15272679938352687,0.16091395223734808,0.1843435553745386,0.1866181267952244,0.15414274690649749,0.10608608004756741,0.15592783284245748
792,1,0.18670692489785576,0.182963976552748,0.18867815464778892,0.18910734161465725,0.2057585010712778,0.19839352934656573,0.2718965815944841,0.19001188684903422
793,0,0.2265654187383431,0.2531531886305794,0.24508943477386538,0.21789442368510592,0.2307746693083914,0.2796315697472112,0.3107092532848826,0.25929139771721865
794,0,0.18049174641042454,0.1771319381912789,0.2160575924124826,0.21272768121596353,0.2347899721925318,0.20058021266588624,0.18760932456240262,0.19792324775654924
795,1,0.9241267449731225,0.928190158096618,0.9393965857879678,0.967554888702232,0.9860356307110819,0.97720759063118,0.903986038689561,0.9482647781719219
796,1,0.17294918303212325,0.1591647014343958,0.18115679813651578,0.17934155350855793,0.20201432500469166,0.17307688767974785,0.20592360736033608,0.1711327957502198
797,1,0.9207948650169234,0.9295682802058639,0.9388730647174768,0.9684545797605882,0.9910998165765347,0.9789833490361235,0.9831142436802142,0.9491415646531548
798,0,0.2117733846452703,0.20630070753680876,0.18931714474773018,0.19965152006008888,0.2121137565543981,0.22483517975673903,0.13443739184758904,0.20681767734709267
799,1,0.9157534044262161,0.9208855984652722,0.938248375792583,0.9639668247938529,0.9902867096080904,0.9644640773203107,0.9969228360272412,0.9411993505260553
800,0,0.21259056662525974,0.20223265939787605,0.23346749431952038,0.2301997154820571,0.2271187651553422,0.21875905956801403,0.23688841116146708,0.21815307109513682
801,1,0.24383337007572367,0.251598076181478,0.23402276317271972,0.214333668814355,0.22442660828320593,0.2577208838806732,0.28695681572346093,0.24778057441162363
802,1,0.9240280572052896,0.9282249566476568,0.9475818905616086,0.9706363379677688,0.992167921126018,0.9737859090098725,0.9854875927086025,0.9498642520730459
803,0,0.31739066717882997,0.3203548131328937,0.2550158378849343,0.2226467055333976,0.24567371977480992,0.2785654119812425,0.35384158798022985,0.2846453543330235
804,0,0.14561834770640045,0.13218541092368694,0.17201863401395256,0.17370453377494255,0.2429008985260055,0.11850248925181979,0.21319589147545193,0.14090217806315308
805,0,0.204382338809878,0.19818365707352312,0.19183444200083452,0.19123964522040557,0.20083816077191274,0.20899691065622508,0.14853078222270413,0.19967166991019425
806,0,0.1337368848684927,0.147970800032278,0.14620723069146635,0.18743872308837592,0.19128458617503852,0.16177011775966768,0.0980517193852896,0.15198271616113734
807,1,0.6172577967688458,0.7129432729501016,0.7408260592411163,0.6986134048250904,0.44733856164416874,0.45079613964409065,0.45481133480229713,0.6348551572784361
808,0,0.19038487258064526,0.1896305888528774,0.20220676430765064,0.18137194841724025,0.1999783003265675,0.2263588432507053,0.2155537388415635,0.20606539880374444
809,0,0.27907571832212197,0.20224484483333804,0.2919307853341939,0.27274254622580785,0.2232777472571712,0.21569604433097864,0.2286043188119248,0.23662389149950355
810,0,0.25763526774117756,0.2555881145688208,0.22712666092697786,0.2551918811257735,0.2305881850538644,0.2539812443681317,0.1746216595978308,0.24556533995464344
811,1,0.19854788624591757,0.19988304669696422,0.2702549490335803,0.24736663107638537,0.2386176141277481,0.21573108757597836,0.14869463307859995,0.22862302776884094
812,0,0.17254753717056862,0.20095193140809528,0.16944807680442606,0.17521532888604208,0.1873638858803244,0.2034980350218495,0.12375569236679572,0.1912993477447903
813,1,0.9170541643750384,0.9268029005497169,0.9422671537587918,0.9652440067070152,0.9886112731038557,0.9769896604601374,0.9328536241545285,0.9486865715895486
814,1,0.34230672306044524,0.42930167683969045,0.278236760020988,0.23037870671320557,0.235561273611569,0.3899464742161749,0.38206060311024576,0.3658283036922845
815,0,0.21782163897116288,0.2361637059007723,0.22713696595077346,0.2057707368821636,0.22090259640812163,0.24601047088185837,0.34485423287840494,0.23643704757780137
816,1,0.20055921298594956,0.22930951043310308,0.21809224984384726,0.20519123897935584,0.25063650134609444,0.24467323143818687,0.17172320232867255,0.23069166390504572
817,0,0.18988071993254652,0.18121032268497927,0.2019429142799433,0.18899053095865914,0.21725955616373105,0.20882160283052054,0.33623139083840536,0.19732494659848102
818,0,0.21252929098614817,0.2036548043568617,0.19639400630112278,0.20218717962190155,0.21905117638741203,0.22195434081742782,0.1609890136396028,0.20733438382513744
819,0,0.27953641364685916,0.29678230226261415,0.2784153150799651,0.22158849354638696,0.22429719921586685,0.2869847089699677,0.293232195235576,0.287394108770849
820,0,0.15841115170651307,0.16845275905291254,0.1618425774719152,0.18540983980901746,0.19644279783984184,0.15867949581387616,0.1510321622979082,0.16299161077956795
821,0,0.2750222390723894,0.22989521345626648,0.20619288113468234,0.19763673603157028,0.22604074350986858,0.2716584691659864,0.32480966218897306,0.23591552125231174
822,0,0.3234222734673159,0.3955131650849997,0.4735513382528203,0.3206181568095022,0.3074968137269886,0.3759626861384382,0.3511939631877195,0.4150090631587527
823,0,0.7051403645267565,0.5624887831412889,0.8000112399543687,0.7928082497332697,0.6063448135601616,0.5048179296264962,0.5117011347949298,0.6224393175740514
824,0,0.18968462926299431,0.21062684382015115,0.2023578610164163,0.20315343787115128,0.2052528874932512,0.18963985426260588,0.1447798872371037,0.20087485303305777
825,1,0.8726476765245011,0.8459796687217612,0.7440588113434434,0.6679634543819027,0.45299625133324567,0.726473558386242,0.6370743161309229,0.7721706794838156
826,0,0.4176359550033266,0.30899676225611983,0.3425288913879057,0.3086336304842394,0.23590963905720455,0.33786810707602427,0.20886191594435852,0.3297979202400166
827,0,0.3112651604594529,0.34405413969211823,0.2599830513619367,0.3030449561382849,0.23889195353910495,0.2866921038256891,0.23230926168938393,0.29690976495991467
828,1,0.6939199253852153,0.7769285882937439,0.6901190518979666,0.7370918395979708,0.38100447184348335,0.6615200246781457,0.4120111577435588,0.7095225549566188
829,0,0.20471764072979395,0.20563470316948043,0.2282843844470842,0.2008043987907643,0.23242493825361377,0.21076225972018833,0.3584233077658419,0.21489378244558432
830,0,0.1846027916200925,0.2495453025808484,0.16983639155864882,0.24668952158821855,0.21370216831685318,0.25331318602992975,0.2000000422230789,0.22423162672314234
831,1,0.1381510824921748,0.13026121055471832,0.13582279455977678,0.16944572388673626,0.17257270681965275,0.09756990133582484,0.09027515815754346,0.12121796881677331
832,1,0.34542858486420863,0.37444824936267235,0.3594679390946986,0.26893372398471205,0.23597777417972887,0.2756231341604655,0.32868804856070255,0.3365131075392788
833,1,0.20345747243144063,0.19626540862563843,0.16010826148692706,0.23179750757441786,0.23089224115623283,0.23724978058987264,0.2649414306571747,0.1978744835674794
834,0,0.30358668012991535,0.34157522587147,0.27598880821942845,0.2682178194947235,0.22699106211078035,0.3199854469305455,0.28607076545959315,0.3125164936738147
835,1,0.20042993712330626,0.18137647230159917,0.22303934951883186,0.21544050702536552,0.20375100637291374,0.18532988842253126,0.1884793243116086,0.19658190341432077
836,1,0.16500250676639866,0.172270519297455,0.17626484617871074,0.1911647397783535,0.20961854326707874,0.1938666039448441,0.23947350241953969,0.18080065647366994
837,0,0.19681099434847568,0.2235094448366777,0.23125387585969812,0.20906947205179005,0.23042865364317833,0.22712672598855232,0.28180589651797233,0.22729668222830937
838,0,0.13952329729353632,0.1592208406745634,0.16630665647169715,0.17397867325711106,0.1851749255448896,0.16420227021005665,0.15724773627188132,0.16324325578543908
839,1,0.9195721764030607,0.9251295343522402,0.9444339167672223,0.9681134962679274,0.9884274935759185,0.9788095837987356,0.9820752554790059,0.9494576783060661
840,1,0.913664351614076,0.9215298282391494,0.9352395055376972,0.964217267269456,0.9880624911935554,0.9723187748962081,0.9836646402580477,0.9430293695576849
841,1,0.9179321706977291,0.9286475672570704,0.9414983035494587,0.9594961190445206,0.9823624542884009,0.980256763886004,0.944359246127712,0.9501342115641777
842,0,0.3006558951076564,0.2751679929050441,0.22154139564756514,0.21393240288341028,0.26345003765415564,0.2511123044978778,0.3577314230820911,0.2492738976834957
843,0,0.24533558175887515,0.2664629111403442,0.23745375355167322,0.22635298939615386,0.201000162651773,0.2810748612034464,0.230703377913558,0.26166384196515463
844,0,0.26244527044840876,0.27160187744516695,0.3268591450847315,0.260980563653556,0.279906766103667,0.24871542899996105,0.4637449808304821,0.2823921505099532
845,0,0.1385243997247648,0.13341851086800635,0.16654381904220206,0.1889152727082323,0.20115968934932318,0.12643766782501195,0.15793607408581614,0.1421333325784068
846,0,0.3406942292724547,0.26941393042132794,0.2778349861601353,0.2636388738755498,0.24536187486996786,0.25853403482354104,0.3062177889476607,0.2685943171350014
847,0,0.1986878610638151,0.20124996104502257,0.23048693006521456,0.21764460013206824,0.2316395313784618,0.24412905536913496,0.3586950675547527,0.22528864882645738
848,0,0.17274219124373413,0.21738970031391872,0.25552801891772664,0.25259588246269177,0.2738977118130301,0.2019188297250393,0.41339814019465065,0.2249455163188949
849,0,0.16248174815514413,0.18212778184823034,0.17841441720259502,0.17466714812508563,0.20094310103134264,0.17978364347864983,0.21681584870570778,0.1801086141764917
850,1,0.8957208328292697,0.8962730284385602,0.9005156973405017,0.9332089226193708,0.8988949827152867,0.7858331695145327,0.9076931946181898,0.860873965097865
851,1,0.8602489044815896,0.8370144170392523,0.8649939892618658,0.866251885589628,0.6486680402148899,0.6922785452484282,0.531667268337142,0.7980956505165154
852,0,0.2177182269499662,0.2209314522329717,0.23533763101633587,0.20232135926198455,0.21338466824051372,0.2614661604137227,0.2747292788064352,0.2392450812210101
853,1,0.9243827646049688,0.9292815572481045,0.9450626573108881,0.9688782909935618,0.9866641026510193,0.9814005312884656,0.9589118111270701,0.9519149152824861
854,0,0.20062012807334484,0.2407726411715725,0.1936000067974016,0.19765015010816,0.211313135678341,0.23539730337989928,0.14207959497828815,0.22325665044962448
855,1,0.8475266011060018,0.8234590073407672,0.86483531521136,0.8919929266716607,0.7131991762579241,0.6945132632856952,0.5615828425638777,0.7942691952792741
856,1,0.2429945139139038,0.26465850518453765,0.22161549774712777,0.20873708260773624,0.2596386598174449,0.28414831925517214,0.3135727182378484,0.25680744072894585
857,0,0.25849222265247845,0.26925225190249175,0.2268633163231288,0.2508413091541564,0.22930652307110408,0.29375128214875984,0.27097144319193295,0.2632889501247935
858,0,0.20350278204938754,0.21132091682199716,0.20574836230891794,0.20889744289150822,0.22145233585293936,0.20838685810978053,0.32908220678480865,0.20848537908023188
859,1,0.9016570345074468,0.9097979804302807,0.9295072305439964,0.9529288963538806,0.9419771290162235,0.8668243340670778,0.8438409070637266,0.9020431816804516
860,0,0.21291994364476804,0.24261864092150276,0.21519383451443017,0.21866431379341697,0.22267789228387935,0.21362058432091446,0.2301649041202127,0.22381101991894914
861,0,0.21408088065735034,0.24551167538943278,0.20866240295702818,0.2119520934025394,0.21247854519660106,0.24921620925341056,0.17980936135915704,0.2344634291999572
862,0,0.2889315647777601,0.2962862592759197,0.26435986237807046,0.22397039689409237,0.21273998204457997,0.30606772070431304,0.22480380672690323,0.2889046141194344
863,0,0.19970235123073532,0.22362300959464898,0.20572944816993588,0.20937536956221148,0.21773637587563513,0.2503715145135273,0.22072427227922256,0.22657465742603736
864,1,0.9178431642505148,0.9277225340848525,0.9411687155319032,0.9623656083081458,0.9864645741231975,0.9719587999923521,0.9736877560928332,0.9469500165363692
865,0,0.1163853215202428,0.10182460087254819,0.14827072025865287,0.17126821960183256,0.30466829919250765,0.04808368634968263,0.062033258932277034,0.09939300249362788
866,0,0.2157000307881188,0.18365933900312417,0.2034022125354095,0.20914351937874076,0.22507882801783977,0.22153544463527877,0.2674248688458544,0.20286566539127082
867,0,0.19804042321269621,0.18325459499195074,0.17477217442676363,0.17383271570344463,0.19120159962932604,0.22664728089020358,0.102857338289414,0.19489135010297265
868,0,0.3420211727763342,0.301435626024156,0.31177237712106365,0.32921669032750306,0.27111634497493675,0.31856877261038047,0.25679217795035536,0.31059225858520007
869,0,0.22858015001057494,0.2744939760951901,0.23743090109272577,0.23577525297039736,0.21510006966598239,0.23266907477352428,0.24262894580158245,0.24819798398714674
870,1,0.18996149124153983,0.16677921682797603,0.22018791873052876,0.23933567698395466,0.2783954529881611,0.16628636837969443,0.3031744555083449,0.1844178346460664
871,0,0.1403709821015218,0.14748016331372377,0.16081885493496875,0.18335581140023807,0.17956001411326072,0.14862357814666963,0.10082081387616666,0.15230753213178738
872,1,0.9197185249162579,0.9291392747807447,0.9411718651994718,0.9693282476062278,0.9918526049628785,0.9756417611364395,0.995004237337394,0.9486509670388853
873,0,0.1381030340451844,0.1796992294545204,0.17044365355649638,0.1757130021761283,0.20352329224410828,0.14558633862460954,0.11699683951172407,0.16524307387854212
874,1,0.3312441056925415,0.3346949420156267,0.2569904269092014,0.23275042619573152,0.223457436870242,0.29445766459459927,0.29598425989213467,0.29538101117314247
875,0,0.20746233043988946,0.19612349919872218,0.27751596996553834,0.3050348388952117,0.3199195243446098,0.23421236564392264,0.5117225857559383,0.2359506116027277
876,1,0.26555185557123845,0.23605215376039804,0.2060255754642266,0.2011574405044729,0.19360099301926315,0.2485765750844735,0.15098381139632386,0.23021810143636603
877,0,0.45596339691062776,0.39447709944411763,0.4363333931733495,0.3069853935053937,0.24470693648804343,0.3832412516220316,0.35212092358147445,0.40468391474649956
878,1,0.9192653879538307,0.9253566839791111,0.9432854915526674,0.9678260272586332,0.9874034460812746,0.9790588839224013,0.9725756121385364,0.9492336864847265
879,1,0.40318561227482874,0.3679799432022001,0.3763827650615926,0.3037766364175303,0.2551480955453828,0.33966731813756645,0.25675029648696696,0.3613433421337864
880,0,0.25099135310501564,0.2485929988900115,0.210106706801072,0.21721171220088617,0.22378726398815427,0.2643189227265662,0.24651939535683662,0.24100620947254991
881,0,0.23515322018328289,0.25729687177403715,0.2283042605474949,0.2378094018260346,0.2260100664784117,0.25946111728447496,0.17208797121435052,0.24835408320200233
882,1,0.21839251354402814,0.1725999208894727,0.2304227259973335,0.21342775878617437,0.21451424096914198,0.1574100776877303,0.19747820103401378,0.18681090819151216
883,1,0.15697611977188053,0.15854834960407715,0.18262678125682053,0.17522731743543107,0.1940906942890747,0.19261188630524317,0.14649868644930022,0.17792900572204695
884,1,0.9196880769160605,0.928813222046057,0.937241568591201,0.968621730143413,0.9916743260386919,0.9710889663690505,0.9929491134710021,0.9457145856687695
885,0,0.22713592141845843,0.20015254374473343,0.24866031836710714,0.2215547313460939,0.24026417143366044,0.2267773504327424,0.2970260940470697,0.225196737514861
886,0,0.2392546962883304,0.2336569060078474,0.258474964836538,0.21355921123726876,0.22136282412211158,0.24670252896300174,0.2531738258638276,0.24627813326912903
887,0,0.20949822537541252,0.20196062117107247,0.2813985364360201,0.27367781058573726,0.2542140186900358,0.23547494383378131,0.21731330408392838,0.23961136714695797
888,0,0.3348853790764024,0.29420396492073836,0.29388221849981844,0.3328809639903616,0.2612061575303373,0.32918603608638414,0.3212623301893158,0.30575740650231364
889,0,0.16722684092677864,0.1639953047926038,0.1806564968500007,0.2412540577408869,0.20009427941934835,0.20685963163723564,0.1256533670123611,0.1838371444266134
890,1,0.231305223218036,0.24547736656506003,0.2174817999902385,0.21333724004847632,0.21112348260222244,0.2596866502671366,0.19831779226534177,0.2408819389408117
891,0,0.21305574322746834,0.1992900478321262,0.22996459494662916,0.19863290478800452,0.21671885589828102,0.21304049378529824,0.31687379205378224,0.21409837885468452
892,1,0.4815539495150207,0.34519335987994076,0.32474510166819115,0.29778023992928015,0.2282171960947124,0.337096003390456,0.23617681611768168,0.3356781549795293
893,0,0.2616027685632874,0.29414622404227925,0.21868283444348294,0.2274088311166549,0.22424302211869943,0.265983936550554,0.28685326290909274,0.2596043316787721
894,1,0.17942775568153047,0.19664573939454,0.2028675835192226,0.19193837176318454,0.20989427483668033,0.2213319915603783,0.26549432407049434,0.20694843815804698
895,0,0.266528157559389,0.2818482986976907,0.3436996258090776,0.3170723558252518,0.32902077354958303,0.3051100534222384,0.34187376540856357,0.31021932597633556
896,1,0.17591710170599262,0.16347046774186802,0.18766473341582046,0.20721058922655677,0.2080627626467195,0.1970621387737693,0.20892309295585668,0.18273244664381927
897,1,0.3571791062179169,0.3306130169580815,0.31367817368871176,0.4642279620136199,0.4364222710212264,0.349523321928441,0.3558748791679404,0.3312715041917447
898,0,0.19838583019154835,0.16844938115495278,0.19232379850578127,0.20270875604974678,0.21721473670137925,0.17401509961425465,0.2182006127075166,0.1782627597583296
899,1,0.9248908539787766,0.9292966105576679,0.9498251489136944,0.9709790467641181,0.9922879717570096,0.9836895615387907,0.9970147405357171,0.9542704403367176
900,0,0.8699098464698946,0.8446956647697194,0.8848084990444084,0.9097966195017149,0.8649328995821594,0.7318460153502161,0.860556303885665,0.8204500597214479
901,1,0.23895253067543734,0.2878795074382037,0.2610715767628857,0.27976445372478703,0.26162859271463784,0.2399016128048903,0.214713226397603,0.26295089900199325
902,1,0.9189052707294781,0.9243590484776623,0.942256406393866,0.9675940563565316,0.9883501805426776,0.9747960634525041,0.9817840995317622,0.9471371727746775
903,0,0.2051544389196577,0.1759296269964062,0.21428372722818637,0.23387616742556494,0.23215551854236915,0.18484080825224058,0.2908469702514968,0.19168472082561105
904,0,0.23195480293688653,0.3043978566335301,0.19738815907446747,0.22254554677849403,0.19885344148428863,0.2701374185875756,0.1697106109866937,0.2573078114318577
905,1,0.8156711256375555,0.8379850874467741,0.8740705432069853,0.8909116846694237,0.6855535702076384,0.7457062682830239,0.70292739690513,0.8192539663122611
906,0,0.2689513569672795,0.259798986114173,0.22891092148901135,0.20383641968954347,0.20528533358738485,0.2691000598431443,0.15870995602083307,0.25260332248210954
907,0,0.20261492384449395,0.2270416732122484,0.19373733400363657,0.21505361661248434,0.22603045716008485,0.2563844481810859,0.3026267648125392,0.2257211517989903
908,0,0.23166927350147662,0.20260582106469086,0.22063707307516367,0.2050460421697676,0.22801822884135045,0.2337724707513401,0.31005760067501814,0.2190051216303982
909,0,0.2709197204726694,0.2599861082476255,0.23347187649781498,0.20813953947348932,0.21343025390604217,0.28260403994277944,0.2552781556319888,0.25868734156274
910,0,0.2048016228645625,0.2590203455486027,0.20558236091629353,0.20834939279097228,0.2105077182332197,0.2575085330172138,0.18677523580706457,0.2407037464940367
911,1,0.15726701910737018,0.18828785760932867,0.20195811795343924,0.18523519409382536,0.1913456937862624,0.20648940235790317,0.17479641353989073,0.1989117926402237
912,0,0.1976472339521028,0.19822592360338565,0.2085002633713303,0.19647472014337364,0.23012654660512424,0.2465734591872113,0.2282798398192567,0.2177665487206424
913,0,0.21566646325806163,0.25066057617712484,0.24033392457853422,0.23157262167247028,0.24142682425880393,0.22547964690050293,0.3435642624773872,0.23882471588538734
914,0,0.17384753535162722,0.1862106913971779,0.18118093287331613,0.1934159921534083,0.2042934121130163,0.1921959721072142,0.1335766763839706,0.18652919879256943
915,0,0.1644152632104098,0.146003047095747,0.1873927899672249,0.242127939335446,0.2658311097396586,0.12214964457871287,0.22660928524743507,0.15184849388056157
916,0,0.23434591580249772,0.23976453897273042,0.27367050070426086,0.2600965581246222,0.26392380649979963,0.2752088716966113,0.3007097175974377,0.26288130379120084
917,1,0.17486134272589182,0.18175189232511504,0.18376470783783008,0.18468335137032532,0.2065610091269999,0.18400135986947364,0.13700115458844353,0.18317265334413957
918,0,0.5766542039254209,0.5206792944799221,0.534152175166487,0.4251579233257204,0.26423997909077457,0.48599544817689755,0.27276305183219796,0.5136089726077689
919,1,0.9179848630341857,0.9248405915755898,0.9385311630995853,0.9604236058005923,0.9837690467987207,0.9764660137716473,0.9824834477215342,0.9466125894822741
920,1,0.9160086545421207,0.9218951987888605,0.9387751658774349,0.9674132149628273,0.9903245242049729,0.9727408911282934,0.986002478689942,0.9444704185981964
921,1,0.20098808699157625,0.25367507341924034,0.2262119302955057,0.23625466043969756,0.2682973430303481,0.2624217809762654,0.27661941090180536,0.2474362615636705
922,0,0.23451258407251374,0.2664314934595227,0.2547815755753198,0.22663345811264138,0.23848291797339274,0.26772960599625334,0.35275333612491516,0.2629808916770319
923,0,0.13473986195826934,0.1424655047311447,0.1421823918056722,0.17268453082969662,0.20017221921661585,0.12934481015449173,0.11521528153437821,0.13799756889710288
924,0,0.12983996649204047,0.10362823371711342,0.16153104408567456,0.16783878491566606,0.252899317700888,0.0888941340490258,0.1345462430791612,0.11801780395060459
925,0,0.27031694893485375,0.30523855514176684,0.24887478485351458,0.2927875320488149,0.24653496899051355,0.2933946055111772,0.4154730962914825,0.2825026485021529
926,0,0.3102169521857508,0.33232605048034863,0.19000437718383104,0.21108639406297983,0.22204154375670795,0.32161418775053047,0.2487980713833304,0.2813148718049034
927,0,0.21732050515616483,0.21223915581953837,0.24430616872252944,0.20641514085022417,0.2234627761330559,0.22053349024437252,0.290453425720351,0.22569293826214676
928,0,0.28039746142332805,0.30847719801410944,0.20397786104921212,0.21216208199474398,0.22365286858543643,0.319545818337066,0.12872558521865357,0.27733362580012916
929,0,0.4563278760517277,0.5851590019814731,0.6416922903601625,0.5209177135149203,0.32966238624777855,0.4502912321980208,0.39728264654939327,0.5590475081798855
930,1,0.9175885699667136,0.9288793380317893,0.9374996634284876,0.9669187889829792,0.9914446408027171,0.9742721817306249,0.9883009151759956,0.9468837277303006
931,1,0.9194962296507407,0.9248377150620081,0.9386520076979696,0.9671922004732707,0.9834278018750799,0.9777936268076739,0.9315206388633918,0.9470944498558839
932,1,0.2615539280629137,0.23275075472955123,0.24887468048207972,0.21278339386771308,0.23677274750523702,0.24400294396526187,0.3439855201183659,0.2418761263922976
933,0,0.20848904485679862,0.2400470229938075,0.2397114023106868,0.21993268482020642,0.213129583015392,0.23464722558253123,0.24841236455054536,0.23813521696234186
934,0,0.3382869338345857,0.3260640899356934,0.28648261361047683,0.2173492392496745,0.21173465955199697,0.33764683882472174,0.26053429515092824,0.31673118079029733
935,0,0.4922249996637585,0.38933288900014623,0.3162507733074144,0.27893384473591415,0.21638535833780628,0.34660554217591316,0.13384671434802525,0.3507297348278246
936,0,0.23058912860272604,0.21860224157423394,0.22680025591885766,0.2160599123360931,0.20659128656448913,0.22552301397812716,0.22148065025321628,0.2236418371570729
937,0,0.3391311539466762,0.31829560740573776,0.29091004254553704,0.26225679893135284,0.2536728647740386,0.33147617170068866,0.422016152632007,0.31356060721732115
938,0,0.20658507590165162,0.1843232101828538,0.19949316236612158,0.20966809668187203,0.23148441806862852,0.20956963240242452,0.23588511309695592,0.19779533498379998
939,0,0.26798891442829187,0.293361996546777,0.22875706819000527,0.22835259177653947,0.24270175707174105,0.23691915233972008,0.3458989195142499,0.2530127390255008
940,0,0.15253307425364884,0.19209407118412938,0.16276818613511368,0.16937522791193385,0.18763790522850754,0.18302366343386903,0.0917447778714275,0.179295306917704
941,0,0.2040852102815697,0.1883181644807196,0.23804234188716258,0.20839414559153832,0.205012747926779,0.19027371945674076,0.18608683178711308,0.20554474194154096
942,1,0.915231810543997,0.9204849078082443,0.9351599554565727,0.9664321617632606,0.9892389695733583,0.9665793688903165,0.9693871073888035,0.9407414107183779
943,0,0.26593618699923716,0.3564265353855145,0.31223002383460075,0.2566389366346304,0.2258779488155376,0.3038521037145457,0.137790460782245,0.32416955431155364
944,1,0.4787437042467506,0.38991745102022285,0.24116245773500086,0.27651815485814946,0.19757101231185734,0.30981601346861537,0.17864272747122154,0.313631974074613
945,0,0.1876237928103065,0.19436812696888117,0.20003068089247136,0.21317194114700466,0.21172939222228562,0.2027081818959883,0.24087690550731225,0.19903566325244695
946,0,0.1623473980301272,0.2132120893545594,0.18283704623164151,0.1882375996906455,0.24031291033657265,0.2411528408502018,0.2394776469736851,0.21240065881213424
947,0,0.39152437338894935,0.3389966050564528,0.2808840590248494,0.2608379012299968,0.23218027260931265,0.3243393632732366,0.24424519140997406,0.3147400091181796
948,1,0.41674516081052654,0.50589874454715,0.3650222622940533,0.3922986340452778,0.29594243641945917,0.4622821941664312,0.3678934691443771,0.4444010670025449
949,0,0.23104969079895035,0.24110522889617106,0.239820133399642,0.22927781468145014,0.2545799001724501,0.2734452494023904,0.24663997487853825,0.2514568705660678
950,1,0.925376192438287,0.9287537903036295,0.9501278192276024,0.9709475572408862,0.98999225052081,0.9810108183011071,0.9801223580291404,0.9532974759441131
951,0,0.19415415193164595,0.2045092788269998,0.18307060065279016,0.21124381062113365,0.20316102243489667,0.23847450933973513,0.19864735541476253,0.20868479627317502
952,0,0.19665342387903273,0.215800597472145,0.19650659925895844,0.202179478859242,0.2119715805790087,0.24434141157968328,0.21266473781684805,0.21888286943692892
953,0,0.3860417240659714,0.3382261236439807,0.301190609542666,0.2611232810563786,0.256111289133522,0.3104543715859673,0.36760725862451543,0.31662370159087133
954,0,0.23059461898337266,0.22633577455969864,0.18073415400656775,0.19357155286387415,0.19538137779169892,0.2377446290595516,0.20780401829562067,0.21493818587527266
955,0,0.18504227579002971,0.21101577238200483,0.21268829815671567,0.2102730360687173,0.238700844829989,0.21874658244482625,0.2588878783559338,0.21415021766118225
956,0,0.19638894324254033,0.22851098538546424,0.22620244235088427,0.1923338433650049,0.23398162882016882,0.21596898894652328,0.3746175801057379,0.22356080556095725
957,0,0.8475513375007244,0.8085112578008853,0.918506625457138,0.9205047773152949,0.9644525660172567,0.6678606708365287,0.8826777629063248,0.7982928513648506
958,0,0.1633098307459745,0.15235677617460433,0.17660488627648266,0.17932312329608655,0.20526219278557742,0.15765290844958774,0.16383031452569077,0.16220485696689158
959,0,0.23716307828412464,0.22241042915439393,0.21045508302789115,0.19029617881561622,0.20371895370225082,0.25521968822599844,0.24901166887995055,0.22936173346942781
960,0,0.21668251648148495,0.19357065870764845,0.18067477731418902,0.18681847307115462,0.2094580263769162,0.23119786278001497,0.17384596979337497,0.20181443293395082
961,1,0.2744413876952483,0.22972836685368084,0.23392408879246449,0.21888856072299104,0.22223503289295213,0.23921140848808234,0.23626821271920875,0.2342879547114092
962,1,0.20633175404221046,0.20486281273283938,0.25695129319353727,0.22610317528862103,0.24389504978652718,0.21492007734218402,0.2832596263982984,0.2255780610895202
963,0,0.19514642663476067,0.22487771082832775,0.1680438772906565,0.17497211094229104,0.19755099993788902,0.1949500643839328,0.17013284080787594,0.19595721750097236
964,0,0.17618061431308973,0.1831319665285045,0.21723353925579847,0.21772418723825301,0.21684708520594795,0.19851842898889785,0.21137362745066146,0.1996279782577336
965,0,0.15339662164864223,0.15625707891418836,0.18736774758804806,0.18950363160279124,0.2123282881898546,0.17490406808557543,0.20029400186317625,0.17284296486260395
966,0,0.19713414997311354,0.17940568886351782,0.19214878228139368,0.18564114250181954,0.20465680067853084,0.21267772210916003,0.18379888912256673,0.19474406441802383
967,1,0.15473796932035763,0.16269868860785605,0.23231821421649013,0.20400000479164201,0.21960644022043538,0.1786536234023218,0.20849516086969874,0.1912235087422227
968,0,0.23938611469980234,0.2483199616185606,0.2162771147749908,0.212448385254411,0.23580777701350333,0.29899052646622454,0.27604149265265876,0.25452920095325865
969,0,0.23566917684187147,0.24789815760575498,0.2491914377617617,0.2367478038164225,0.230376472774376,0.23662289959341995,0.29491210138311025,0.24457083165364554
970,0,0.21071869355475056,0.1988799802494706,0.22640270283695807,0.22901525596042738,0.25328264545287255,0.2243523227136066,0.25863043098710387,0.2165450019333451
971,0,0.35377107958812526,0.3566072266261396,0.26966209563743493,0.23816274041685506,0.2627859975826528,0.3241758369414664,0.30948587944071276,0.31681505306834695
972,1,0.21854855635391868,0.23044358577684085,0.26401430312632884,0.2564420297141858,0.3132354647593117,0.2771993690707416,0.36754995286830816,0.2572190859913038
973,0,0.2035605259816037,0.29720757857802177,0.2092925338439103,0.2134605068041215,0.21155337281556727,0.26200989482801523,0.16401576106742707,0.2561700024166491
974,1,0.9190207865125926,0.9272862127226923,0.9361751032787624,0.9670194915641384,0.9909890877494935,0.9737469872863924,0.9609377467984833,0.9457361010959491
975,0,0.28315052367828847,0.29524346472409335,0.2493310213985206,0.23910596180701646,0.2595413900553951,0.3030272569808927,0.33660534990346513,0.28253391436783554
976,0,0.21905138582598513,0.2344086226508596,0.19656649815050128,0.21492455152126314,0.2402883585746556,0.19197246240090218,0.19936077110629566,0.20764919440075436
977,0,0.18397401170398123,0.17642514682249844,0.23474502698911762,0.21555679226341407,0.23050154084374821,0.17078936436151318,0.30383577832125125,0.19398651272437642
978,0,0.3706976815148635,0.44674297301129684,0.374875044009932,0.31621432130016475,0.2556726820340904,0.37866558643467574,0.33400003771145625,0.4000945344853015
979,1,0.9217561998801654,0.9279409816026712,0.939267618808853,0.9614162102799951,0.9849161797731592,0.9748944341948437,0.9155327548098456,0.9473676782021226
980,0,0.29008241514953176,0.3328831260021087,0.22804626888381677,0.20076152238117373,0.23631483397679812,0.2711608567135871,0.34071925129831754,0.27736341719983754
981,0,0.16297078551800628,0.17195734506153526,0.16465063064677463,0.19381539727780572,0.20263985660760356,0.18505640508076923,0.1246433557193169,0.17388812692969302
982,0,0.24500451832956074,0.2766094892230788,0.24490454616529503,0.24546498202215453,0.2318580421028912,0.2610397728837081,0.33328356664476927,0.2608512694240273
983,0,0.11359888782438926,0.098828512508385,0.12042799714109205,0.14690455213378786,0.23876667541808008,0.03623447323386856,0.037018769316296905,0.0851636609611152
984,0,0.32612497041041943,0.25165882602704176,0.2898368744467549,0.25762640680998034,0.23435568206820515,0.25071871883694435,0.2098001114087763,0.2640714731035803
985,0,0.6007994502660634,0.5466998214580191,0.545162737066035,0.4531234213672551,0.318560584662313,0.3905990121761513,0.3944324000162449,0.4941538569000685
986,1,0.21422804542258844,0.2174281811515759,0.20806071658517258,0.3509081306443728,0.3325639413498594,0.21706674641398474,0.3257593679449043,0.21418521471691107
987,0,0.32506147128156376,0.3349944653488149,0.35270817493537443,0.314956061681911,0.31839150063359184,0.35581038632126977,0.44503392198455977,0.34783767553515305
988,0,0.3010074325961774,0.2427518634275642,0.22311118234742044,0.20528937468770095,0.21852224985071408,0.2682824618351,0.24850303699774548,0.24471516920336156
989,1,0.9252782101866023,0.9284770303137634,0.9450425966459902,0.9688805566589694,0.9840804280936148,0.9827490295600484,0.9595346060028326,0.9520895521732674
990,0,0.19399872747478544,0.18440293807483057,0.20410680990910454,0.19376049569830114,0.21663985324039023,0.18387711098237566,0.22555499172517202,0.19079561965543693
991,0,0.14918859853503563,0.17281235517981067,0.18667749896056227,0.19944779081992237,0.23446119651755395,0.1790331902883994,0.2098678091789389,0.17950768147625742
992,0,0.19103573720834546,0.1961864031941781,0.18692408676701375,0.18802925408252139,0.22492703110046378,0.15592932492112418,0.2427246945650148,0.17967993829410533
993,1,0.9190954263439143,0.9290031568829414,0.9398561146610095,0.9660081505958779,0.990710422498395,0.973340904455248,0.9900631371334998,0.9474000586663996
994,0,0.21829605221784373,0.22910982165576052,0.21053893144018052,0.2018898918553511,0.2003439976716002,0.27485981672102316,0.16934319268901818,0.2381695232723214
995,0,0.23212265411691202,0.21695505075989188,0.27881278827068595,0.30539137626335844,0.28385926925653654,0.23516311275304166,0.2602661315874792,0.24364365059453982
996,0,0.22134565438800813,0.21640979784092493,0.25272032867551136,0.2349994044893212,0.25669148886703724,0.2092393116540079,0.27288878185815674,0.22612314605681472
997,0,0.30150940458192327,0.33190332699423003,0.2703764018768372,0.25495197378833595,0.22458027353216514,0.2866461994491068,0.19589112323403024,0.29630864277339136
998,1,0.907178026705405,0.8998890304996466,0.9165827096834587,0.9313793811674547,0.9711496704578435,0.8818363790208531,0.9361015775869556,0.8994360397346529
999,0,0.19142159864794817,0.19063720114625912,0.20638758464449858,0.20343556716870184,0.23710188791273304,0.21287676727229132,0.2704767916860562,0.203300517687683
1000,0,0.15478754178158358,0.16227130173465906,0.17759519570327978,0.18583537374980108,0.20224719205741382,0.18523132103687093,0.15514658035292508,0.1750326061582699
1001,0,0.28096478840123934,0.26165598650543415,0.24459125488738487,0.21588339398191025,0.22359310716896222,0.26565699065505627,0.25872725567219623,0.2573014106826251
1002,1,0.16944416292107664,0.21865925152048235,0.1906266787754295,0.18113303368026798,0.2044007084244742,0.208342688413081,0.17393933714639884,0.20587620623633096
1003,0,0.2324772784789506,0.22863881754009277,0.22277130442309065,0.2134276393082936,0.2340196119523724,0.22769304707907034,0.22539264491461122,0.2263677230140846
1004,1,0.4958978316313984,0.49007283726302014,0.4843628807272215,0.3291032843401591,0.2787896979905233,0.4311027864885217,0.3147736022325918,0.46851283482625444
1005,0,0.2293275047193105,0.24093746509092137,0.2040933005841469,0.19882516790398638,0.21549744641031457,0.23638052084176753,0.230484972523216,0.22713709550561192
1006,0,0.16916569463835587,0.19018490213842046,0.181068005335811,0.19172903237585126,0.21683695853099014,0.19533302081409698,0.26133301599790265,0.18886197609610947
1007,0,0.21632873791417753,0.16392197338164904,0.15670380588449426,0.2729040846583242,0.27387127481689605,0.1604535179120028,0.19981363642574637,0.1603597657260487
1008,1,0.9036877851525277,0.9023204574795974,0.913309436791379,0.9374342475804256,0.8621568528410016,0.8566661675820416,0.668198372704978,0.890765353951006
1009,1,0.918425550057615,0.9280967337000217,0.9463454914932946,0.9672710366689504,0.9922703475818394,0.9766547264197527,0.9841179929227469,0.9503656505376896
1010,1,0.18671294621066445,0.19187661134612852,0.17583020598151908,0.1959222420850717,0.19321665554642856,0.18425676913339248,0.13588013267727345,0.18398786215368002
1011,0,0.22570754976629534,0.25026891582037997,0.2126242621242851,0.19937371848946836,0.25011879042095203,0.24982572849575457,0.3154289430331701,0.2375729688134732
1012,0,0.8750059184070432,0.8006003776088636,0.8998419354015154,0.9271020431298939,0.9388547108868334,0.7271479222817737,0.8306237508518377,0.8091967450973843
1013,0,0.2816005033140873,0.31747589716594166,0.2572461758266746,0.21158485671576446,0.22939856683482818,0.3139425626769589,0.3301019135237078,0.2962215452231917
1014,0,0.2686437736968659,0.23966304024059015,0.2531890584412271,0.2086275407955235,0.2179613437421325,0.24946178296145827,0.2998884663408355,0.2474379605477585
1015,0,0.7334182403925289,0.6845307654896176,0.49886387078394484,0.49955034185807384,0.2461510836054784,0.6048858166515109,0.23506738004349126,0.5960934843083577
1016,0,0.19527601609208303,0.17694009019405676,0.22127774519644808,0.20477207394350747,0.2091550497517373,0.1845588435760667,0.18492505398237466,0.1942588929888572
1017,0,0.22676078663913188,0.23097154639800466,0.21817712254580635,0.23304397575359606,0.23778897833443746,0.20583403815401427,0.31322540733626214,0.21832756903260842
1018,0,0.22993598738630236,0.2534104346965533,0.22623359877810792,0.20410027138584608,0.22588355601899743,0.27296515815968764,0.22893804730149148,0.25086973054478295
1019,0,0.20666977467505587,0.23218410871993514,0.19083891732063032,0.20428392247829555,0.20829884829394116,0.23824500294188122,0.22108379800056302,0.22042267632748222
1020,1,0.9190377038658496,0.9277279930928173,0.9357404772614887,0.9679954719166259,0.9839491988071541,0.9645900024688139,0.9338214749547348,0.9426861576077066
1021,0,0.16325096532328087,0.14487931967422807,0.1698562843082245,0.19085841337467255,0.19882383330267647,0.1439572060332691,0.1120452347780187,0.15289760333857388
1022,0,0.281950718992965,0.23359279092386478,0.21963267614420365,0.21326800975191096,0.20443273893902503,0.25074845350976754,0.18632124358736815,0.2346579735259453
1023,1,0.20294413195828942,0.24165839287316113,0.2177865524035395,0.21404432770757628,0.21620499837085394,0.24292575290568386,0.2250510650927786,0.23412356606079485
1024,0,0.22897772684468065,0.3120076638204861,0.30619077770423925,0.24564194185959667,0.26587842916568355,0.30683396529658324,0.2726770446836227,0.30834413560710283
1025,0,0.1686160217251885,0.12163233006844654,0.1799717824296406,0.29692050667684944,0.3076642899242294,0.12297032985578711,0.12470178472634286,0.1415248141179581
1026,1,0.17113764362442185,0.20767811156299634,0.205907828333782,0.1904056511962027,0.21182068634454265,0.21743564988206873,0.21097468270808853,0.21034052992628235
1027,0,0.2112005173492101,0.2211764112396267,0.1623009096848837,0.1985060569032705,0.21063706092247472,0.21878118190214482,0.23582047218475335,0.20075283427555177
1028,0,0.22189064265449568,0.17368266960740372,0.20582355713952413,0.20702666283684243,0.2273016542923124,0.2019166785900226,0.2317352792374067,0.19380763511231683
1029,0,0.28362018032113084,0.2115666850289651,0.23239445273859105,0.2277771902163983,0.23621430454550532,0.23652031832737927,0.3731651423954551,0.22682715203164516
1030,0,0.4913882571023784,0.4300162121790905,0.4725801237299148,0.36136727559792803,0.33610128225173924,0.33249119670773924,0.2710993252648964,0.41169584420558153
1031,0,0.21449224113455326,0.20221234210782832,0.23744893942423403,0.2251332001680648,0.23610884873085233,0.24978903113275053,0.3355354470114245,0.229816770888271
1032,1,0.9107361637855832,0.9255389328621538,0.9225283310744178,0.9476687314275206,0.9735698541187908,0.9503471845152384,0.9307729163784826,0.9328048161506034
1033,0,0.18211186167733942,0.18499599832552013,0.18697064594472287,0.18985079072682645,0.2258000369418216,0.19760973599047968,0.2056827687793956,0.1898587934202409
1034,0,0.3632906965337484,0.2759618853518108,0.3309296213726028,0.30685857719736437,0.27705974566978253,0.3080275530274632,0.3772223756360264,0.30497301991729225
1035,0,0.21291096709841661,0.20300820956830323,0.23342536445429485,0.2104347558536631,0.2507384985531835,0.21113176755310906,0.28417960681523097,0.21585511385856904
1036,0,0.1701723316161641,0.17328331815329848,0.20683708258881484,0.17949294458157686,0.19654864775097872,0.19930449499220257,0.18624802230406687,0.19314163191143863
1037,0,0.3895845997444436,0.42413545796188495,0.28352211618023454,0.2880120483689214,0.24220946266250265,0.3759794403151719,0.27753503762551507,0.3612123381524304
1038,1,0.8829708392060175,0.8966882234951085,0.8954201681787314,0.9207266545418094,0.7447596209958246,0.8211054548023404,0.6443321526078812,0.8710712821587268
1039,1,0.913552982370241,0.9202057561272262,0.926002386996479,0.957823087742228,0.9715570212574454,0.9584178958767291,0.9291463971003676,0.9348753463334781
1040,1,0.18112221827836403,0.2135767075717929,0.20961510089543112,0.21800588500397175,0.24163410651017947,0.21967448593981473,0.2535482404451514,0.21428876480234627
1041,1,0.9120673314187692,0.9216426712834686,0.9293310426598476,0.957814219814041,0.9773648156954161,0.9657630785928051,0.8908768018112418,0.9389122641787071
1042,0,0.21078963277511545,0.1766645807831437,0.18980679840578618,0.19618314191287914,0.21431143315515025,0.21128004456979696,0.2219634546232858,0.19258380791957563
1043,0,0.12753881113205284,0.11050608386633705,0.16168866016456623,0.24708414718445929,0.3443006579765921,0.06979097652852556,0.14159041209104173,0.11399524018647628
1044,0,0.29938943509750016,0.33469634728743003,0.3286475572126855,0.24335720463709745,0.26667541622516155,0.3197018769130641,0.25008267609906065,0.32768192713772654
1045,1,0.9181835780006439,0.9247365863786129,0.9355860478862743,0.9668433686461309,0.9869477192952294,0.9763557972711211,0.9854681129343609,0.9455594771786694
1046,1,0.914334361486687,0.9212327072074524,0.934351295964544,0.9566725600147103,0.9836550791316115,0.9704489634289631,0.9736773454600288,0.9420109888669866
1047,0,0.1549441222838904,0.17630281038060525,0.19760948487931704,0.19081244123056015,0.20092517368088555,0.19217882026667468,0.16040003628575392,0.18869703850886566
1048,1,0.19181119118121806,0.16598673234396025,0.2134462002335856,0.2232041300469175,0.20791842870057312,0.16532455712156036,0.15718707720856095,0.18158582989970207
1049,0,0.24741313113463637,0.207186827985572,0.22833086635709754,0.21266160814415233,0.2167625556137768,0.23353423244920268,0.2025149582095224,0.22301730893062408
1050,0,0.20217377383084223,0.24172772988307864,0.2083928153801667,0.2145179299997313,0.21901950429221043,0.25637455532318937,0.17908181477262583,0.2354983668621449
1051,0,0.17474812559011385,0.1960006545149402,0.18862019178472034,0.1824850570091717,0.20455057664383738,0.20766656921294,0.18409161383841463,0.19742913850420019
1052,0,0.8330140978905965,0.8219524922813366,0.9157036641131963,0.9038600257227274,0.8877351479534786,0.6754344411037296,0.8283997052380873,0.8043635324994208
1053,0,0.18994531740286238,0.227382021489309,0.2130871094752894,0.20579059358131246,0.2069904155471749,0.24698684969996196,0.15258869041891418,0.22915199355485347
1054,0,0.14370817560719848,0.14618122024198354,0.16790159227466625,0.1816528241634304,0.1966255115464527,0.15334376120314266,0.14716074593783046,0.1558088579065975
1055,1,0.2537096498691202,0.22050972035946173,0.3595732469950585,0.37520200697196016,0.3255377666119231,0.2557009012761834,0.35811186073957607,0.2785946228769012
1056,0,0.18087401116789878,0.18671271168808387,0.19710248849756928,0.22971270112472775,0.21878436027920245,0.17590839142576256,0.29469162850619113,0.18657453053713857
1057,1,0.9177768574925994,0.9248161011508288,0.9424175184764739,0.9625864752240899,0.9880429894022639,0.978244967151397,0.9583392898157164,0.9484928622595666
1058,0,0.21873916338845803,0.20687821809066562,0.1870441753977735,0.1903513591173944,0.19307813781992675,0.18576962382429726,0.20633008743583522,0.19323067243757877
1059,1,0.8598072786380863,0.8034113828314192,0.8765580935589501,0.8945029245893257,0.7838360237493266,0.7063446284759344,0.8201021188169858,0.7954380349554345
1060,0,0.1977639064104931,0.24325002100613133,0.19073591602984707,0.19905532767210332,0.17249577571865468,0.2257505797070403,0.07854101621923308,0.2199121722476729
1061,1,0.9204289641247495,0.9293237585247297,0.9328249108337737,0.967976884958202,0.9875043725179581,0.9774958494455257,0.9528276520443356,0.9465481729346764
1062,1,0.8449639053212411,0.8064155334080366,0.8242298467900698,0.8385431097063614,0.5876304268781726,0.6737450792373991,0.5473719949541882,0.7681301531451686
1063,0,0.25803032134496706,0.231944689260829,0.2335387032614323,0.21851009453041548,0.22019437038476186,0.24953568370712662,0.33912358788920377,0.23833969207646266
1064,0,0.31204828299826654,0.2770455726393552,0.23959604876073107,0.23243443378689563,0.20163066767702112,0.2751465085024061,0.16937482029337506,0.2639293766341641
1065,1,0.198707171361316,0.22873939960078316,0.22836101945405293,0.21587760474707954,0.22220093035123437,0.22956175365897488,0.31659111824758085,0.22888739090460364
1066,0,0.24033348054793377,0.2582954804358941,0.20093732565956127,0.21143707160582426,0.21895103107452074,0.21960661235513576,0.2118456404698504,0.22627980615019705
1067,0,0.2414150445373052,0.33846137265522147,0.2639557778620136,0.24337120715856098,0.301934584687958,0.27618351768515503,0.3847393737597728,0.2928668894007967
1068,0,0.17082581369066943,0.19690566196367912,0.16767653669624605,0.17743669716021473,0.20395198937457115,0.18349420284524884,0.1691797194574991,0.182692133835058
1069,0,0.2841255434593566,0.271150583291313,0.2663048698826171,0.2784885771172873,0.2737283405181636,0.2793441995737665,0.21762442117304204,0.27226655091589885
1070,0,0.24994953920875326,0.26603781131244175,0.22933951653024956,0.2025529678402871,0.22315898751857263,0.26134098924127785,0.28069415172291984,0.25223943902798973
1071,0,0.1416032242476466,0.16314009227187956,0.16706654423520997,0.17429651947700778,0.21199483196904945,0.15227069593746898,0.21978735011100237,0.1608257774815195
1072,1,0.24396038027415248,0.20283137768220869,0.2668121932996699,0.24852336660669552,0.23856391151864184,0.2278669500905236,0.22134981277253896,0.23250350702413405
1073,0,0.2486642502600062,0.23260398482175446,0.210836820372573,0.18979505121764248,0.2051151045228321,0.23554938814582185,0.15403799640601015,0.22633006444671644
1074,0,0.19796290059152802,0.17673585147931956,0.19336621797386255,0.19661019268943403,0.2084832640193357,0.1875345286926986,0.19530404225052314,0.1858788660486269
1075,0,0.1955466016155041,0.20791936855711401,0.17319278447428688,0.1893927644903234,0.20055347870352838,0.2271199995400832,0.13636377182253612,0.20274405085716138
1076,0,0.3159218945009115,0.2683001259872387,0.24698881102130085,0.2547223855104482,0.20518458533338613,0.28484261848166753,0.2029218806820742,0.2667105184967357
1077,1,0.919527565102209,0.9281993542054682,0.9461488490808684,0.9663986931697736,0.9926284897493637,0.9791198558697728,0.9557754476491832,0.9511560197187031
1078,1,0.21531252240833473,0.2054938537125235,0.22343752607316655,0.19665355949496832,0.20341354560573546,0.23437680458349286,0.20671236563430087,0.22110272812306098
1079,1,0.32994941586432125,0.3491576069413121,0.2837097134876108,0.31784173674283944,0.2932196764153958,0.38542243906047463,0.31306134798589114,0.3394299198297992
1080,0,0.3101840898495206,0.26249611316926597,0.28010354873585325,0.23831390873365813,0.22269351359956205,0.3032132594284327,0.26005489015115246,0.2819376404445173
1081,0,0.32121771428031887,0.2520448695536651,0.23346947702354662,0.22433977698751337,0.22381334989253596,0.2530047639312196,0.2964716690050973,0.24617303683614378
1082,1,0.9177160256714386,0.9275321989813866,0.9391146849379629,0.964903162846917,0.9911218647961949,0.9764410155709943,0.9555916963208845,0.9476959664967812
1083,0,0.26633304129032914,0.23687572125889592,0.22613635955015013,0.2280932179739168,0.2038262113051417,0.23407213514464575,0.18033625065667436,0.23236140531789726
1084,1,0.9024207425827355,0.9089111830766908,0.9321378693858166,0.9455336037011413,0.9612318747961694,0.8742242622368962,0.9037695775638664,0.9050911048998013
1085,0,0.19424484032032371,0.20273404019642963,0.17485263226272518,0.18746598550878182,0.19004009706036137,0.18620420949725905,0.10616143806608475,0.18793029398547126
1086,1,0.2597598331945942,0.28134295200523585,0.25156667378887965,0.263881311460755,0.2488572939206695,0.29696391637445024,0.28898474919735984,0.2766245140561886
1087,0,0.18033469416844286,0.18307750599457284,0.18410743203520372,0.19035625738226877,0.1927894659579518,0.16515349489539405,0.21022176971923312,0.1774461443083902
1088,1,0.22412462037007655,0.23562611569290595,0.18561129244544508,0.22685165310613517,0.23765180031930844,0.19345491550846872,0.31090760455337835,0.20489744121560657
1089,0,0.24229043170982137,0.20592252165141525,0.18341312292309894,0.19759529523369046,0.18576146928815143,0.2000695058080788,0.12563015618291526,0.19646838346086434
1090,0,0.15729173088292356,0.12733759006264367,0.1447582150223236,0.184956776199989,0.22243631716984225,0.11464486832337917,0.1465668298534027,0.12891355780278216
1091,0,0.16922056734961713,0.16593642964442976,0.17081136292706578,0.196446668585605,0.23038305436035414,0.19102477441659735,0.1718190912424853,0.175924188996031
1092,0,0.19660291267540544,0.18668281763068886,0.20546926082454986,0.20165456319130168,0.23262714103614243,0.22585924016958706,0.2528335712569792,0.2060037728749419
1093,0,0.20221470532540578,0.20607009016551917,0.23415642168982878,0.20641167370845961,0.2285269746145132,0.1949779721189734,0.3057115807502182,0.21173482799144047
1094,0,0.2526987691623004,0.25554858144760195,0.21933381492462634,0.21790754238283513,0.21346564713660598,0.24621327779162216,0.30948544391561766,0.2403652247212835
1095,1,0.14723955456809143,0.12317121554748357,0.12610559059234153,0.17863824611708437,0.18359976069157705,0.12900462532125068,0.15320957226346132,0.12609381048702525
1096,0,0.27294288771384795,0.2827588242402171,0.23703120749335557,0.24541479989518944,0.2225586470204114,0.25175605600207246,0.21390849347509863,0.257182029245215
1097,0,0.31552386031356106,0.25203142533221706,0.25542524164069685,0.24692579984701282,0.2375835916516581,0.23987141525925204,0.3644094675946965,0.24910936074405532
1098,0,0.6744163392934177,0.6808518444247226,0.7762152732745345,0.6198577028505751,0.6571889408563208,0.5271285490672634,0.6871692285295689,0.6613985555888401
1099,1,0.3609515800998026,0.26479711868889405,0.2530684783153871,0.24750884529823866,0.2344181956221957,0.2770435939113832,0.18038624032530284,0.2649697303052214
1100,0,0.21975994648139466,0.2128283891364323,0.20576276891741338,0.19408701568076317,0.21268032880181068,0.22921648074542433,0.23530579047831993,0.21593587959975669
1101,1,0.8179448717503389,0.8762562411479934,0.8700791336479808,0.8324895946500149,0.8310521988670398,0.8031318818760455,0.7613803588418285,0.8498224188906732
1102,0,0.23591033791995572,0.25406628926545444,0.21739286449224415,0.20375359555811615,0.21055036264614682,0.25063189847624606,0.2797108005968499,0.24069701741131488
1103,0,0.23026878736887121,0.22771863845957463,0.2403497279929241,0.2085170552179244,0.21521383742130448,0.22862322026272505,0.180670786625344,0.2322305289050746
1104,1,0.907240418224672,0.922284653196317,0.9075339161400698,0.9170801264591443,0.9692842666470319,0.9516601762892286,0.9116039292872099,0.9271595818752051
1105,0,0.21681401946542822,0.17838103458008162,0.22632197286916664,0.21005641453599513,0.2217558416564093,0.2110343075093725,0.1796431608755811,0.20524577165287358
1106,1,0.1533181189173795,0.14802152598595972,0.1982167368698652,0.20379942205173732,0.22129457187477683,0.15764809596249532,0.1363597369086523,0.16796211960610674
1107,0,0.1455592190603071,0.1529704792096129,0.18827242442991587,0.18931568635141183,0.2163599789548973,0.16483123795351126,0.2002529152201731,0.16869138053101337
1108,0,0.22829349652347808,0.2579586423218704,0.23452473590265818,0.2321817554062344,0.21192183204615245,0.2701869685296899,0.20454706282248428,0.2542234489180728
1109,1,0.911951219885629,0.9199043956611422,0.9175638282991608,0.9461496665602921,0.9718136056599719,0.9560450891759222,0.8764685511093764,0.9311711043787417
1110,1,0.2089189741397333,0.22755166967896726,0.2008116759998322,0.19939161456953328,0.20710869713131275,0.22667392664536032,0.2031151180176796,0.2183457574413866
1111,0,0.18419284742647915,0.18579862125488433,0.19510954937413125,0.19949387481018763,0.2028760273096991,0.17598845639661284,0.23405222918260163,0.1856322090085428
1112,1,0.16071882652232963,0.17331989290597014,0.194124480282687,0.2058868633573968,0.2313670656662056,0.17171871053997056,0.19247408586910666,0.17972102790954259
1113,1,0.2098691522220957,0.20329075546504619,0.1834616237926683,0.19690944028815272,0.23855834831114195,0.22456321885703243,0.3113419005420301,0.20377186603824896
1114,0,0.30655579025091056,0.32861591662183737,0.24921307425709105,0.2217742099110075,0.2633769971001266,0.3001829394878386,0.31257662752747567,0.292670643455589
1115,0,0.16008903382833709,0.1502229613516774,0.14705649770881493,0.1829026532200088,0.19269513998015841,0.14500140662253655,0.1366867155357535,0.1474269552276763
1116,1,0.18597194436023012,0.1817528600402558,0.20746841285426013,0.18742530345044758,0.2104445710885897,0.2128497844783491,0.1944228484745439,0.20069035245762168
1117,0,0.2685669507810494,0.3010536054422592,0.4126832753318932,0.35701878739121656,0.35537969011188314,0.2891359916432338,0.37172925090557,0.334290957472462
1118,0,0.17005253710476978,0.1787422070191378,0.18894943174722112,0.21414542182057347,0.23765267204865237,0.16608321919708427,0.2605981765451631,0.17792495265448105
1119,1,0.19859531581982073,0.22823256671292427,0.2493536244302613,0.21582579691273687,0.22555740947242095,0.27643018130806746,0.24366370355756073,0.2513387908170843
1120,1,0.1790248551266901,0.23709816994067767,0.211972142944165,0.21263034567325068,0.226748580275168,0.23146487680317765,0.18455085395939488,0.2268450632293401
1121,0,0.20429974099598458,0.20292450891824595,0.20115756563141907,0.18934467529145468,0.21111385539715802,0.21605059514634917,0.23289887120609878,0.2067108898986714
1122,1,0.44042965604811773,0.33833543532933613,0.2967127436604186,0.30458303709408674,0.28165302842062195,0.31530235673605816,0.45521138294877894,0.31678351190860427
1123,0,0.2928535678785278,0.32241569732570213,0.32193104584229354,0.24038297257021934,0.23129007870624277,0.29209063074211156,0.21519651366587134,0.3121457913033691
1124,0,0.19855998267442776,0.18387441449172834,0.19403850149627389,0.25276836434851174,0.2429366142340331,0.1950528932448896,0.2987812082655805,0.19098860307763063
1125,0,0.26833676603818546,0.22065960793130399,0.19459602216566632,0.22491303719740383,0.2508165005809135,0.2220626486726617,0.2482395883502294,0.212439426256544
1126,1,0.8622543988051355,0.8770310361307644,0.7912309262129636,0.8435001730822239,0.5794937136181448,0.7662375994939151,0.5928344978172247,0.8114998539458811
1127,1,0.8062177504327069,0.8583918508364281,0.6940940159747334,0.6544870573225249,0.39286992465628146,0.7650486201664237,0.5794939686004412,0.7725114956591951
1128,1,0.24427726705654587,0.3200058078182125,0.21714877427995968,0.2664353090393689,0.2199052734430734,0.2488390222178152,0.17296977932477006,0.26199786810532916
1129,0,0.4459201052516461,0.3766667823671112,0.5398058029818956,0.4775108223972153,0.46115727934362444,0.353632390905741,0.3681456961520739,0.42336832541824926
1130,0,0.24678473579298457,0.2583168701523299,0.2726894575718574,0.23114891192087605,0.2736355199434306,0.2368052152419641,0.3976084341134593,0.25593718098871715
1131,0,0.20110246435098889,0.22171865330949858,0.21670115808914933,0.20645106340224847,0.2118724281516835,0.24057175722015275,0.22548369025620382,0.22633052287293354
1132,1,0.15791528131717938,0.15543665585991864,0.1709628238546097,0.1863942676376847,0.1924745025187219,0.17143922858856062,0.14467963023437458,0.16594623610102965
1133,0,0.1583096474129296,0.1464679437455221,0.15522350580804395,0.17685271972278982,0.19333175261526872,0.16716144405940223,0.1248329381650743,0.1562842978709894
1134,0,0.3229506016965174,0.31339711808280507,0.29810907595055547,0.2632031102097146,0.24677167613725204,0.31337907667455783,0.24084189757496532,0.30829509023597274
1135,1,0.9194632370783813,0.9252539193679338,0.9431842858484677,0.9673680026433127,0.9872201835947806,0.9777192977690478,0.975276689121319,0.9487191676618164
1136,1,0.18235637747896824,0.18748914967200747,0.207460014697909,0.19748936474740808,0.21182246767427018,0.1944588352607529,0.1621814900760588,0.1964693332102231
1137,0,0.22211347727021147,0.22864352675555807,0.2067104933286914,0.22069164726440949,0.21318327953906338,0.20211983939827194,0.23185916968951573,0.21249128649417381
1138,0,0.187944083458222,0.1857268704525167,0.1936378822300956,0.18678311459357785,0.21840332454791964,0.21051675457509159,0.22963541523645584,0.19662716908590128
1139,1,0.9216036456477553,0.9279743561160472,0.9309489451202446,0.9570381333372845,0.9839769605353283,0.969466522495047,0.9363334151322323,0.9427966079104463
1140,0,0.2717653835487139,0.23614278909677391,0.2641360044820252,0.2639177305849277,0.24954474678170188,0.24173169499594202,0.3098252364837996,0.24733682952491368
1141,0,0.16908277853625955,0.1783593698283109,0.1538498778671632,0.2167959802259031,0.21690795431274942,0.15817794531620885,0.17112385183266596,0.163462397670561
1142,1,0.9198015731716579,0.9248032654455932,0.9409801510621222,0.9676496275187659,0.9876640333842892,0.9746872414006552,0.972819019776742,0.9468235526361236
1143,0,0.19002174827661414,0.18200300054201643,0.19903525151358678,0.2071544282330345,0.2106673550727415,0.20303665109195027,0.20582397626668233,0.19469163438251783
1144,0,0.1617720065746235,0.2039086871521781,0.17602394346793723,0.18501459368401285,0.19251576742960097,0.22597149244388914,0.19334881468797205,0.20196804102133484
1145,0,0.2521867781765978,0.2719144122526857,0.22657895576502032,0.25783345130264734,0.24117984867054323,0.2956447659886699,0.274779979970308,0.26471271133545865
1146,1,0.18942471720121845,0.22294927764711184,0.21786627965650815,0.22252069042564748,0.22444979470354212,0.2241586545443537,0.349802019580195,0.22165807061599122
1147,0,0.22925201858370606,0.19991279062653403,0.21099537180886604,0.23499635449642256,0.265925096288568,0.2105858722882474,0.196743108175354,0.20716467824121584
1148,0,0.2585697900931021,0.21362391308516582,0.2506662190847826,0.2504473421019014,0.2352390773085676,0.23842325342430082,0.20053857208348358,0.23423779519808308
1149,0,0.2889862346392524,0.28305820653659164,0.24260248038038168,0.21181263703883024,0.26224309184069144,0.2805211681458438,0.32400965218238503,0.26872728502093907
1150,0,0.16822741434529878,0.16450118243541093,0.1644941856323555,0.18684627270978482,0.18025610861167962,0.1575220417848289,0.11884180824201378,0.1621724699508651
1151,0,0.5653497944149427,0.6048852839110517,0.6231573844388753,0.4455498206587761,0.4560036114889134,0.45766595170626534,0.23652631813476832,0.5619028733520641
1152,0,0.2859584286824682,0.29460006202610495,0.25308655120878454,0.22496890647132103,0.20243947829371486,0.31306407403501707,0.25680259749011164,0.2869168957566355
1153,1,0.16286121669438858,0.1467883051698031,0.1407968925940246,0.20222772502906441,0.21437970034474776,0.15421396340918758,0.16911749123202013,0.14726638705767178
1154,1,0.17335505588526487,0.229494574848901,0.24245001247269857,0.209136193054253,0.23436206732691722,0.22497131245359295,0.21618868862304677,0.23230529992506418
1155,1,0.21578455528351045,0.16889467827023316,0.19295170493738412,0.18572395735590086,0.1874985121401521,0.18354152560027584,0.13459150542511736,0.18179596960263103
1156,0,0.2652788014043361,0.28634235571063993,0.235797446126864,0.2714703220775634,0.2646937890481424,0.2834065573912199,0.21327248210638317,0.2685154530762413
1157,1,0.19392390957526984,0.16768393305533058,0.21496025266322194,0.19060058121868784,0.18363092802652847,0.19280511294410874,0.12799193223600977,0.19181643288755376
1158,1,0.19031936006211203,0.19630417086289376,0.2198076268159724,0.2387012454687479,0.2042198291431712,0.19529291424442666,0.1675770950626894,0.2038015706410976
1159,0,0.1658436263878105,0.17607364938251147,0.18981360605665606,0.1827538469145549,0.20914954375018505,0.20504211936822667,0.21293826836515273,0.19030979160246475
1160,0,0.20326472764265233,0.1845153143554287,0.23388964379759888,0.2131088319129262,0.22613784649437085,0.1906004351169751,0.3556335457917547,0.20300179775666757
1161,1,0.9251504565952223,0.9292270854335168,0.9496743453858792,0.970418223182782,0.9907901132707679,0.9815838255845358,0.9755230666607556,0.9534950854679773
1162,0,0.13466121541819998,0.14270900547465662,0.16175601250192104,0.17061736511361572,0.19539474276622862,0.14596177262391197,0.20485280882572868,0.15014226353349655
1163,0,0.14441447127663978,0.16395586626283665,0.15380097795579242,0.16797997314403154,0.18649474151639192,0.17640250316696712,0.11875015641788779,0.1647197824618654
1164,0,0.22309643412632882,0.2512230590328905,0.21310664068446059,0.24246455066553196,0.22308194520276467,0.22765766688531394,0.28789495776066976,0.23066245553422168
1165,0,0.19281960235419837,0.13683251069379482,0.18285498433809463,0.18782208168095868,0.26915427615608145,0.11550774842337626,0.23226108920613384,0.14506508115175523
1166,0,0.33280687511561863,0.34921325774094897,0.26747348250426667,0.2663892453005736,0.23503318914083238,0.30722716707301234,0.19355536628276948,0.30797130243940934
1167,0,0.38385872904966184,0.3530606295471242,0.4202095857204478,0.3194013331016472,0.2774419220974468,0.3150152476875177,0.436181092229372,0.3627618209850299
1168,1,0.9202610396450416,0.9290880991334106,0.9390884542320522,0.9665061227154057,0.9889920580962399,0.9763501251254277,0.9565936573347179,0.9481755594969635
1169,0,0.22526707088519884,0.2497684171061695,0.25253410110860885,0.19492168453328906,0.24883667535682708,0.26541362527140344,0.25400140201388155,0.2559053811620606
1170,0,0.23713369744824733,0.2382923570037966,0.22313231683432191,0.22835332815341003,0.23790731988553984,0.23972342494557408,0.2817421992508547,0.23371603292789753
1171,1,0.9186483702077796,0.9244101867042728,0.9365659787654014,0.9599695199144963,0.978682399326813,0.9700355666997579,0.9263325237509595,0.9436705773898106
1172,0,0.18314701936400715,0.19066145207112148,0.18995751174768039,0.22127631127496505,0.22484770445865884,0.22765161439352533,0.18140145986593528,0.20275685940410906
1173,1,0.17095984346377127,0.178824053289771,0.2039898287154258,0.18466146757369226,0.19833499990622197,0.19529203092152944,0.16886740805505632,0.19270197097557543
1174,1,0.9132811780408496,0.9264151252939653,0.9426708104426239,0.9651157419332295,0.9910609270887801,0.9745523920695396,0.9751430686276711,0.9478794426020429
1175,0,0.16115619108776447,0.17076846146186367,0.1675514161258469,0.24083202252711158,0.2218389842934725,0.209856805067304,0.13944985669806445,0.18272556088500483
1176,0,0.18879106957283306,0.19257059137286303,0.2239053189290003,0.20929497348626155,0.2602116384469321,0.19368178920997892,0.2402533308466055,0.20338589983728075
1177,0,0.21297998680028232,0.23401944084579296,0.24352925150342752,0.21128443270135935,0.22528258554510963,0.24166277943693681,0.26697784883769343,0.23973715726205244
1178,0,0.16797041202600294,0.18415637961470596,0.196952783181066,0.1974250202445408,0.21488945341872792,0.19444686868734165,0.2662791458174818,0.1918520104943712
1179,1,0.27053787308855576,0.30670371153796355,0.24665861248670998,0.2185345235246127,0.21035818096933676,0.2398482250658084,0.17262623151538706,0.26440351636349396
1180,0,0.33295950316281914,0.23558739996223285,0.2296864369627247,0.2336408702109256,0.22430589420737154,0.25646705023717303,0.2747539207595082,0.24058029572071019
1181,0,0.12916408642093455,0.10204957548085648,0.1478416005147226,0.173409778422988,0.25708977635709,0.05589665559666298,0.11603167725291552,0.10192927719741401
1182,0,0.19065949647413757,0.1787221309106153,0.19577326329017156,0.20099889124598777,0.20621181304615513,0.19244280546256234,0.23228598005313386,0.1889793998877831
1183,1,0.8355136626308032,0.8540550349456497,0.877025123188289,0.8869980244240816,0.7340419390771089,0.7620586562266474,0.7351242442809438,0.8310462714535287
1184,1,0.8586316879915271,0.8738527203344283,0.8842613185828796,0.8949475476733575,0.6510331719410188,0.7887750712405972,0.5927334441018524,0.8489630367193017
1185,1,0.21467781464875357,0.193284342720652,0.2248172110815263,0.2281853498953005,0.1864361325779791,0.20312328835377003,0.14422978057043767,0.2070749473853161
1186,0,0.1894353964062906,0.20757377863389095,0.2226302350481633,0.19864830058173813,0.20211389146848716,0.21504570610013532,0.20182766766960084,0.21508323992739653
1187,0,0.4432930753131837,0.3473081999184235,0.2326577164458418,0.28726143352395,0.24156478498961856,0.3230810089778238,0.22835618513211323,0.3010156417806964
1188,0,0.20915277014054048,0.2168337118461681,0.22981662255103955,0.21003618656108522,0.2448939731594785,0.2147918764200567,0.2707139561131138,0.2204807369390881
1189,0,0.1620661712698199,0.1942445799469593,0.16235579107041734,0.17568116151700883,0.20412562669054513,0.1824097450644352,0.16027007293148687,0.17967003869393727
1190,0,0.24397117695638115,0.25593581511351576,0.21621599910435918,0.26178770651127936,0.2745874958212437,0.29578438246314864,0.1892984511747584,0.2559787322270079
1191,0,0.17969212256918132,0.18185715896400553,0.18169138302229415,0.1924533852445114,0.21606800734424247,0.2083002260890813,0.2906510515681807,0.190616256025127
1192,1,0.9188519221153828,0.928100759071564,0.9276299370947324,0.9616717471744675,0.9751210089535918,0.972638409706525,0.9352912675144958,0.9427897019576071
1193,0,0.22045094117790612,0.2036526417968965,0.2042577242830614,0.2091700787377545,0.2178810498807446,0.2254649609161784,0.2612162693278192,0.2111251089987121
1194,0,0.161844629260111,0.17600811144445047,0.1524212558299586,0.17654097089045795,0.20488200106465157,0.19878344657414837,0.14746507327901456,0.17573760461618582
1195,0,0.24711444738260332,0.21051079762787303,0.23010788504420185,0.22822871196585118,0.23454202726005854,0.21583116303789818,0.28946351282727056,0.2188166152366577
1196,1,0.3105600091163911,0.30451760399757016,0.27778383093124204,0.23499634585726623,0.2688351450640398,0.3011734906988858,0.45013022030975863,0.2944916418758993
1197,1,0.15672058602623262,0.15240529753747814,0.1581971799611631,0.17355378532900145,0.1817747387659665,0.15435097559437175,0.21366343008339553,0.15498448436433765
1198,0,0.2929929109289812,0.2654276467688732,0.2571473996100656,0.2640842375014481,0.23015996920776446,0.2886240625977243,0.3004485310596959,0.270399702992221
1199,0,0.41061997848331716,0.5430281509366076,0.4078841498661263,0.32764668432099164,0.2963910922058845,0.4242238568382681,0.3572299733502395,0.4583787192136673
1200,0,0.18559685352036404,0.17712253261403432,0.1720311549266582,0.19788489226996941,0.21407042307350102,0.21887960745314405,0.26787087100903545,0.1893444316646122
1201,0,0.19337957918176996,0.18145814292623128,0.19116047907545577,0.17746818462763467,0.21204520649216416,0.19600280142288895,0.23161922409081429,0.18954047447485867
1202,0,0.19534550161201747,0.19482233927284273,0.1977763586091542,0.2162681282778165,0.2099027871218775,0.19307504839764722,0.14615464845089995,0.19522458209321472
1203,0,0.202787686679479,0.20701915596464138,0.18664826376093568,0.22026101852683913,0.24282741709958988,0.21746231385095335,0.18030873899613162,0.20370991119217682
1204,0,0.1888625740274937,0.21929875731213047,0.22743526045129694,0.18844372708615023,0.20991103589828053,0.2257263480115971,0.20134803078410182,0.22415345525834152
1205,0,0.2668317852320706,0.30547564407071137,0.22496290857803794,0.20131114852564636,0.21760382093020073,0.2669114433507245,0.23157945336554678,0.26578333199982457
1206,1,0.9138103155728853,0.9218616225413515,0.9358504460136409,0.9591846540764032,0.9873432620845338,0.9660326992929634,0.9877004240276275,0.9412482559493186
1207,1,0.14753234828806108,0.1887095304211329,0.15002265642051424,0.19790897604256652,0.1917780214554584,0.18986740214204634,0.11902026880729695,0.1761998629945645
1208,1,0.9102664470181212,0.9246923590150701,0.9219339584572563,0.9488319306122377,0.9743907894277744,0.9493817934899061,0.9217918080668223,0.9320027036540774
1209,1,0.24033608947566787,0.21607535805158673,0.2023901618929961,0.20628263496365254,0.2159627506688163,0.22958224136083863,0.19666154693354065,0.21601592043514048
1210,0,0.24415527106958143,0.2334437733631082,0.31391366648172186,0.2559030467501199,0.2591880962670773,0.26920465845334957,0.35737855339802405,0.2721873660993932
1211,0,0.26427401111698123,0.3557554543047632,0.24429583509916872,0.22512152807644237,0.21979690893684353,0.31059801374244816,0.17004928138594413,0.30354976771546
1212,0,0.22529266344781043,0.2648806545757609,0.20145628213682518,0.24096240457141857,0.2250694881825325,0.23463321290300984,0.209830862049212,0.23365671653853196
1213,0,0.5025549064237651,0.5120556479674504,0.8466787955378967,0.8155043465441931,0.8431816958567256,0.40543463135736574,0.6833752769481194,0.588056358287571
1214,1,0.29494014667162366,0.27004526693331454,0.25452459853565607,0.25381878297376564,0.24278553614824702,0.23328086882595614,0.2792589643475126,0.2526169114316423
1215,1,0.9185437781509282,0.9245688121960406,0.9424752163675061,0.9675466505925545,0.9874597634642978,0.9759160657786373,0.9558767994205691,0.947653364780728
1216,1,0.4419555960372352,0.4076166122110414,0.3584942210604362,0.30198579861831054,0.29601547680330215,0.37492106721232527,0.46273303788000614,0.3803439668279343
1217,1,0.21984703247800388,0.19873267863240532,0.21986013294035822,0.2091644109027427,0.21399265458806774,0.21477187640987036,0.23783769326069892,0.21112156266087798
1218,0,0.26192297179188945,0.18649793837145745,0.23648475971158353,0.3210783655131424,0.35920723125731846,0.20089815404164915,0.2536387368283464,0.2079602840415634
1219,1,0.9246909606978759,0.9288510479604222,0.948676616556999,0.9709689037910838,0.9893783928086677,0.9755669127315502,0.9594465574350489,0.9510315257496571
1220,0,0.1867504603089635,0.19986247114641364,0.1486017992972457,0.2070623479020817,0.19657301410993244,0.2297302870394872,0.19423123140726986,0.19273151916104883
1221,0,0.23906774681927576,0.3066579547106474,0.20645634957852543,0.21131480194407862,0.20653805825001872,0.25047856813520347,0.16426066312931067,0.2545309574747921
1222,0,0.17944244726033243,0.18581416176548501,0.22117637686971425,0.20676144237681124,0.21014684284821886,0.21365783616136821,0.2292166905204914,0.20688279159885584
1223,1,0.9098816537740211,0.9163374534109803,0.9212164754139568,0.9360019923033375,0.9714085587311952,0.9559847959360025,0.9610498645277213,0.9311795749203132
1224,0,0.25605274931583394,0.2567619372909824,0.24989395005420914,0.23306484872627473,0.27288810993796253,0.25026158501756085,0.31884055172233877,0.25230582412091745
1225,0,0.16318550219072145,0.1547706347192215,0.18285115957787226,0.2278602357383149,0.18962138989838742,0.14246403787247638,0.19885395130276606,0.16002861072319005
1226,1,0.16183318722645454,0.19035954193950713,0.19482447183957308,0.1985847907549394,0.20821552465635954,0.21371919667372444,0.21303100329307786,0.1996344034842682
1227,1,0.3319944645883257,0.44948502316552524,0.3800754612443818,0.4274202986081596,0.38077290954215554,0.40165697736591993,0.5398208138039954,0.4104058205919423
1228,1,0.156963711424191,0.15352626337926037,0.1549229483883078,0.19071303156204408,0.20713354421263874,0.14984243028738128,0.17561379970325652,0.15276388068498314
1229,1,0.9236266174291208,0.9279304107244691,0.9476986526209671,0.9712485171120052,0.9923246852786719,0.9688482356586793,0.9897854591919759,0.9481590996680386
1230,0,0.16223495813593497,0.15707215728717322,0.2253597231405746,0.2157152102488699,0.202528075547459,0.15550311260632435,0.147000178328963,0.17931166434469073
1231,1,0.9189486512463093,0.9286976670578713,0.9332902549721757,0.9652187330401668,0.987569759541301,0.978010164674736,0.934867951439789,0.9466660289015943
1232,1,0.9114306627703739,0.9229663037907213,0.9315008177739726,0.9515499813530147,0.9654085993497951,0.967192584220241,0.9142913282497976,0.9405532352616449
1233,1,0.7055226005765377,0.564785530567611,0.47015283819538034,0.36232027493077407,0.25924050169361773,0.5589097278252283,0.37569192469524276,0.5312826988627399
1234,0,0.32970827544143017,0.3251933149602228,0.49865417421879094,0.4735419570941939,0.3140602615203461,0.3154306711180213,0.3885617818025084,0.37975938676567833
1235,0,0.15422242721026538,0.19689792233404324,0.15831534605058586,0.16408179720744515,0.18381441770700105,0.1894635542505212,0.12432771171356903,0.18155894087838342
1236,0,0.16059412791156216,0.19230695738805417,0.21707650752271282,0.2172515311834964,0.24594843822676374,0.19174711648639467,0.3127618786374548,0.20037686046572056
1237,1,0.9187873330784387,0.9280440577631383,0.9448459955888415,0.9675023733888964,0.9926761962835009,0.9765530084611815,0.9871700756274224,0.9498143539377204
1238,1,0.8714404481963052,0.8907343214615143,0.9145932092942167,0.9417896425896446,0.941812806841312,0.7386563931612763,0.8688645546122343,0.847994641305669
1239,1,0.9177888409968668,0.9245801458899062,0.9416345677530651,0.9665531641462181,0.9876309857739708,0.974626110820954,0.980817783876699,0.9469469414879751
1240,1,0.8802600119482585,0.8800299109407459,0.8519949796347529,0.9042148824665959,0.6627420387070683,0.8298912516707057,0.7533421061418881,0.8539720474154014
1241,0,0.18396159486920874,0.14982012699444702,0.166760662002877,0.19480420887711447,0.19744026338258405,0.18279772179522571,0.2139841449669654,0.16645950359751657
1242,0,0.24524475183540173,0.24512724979052125,0.24244632656804757,0.22895990835668192,0.2274032189494817,0.2091954610619898,0.16474328270323832,0.23225634580685287
1243,1,0.9205461559225553,0.9297870364321729,0.9398381472800618,0.9698322403799947,0.991710613161513,0.9812567802282445,0.9757193554123643,0.9502939879801597
1244,1,0.9193807285850015,0.9247353739230272,0.9439958442914543,0.9679139839780828,0.9880807098016579,0.9798681944218326,0.9901599386604518,0.949533137545438
1245,0,0.19602419751355912,0.17697326405333902,0.14611214955360355,0.20826005123235755,0.2218096638509861,0.17075336858534218,0.14385133922429597,0.16461292739742825
1246,0,0.16649648191446154,0.16010519501570677,0.15946353441859998,0.18276393690007034,0.1783060638225529,0.16398372248326576,0.1425454747147045,0.1611841506391908
1247,0,0.1810580340076194,0.16677368276921634,0.18180586464954188,0.20820821587524938,0.21194044318725322,0.18106050853096614,0.24804280644109059,0.17654668531657478
1248,0,0.3744229317159924,0.31283547698803477,0.27321570373035203,0.22472672826986903,0.23716566017051624,0.3146474975358466,0.38460405107175005,0.30023289275141113
1249,0,0.17494387283378243,0.16676454163336873,0.20403909565586864,0.1994390499943428,0.2145332834733341,0.18404960446747734,0.22754396807491561,0.18495108058557155
1250,0,0.20332427422849275,0.18378143884679957,0.20121077003103383,0.21207505243076794,0.22717400361996345,0.2172379254519857,0.3177533896196107,0.2007433781099397
1251,0,0.2531321807004929,0.2464223423768358,0.21515199553984635,0.23714741428505567,0.243595204235464,0.2745001664079932,0.21449860758974834,0.2453581681082251
1252,0,0.23683668411902933,0.20704352499397252,0.20032487921619338,0.19096566902602288,0.20564522654225512,0.2163436172795606,0.23568184076785673,0.20790400716324217
1253,1,0.26209627000091174,0.21259397495648727,0.2632920932914153,0.23557086599385746,0.25268820671629283,0.25533987609083825,0.2857985568981263,0.24374198144624692
1254,0,0.21262780178359586,0.21843416724631592,0.2114750642381882,0.20069772671530461,0.22028822155516561,0.22971532875690082,0.26877264983120097,0.21987485341380164
1255,1,0.2959301289663642,0.2126873769625226,0.26457680659100147,0.234011005489007,0.2233396214898369,0.23286169490972586,0.2595412574737213,0.23670862615441665
1256,1,0.1858901256770553,0.15522440247424804,0.17133583162786278,0.1949193078949957,0.20331681963472667,0.1605500221818682,0.25759947310528675,0.16237008542799303
1257,0,0.2671324381269527,0.2595470864787341,0.24076470073715658,0.2179859909988604,0.2253310422123759,0.27802902426327997,0.37323636382570013,0.2594469371597235
1258,0,0.2733829476236839,0.21429503804304917,0.1984982015443486,0.23083331888445913,0.2570922037307062,0.24688487261072609,0.2182895313128719,0.2198927040660413
1259,1,0.25251531624808093,0.22391797194996163,0.25952080078402445,0.2366686627067467,0.19787409495300134,0.2050738813209141,0.12677318623624115,0.22950421801830004
1260,0,0.5462612479282216,0.38636266363012844,0.5695241752003275,0.47242346522572537,0.2758342500548487,0.4041454009706095,0.3260187608423355,0.4533440799336885
1261,0,0.16920744409823266,0.12800322949097087,0.19430667111176622,0.20136068026561094,0.20904320650969002,0.11955548922737998,0.1587447942967111,0.1472884632767057
1262,0,0.4060152122724318,0.5133015601457868,0.5909151999686967,0.46487923035125717,0.32598227894564635,0.40592967164313504,0.43039748633919483,0.5033821439192061
1263,1,0.26263507030219596,0.2214736093349667,0.22603313535107836,0.21288245428371,0.22458856692065546,0.22958471244190903,0.273336501573318,0.22569715237598473
1264,1,0.3582016066140228,0.4529608196744985,0.5140676935440235,0.3004892402802957,0.24737829093228833,0.43693236116959566,0.2878247119270159,0.4679869581293725
1265,0,0.1560295685098334,0.16511274763940642,0.18847614303220475,0.17839523249820097,0.19218864809859948,0.17188345911221214,0.15862108041483058,0.1751574499279411
1266,0,0.32091803630259724,0.25525492958968443,0.2922797169403552,0.24600536371212048,0.23757605827231262,0.29493677617885466,0.42335375354739146,0.28082380756963143
1267,1,0.9193059016910397,0.9289626438371847,0.9379413365258507,0.9701316262199854,0.9918973757903989,0.9736903878348636,0.9778253575361399,0.9468647893992997
1268,0,0.28698582948372636,0.286869882065011,0.2618179941888441,0.2555977282107355,0.2270265017827968,0.27865288649202014,0.3431548695015198,0.2757802542486251
1269,1,0.913876483252949,0.9210892881916397,0.9305671608693405,0.9579645718468033,0.9878959926674602,0.9650146604393345,0.9861388929958351,0.9388903698334383
1270,1,0.1759031441713711,0.1918916485428365,0.19783590242971769,0.1998112038409445,0.19376005545245234,0.24383227586247988,0.16623484154843254,0.21118660894501137
1271,0,0.1728331556099497,0.16292470592606756,0.1811871640238678,0.2058644762715356,0.2020862570516746,0.18523143863885738,0.22922756407046638,0.1764477695295976
1272,0,0.1659774499051028,0.20067794925287008,0.17461933776531427,0.17869685926535595,0.18662966128967215,0.19854885197280023,0.16772123522023263,0.1912820463303282
1273,1,0.2842203734268833,0.26343924543027625,0.2309932643349187,0.22150475067923822,0.23556205671570432,0.2415686538952956,0.28538149109470734,0.24533372122016353
1274,0,0.22384933060706177,0.2387479043273377,0.21250052905233216,0.24882938457875128,0.22574384245624413,0.2840369371417526,0.23740792332925653,0.24509512350714083
1275,1,0.22997487332672142,0.18738271923244332,0.2255483209176258,0.20500019063047728,0.22799208694736986,0.2053875608328074,0.20571492120849377,0.2061062003276255
1276,0,0.21126055900347276,0.20111062581949046,0.2202591593704458,0.21907218683815974,0.2354382904267068,0.1956736257604624,0.15660375990284628,0.2056811369834662
1277,1,0.8274467655568246,0.7940654438374274,0.8960748450578423,0.9048636698444992,0.9029944582463846,0.7584959973294013,0.8081938416539795,0.8162120954082237
1278,1,0.24715535075726372,0.33161544179033675,0.2331389277915417,0.2241207029053831,0.2594100262079721,0.3131706598086526,0.32734363350801526,0.29264167646351036
1279,1,0.8876003234241155,0.9010997898035434,0.9065587940722223,0.9497327007823358,0.9195132901995935,0.751229762605023,0.8549556840269329,0.8529627821602629
1280,0,0.27154277821766093,0.27451392586763007,0.25607397594452047,0.2409804192655455,0.2338552225137195,0.28353749575280895,0.25557910323855065,0.2713751325216532
1281,0,0.21750302652640843,0.21376569371168705,0.23851223527421483,0.20788129768503202,0.20208391248157406,0.2463187305207155,0.18385076921367235,0.23286555316887247
1282,0,0.18444248086030782,0.1816686760042915,0.1773170787781997,0.1903571064640932,0.18602588630075437,0.19305538329435845,0.2504889023756756,0.1840137126922832
1283,0,0.22802899666392182,0.22394877092590249,0.22782913185359657,0.20681667564716566,0.24927297007060878,0.2224773275896935,0.2767334717817857,0.2247517434563975
1284,0,0.28321253415044007,0.2564375594237423,0.2217441028106606,0.24156100135982958,0.21720918455708935,0.27426702038717243,0.16785719171228553,0.25081622754052507
1285,0,0.17384748835642924,0.18783243612309242,0.18525419157581605,0.18959263433536366,0.2226211650714853,0.19978920333964592,0.12938310798753702,0.1909586103461848
1286,0,0.1812823153058691,0.19763250615497596,0.18415394840801422,0.18660685873540991,0.21075400554077084,0.21595834628608043,0.2544087958887324,0.19924826694969022
1287,0,0.1590450932644887,0.18836747161777048,0.22049701799584287,0.2219799405602406,0.20427877171073336,0.23292361806538764,0.17392729807513319,0.21392936922633365
1288,0,0.41563502747924996,0.372917771444655,0.30794897755596645,0.2496098084076541,0.24636899967550782,0.3310954500257262,0.24598698523677184,0.33732073300878257
1289,1,0.25808381844491707,0.20357461785967038,0.20724840492607757,0.19770007862445838,0.23960749118098623,0.22884670786923175,0.2585844474869636,0.2132232435516599
1290,0,0.3432885852289824,0.31025899172873334,0.2851413286309603,0.23583906516487343,0.22758052324631392,0.27674041640075836,0.3070893196638913,0.29071357892015065
1291,0,0.217179375934495,0.2231586676434918,0.23343333497576682,0.21834179860656647,0.21944401564434105,0.23696337115142138,0.24079667345959743,0.23118512459022666
1292,0,0.16914455516771634,0.18337288840089108,0.19057961969093004,0.21427202411935983,0.21546155482816,0.18794696795170066,0.2533502683065383,0.1872998253478406
1293,1,0.9189293034557351,0.927984230987219,0.9453621366608228,0.9677565570560285,0.9924656219798903,0.9779897660062007,0.974332966304643,0.9504453778847476
1294,0,0.12802455238341817,0.1558085831679735,0.15139296401699262,0.16117902567860756,0.18630152679453071,0.15935697663950532,0.1140108224760128,0.1555195079414905
1295,1,0.3110636387765728,0.28993828713836334,0.24444318298662315,0.22762354130138696,0.269876473224317,0.29474128363428026,0.3389289298529006,0.2763742512530889
1296,1,0.9140250778780742,0.9213751338770372,0.9363389719768741,0.9651060010333848,0.9881176095285168,0.970703242270582,0.9698940459861151,0.9428057827081644
1297,1,0.15410296744503435,0.15263266560312042,0.1855377579514137,0.188903712050243,0.21523914950358222,0.16251690901845534,0.27083696762259246,0.16689577752432982
1298,1,0.2423731852339699,0.23251121459202087,0.25735175528483445,0.23051899501823422,0.2648486541127185,0.21310567822670823,0.22140180271898477,0.23432288270118784
1299,0,0.48213074456140603,0.4520558522843536,0.34397247081383936,0.3373810413585491,0.24466537444150557,0.3550975053202375,0.19217985606720486,0.38370860947281016
1300,1,0.2240991322048724,0.23150291692407463,0.2282177537022441,0.2659509461812451,0.26305454901656883,0.26973089977932324,0.2510436674130702,0.24315052346854735
1301,1,0.3443644866006486,0.32602236531390955,0.27900301956174384,0.24089740240189517,0.23067989898553456,0.3659060069088295,0.2730841302931768,0.3236437972614943
1302,1,0.8605442801136683,0.7351797958240146,0.8991644685197047,0.8615227648101019,0.8816033336634551,0.7179462627500182,0.8578967603363403,0.7840968423645792
1303,1,0.916599844325202,0.9226540470717025,0.9380574908067212,0.9666182129612894,0.9900705301236931,0.9743057293391367,0.9705205891169606,0.9450057557391869
1304,0,0.18378624254255704,0.18441965175142983,0.17269425097027014,0.1980906308619211,0.2069149602811118,0.22377939997935484,0.1497685697246125,0.1936311009003516
1305,0,0.24050063362518825,0.23508501222368072,0.2716889634994126,0.2089558739561048,0.26203293612543027,0.24266163969774956,0.2797371238779337,0.2498118718069476
1306,0,0.14505803699243283,0.14528806306894357,0.16662775867862353,0.19041598076177282,0.21371627715787148,0.13772679546350305,0.14213122436772493,0.14988087240369005
1307,0,0.20653120910965625,0.21238087458752272,0.21500373941783238,0.20301499645451718,0.2158442775601935,0.22900911769419097,0.23880575310388577,0.21879791056651535
1308,1,0.14980382649431503,0.1588753167024479,0.1922023429182227,0.18477410844145767,0.21832456265822786,0.18174302125577066,0.2265217512289778,0.17760689362548043
1309,0,0.18748828206079637,0.18678662194901072,0.19745947781908424,0.2517911270466078,0.29408281020889987,0.22349702347428776,0.3762731031355673,0.20258104108079425
1310,1,0.8530287248396308,0.8151156907820621,0.9081840652257966,0.9182170020288715,0.9056270940156889,0.7704914596451284,0.7808966506174294,0.8312637385509958
1311,0,0.18307387294045394,0.17986688139017196,0.1622974634521008,0.22027155388854405,0.21501127213644486,0.16556378182391826,0.25646614396483863,0.16924270888873036
1312,1,0.17765056014840722,0.18820595575801527,0.1964599626303403,0.1844188694770473,0.20403757160560457,0.19656314937137867,0.1689270919598639,0.19374302258657808
1313,0,0.19507826565863037,0.18407017847438167,0.17885628781342153,0.18518879357627205,0.18901601140644061,0.20205508517923057,0.25170060800886707,0.1883271838223446
1314,1,0.9190231413053932,0.924905974170081,0.9443260911196787,0.966444231348094,0.9876491249549861,0.9786934729490412,0.9599195621660576,0.9493085127462669
1315,1,0.916384735518886,0.9223815905636176,0.9371353584806398,0.964006744137722,0.9825417576461367,0.976191360210247,0.9713924492439752,0.9452361030848349
1316,1,0.2107227168658923,0.19992662936320746,0.2205242281872335,0.20612856301139074,0.23189759448992783,0.23395542213178033,0.21072397098304183,0.21813542656074045
1317,1,0.16453209352430767,0.16046120566329206,0.19266886321436827,0.1998249679896119,0.17743843020293623,0.148163201761455,0.2021892962784709,0.1670977568797051
1318,1,0.29394733148184093,0.2795981578010516,0.3215165455765347,0.2726157012469451,0.27031561404954624,0.2659446204003829,0.2461123798444215,0.2890197745926564
1319,1,0.29412283987225624,0.2795336286082724,0.247423435514743,0.22405352985021812,0.2382942465015263,0.30476253355222177,0.37579304212791215,0.2772398658917457
1320,0,0.20044705075681324,0.18293117719921448,0.1850242913513009,0.19832878397118955,0.20449123018963533,0.19109107052506927,0.22298071016803625,0.18634884635852822
1321,1,0.1739271339793608,0.17768387946650419,0.20216381460885766,0.19281335037515557,0.2250829925124225,0.1859403134627319,0.20877707736869688,0.18859600251269792
1322,1,0.9184855832523154,0.9275795800081554,0.943928927827685,0.9668289935193247,0.9923382198808457,0.9755906381563486,0.980576765337883,0.949033048664063
1323,0,0.2706182686466914,0.3095661416961522,0.2618806220167453,0.377064155876726,0.3317566263443155,0.35700392855884994,0.3262280450931559,0.3094835640905825
1324,0,0.1671881936454865,0.16881558004145503,0.19486627063106354,0.19341292799875706,0.21149735882279683,0.18700883179172956,0.22895723291292489,0.18356356082141603
1325,0,0.18742064309906228,0.19320936198167796,0.22110346942794437,0.20501899598077436,0.21667409631826673,0.2035643901482884,0.19173401913776925,0.2059590738526369
1326,0,0.18505158589734602,0.17831077402508236,0.19324778521014885,0.18972519733238494,0.21031312169712668,0.21230474596826143,0.20560038590780494,0.19462110173449754
1327,0,0.21762241649519834,0.24087058259440056,0.1949310605704886,0.20077460621628396,0.2223749281230358,0.23427698083974838,0.1980194061366279,0.22335954133487915
1328,1,0.9203201047126438,0.9294700797166615,0.9378112458181281,0.9660509204487617,0.9893808307120721,0.9717001082337037,0.9842669358756718,0.9463271445894978
1329,1,0.9187362824824467,0.9279759081959783,0.9459735976655006,0.9678836581652792,0.9921623096304616,0.9810886018691339,0.9876234616139175,0.9516793692435376
1330,1,0.9166925227520384,0.9260263286195234,0.9262581659140215,0.9605424528273042,0.9705177909559913,0.9506988256725767,0.8612906191546635,0.9343277734020404
1331,0,0.16597181242894773,0.18750682266886395,0.2066343431993359,0.19871972418981365,0.19992728774570104,0.19109837869305699,0.18581301060410413,0.1950798481870856
1332,1,0.9144730633431718,0.9220421159035057,0.9322882374428033,0.9665333337094818,0.9873106862470612,0.9669824901981711,0.9659957015649531,0.9404376145148268
1333,0,0.19296472395207612,0.20256423017365785,0.19335653084560164,0.19009258314801067,0.23469599755035972,0.24357376984727733,0.21455588608486556,0.21316484362217894
1334,1,0.17496419865662324,0.15390390180794236,0.2021572372843364,0.23175448917417119,0.2524161588722567,0.15870912963472525,0.21229834897902744,0.17159008957566801
1335,0,0.17208060738496633,0.22145411795887848,0.21187374460347877,0.21541248018743786,0.21619392672454948,0.24306161261920714,0.2462141443002396,0.2254631583938548
1336,0,0.12974007924675665,0.12594961149023473,0.1471245920237397,0.17921625623936857,0.1936449569933021,0.13037076323440075,0.19644050439888974,0.1344816555827917
1337,0,0.22303771581290263,0.20821871490527166,0.23342510119532664,0.20601553091969707,0.22411644474135584,0.22065510723275364,0.2297688531412504,0.22076630777778397
1338,0,0.15159209680198574,0.164463577068612,0.15988574776646292,0.21373841985405806,0.23624422519914226,0.1351588886804889,0.16597567471658528,0.15316940450518793
1339,0,0.1299587319755053,0.14604850821352078,0.1662545445676399,0.176141057621976,0.20812569409636109,0.14285707705789993,0.186077559763398,0.15172004327968688
1340,0,0.25754590556413043,0.20823006407066136,0.19751589531326852,0.19435695702840086,0.20125657123958485,0.22073306991293773,0.186543002748349,0.20882634309895587
1341,0,0.3224507958407277,0.2441796163023814,0.22166543128925423,0.21339482785590358,0.2109004217598525,0.26282281994777307,0.20612369056860233,0.2428892891798029
1342,1,0.2230356877729672,0.21131797616177592,0.23251683774757104,0.2065400222560042,0.2189854661150931,0.23611124420762428,0.1840437624460943,0.22664868603899044
1343,1,0.22181577682982814,0.19800659041926402,0.21403506532211614,0.22946494423583277,0.21324914481753163,0.29710192803757335,0.23022197896805305,0.23638119459298448
1344,0,0.1515049954869283,0.1356353287577269,0.17004236693469132,0.18445953240207577,0.18585529082257626,0.12984717780845648,0.13477865365579453,0.14517495783362488
1345,0,0.19904801437508823,0.2732454973314674,0.23697915488131796,0.2617298886016765,0.238050168391861,0.24087021119049837,0.3168798090981027,0.25036495446776125
1346,1,0.9175797415903202,0.9269549103488434,0.9427842003352662,0.9647913825421194,0.9878716248652569,0.9663029908693163,0.9691831393923289,0.9453473671844752
1347,0,0.21255277473904352,0.24516414891167063,0.21702427856209475,0.21028817640139477,0.20438266377255895,0.26893938251329896,0.2562530056723968,0.2437092699956881
1348,0,0.2815949220932836,0.23563265367936437,0.2743615397751809,0.23167324937596442,0.21961811744095602,0.24673688646693615,0.2892654809992165,0.25224369330716045
1349,0,0.1710178289494735,0.17342305093568822,0.21642940229463573,0.20190400662799232,0.20337151675231316,0.185940386659973,0.2367004424787124,0.191930946630099
1350,0,0.36390295455218674,0.4439194948506855,0.3988551179356478,0.31483832386240485,0.2572108874666282,0.3781444465009283,0.21768396245640373,0.40697301976242056
1351,1,0.9183492158565373,0.9273816820091666,0.9441114006209674,0.9666885193698872,0.9917753337137544,0.9753709309250705,0.9739466012095384,0.9489546711850682
1352,0,0.35049815703689213,0.31950055386301585,0.39026513546971486,0.28659867079380485,0.26821481886589477,0.30109169859402085,0.3157239628856432,0.3369524626422505
1353,0,0.23782746317750278,0.24122340575000634,0.2295221248921697,0.2271431713250299,0.21566165836052265,0.22538103083009675,0.2115917272232569,0.23204218715742428
1354,0,0.30554759566424256,0.397726144329059,0.29856809777123844,0.2641029525441493,0.2582019624799606,0.32160461463468865,0.30993758412197286,0.339299618911662
1355,0,0.22205850154102194,0.2246255956803279,0.24319237852301012,0.2852201730061252,0.2959153097779812,0.24631633849672874,0.3456443221817978,0.23804477090002227
1356,1,0.18538175183937225,0.17137049038722932,0.159075127590959,0.2386177098323569,0.25044825106442925,0.17715139759921508,0.22930521447886174,0.16919900519246778
1357,1,0.20877633786890656,0.20937966948576725,0.19932389473910925,0.19577387647350797,0.2105951909365419,0.21187531649297678,0.2723600390832037,0.20685962690595108
1358,0,0.22711094619384017,0.18365886798631514,0.19185954150212314,0.20862397451380163,0.231825602166425,0.19307282936453274,0.31212599759532783,0.18953041295099035
1359,0,0.1966536098411863,0.21017840971188928,0.2130502712956118,0.19709818291622347,0.2237830783304415,0.2425739375819298,0.32468066020304104,0.22193420619647697
1360,0,0.23355052136520227,0.18639539795620108,0.21580824125429574,0.2424623468232623,0.2555066966219393,0.21151648227886244,0.228133111024758,0.20457337382978644
1361,0,0.2953644643946028,0.3011450704107063,0.2534718798929879,0.23864751312615615,0.23470108656511504,0.3015709653774313,0.22425150562404292,0.2853959718937085
1362,1,0.9256371201671675,0.9295758773257425,0.9498891548545308,0.9710705415481908,0.9920427202997383,0.9799494909160379,0.9844485763603738,0.9531381743654371
1363,1,0.29598033686607034,0.2039576933514521,0.18074306456441658,0.24238802902154508,0.22385082909672716,0.2275604873821561,0.28502055149968225,0.20408708176600823
1364,0,0.21936920715057032,0.2326304651141201,0.22228644311415555,0.2144008231396849,0.22864580689522415,0.22914922468670348,0.35966588354390905,0.22802204430499304
1365,0,0.2954597485833609,0.3340201292535839,0.2892886387497026,0.33557825048931167,0.3034255950317255,0.29664719641564785,0.36794243306163804,0.3066519881396448
1366,0,0.14792938400324,0.1710164600753059,0.16590501911207908,0.1986807180451641,0.20427635458421634,0.15606629814210268,0.18267309444812665,0.16432925910982923
1367,1,0.24954521208310373,0.24052821313074227,0.21674567638493028,0.23057353958517676,0.23395203497003625,0.22545236891242582,0.17587957891227757,0.22757541947603277
1368,0,0.22374929497973658,0.22248577524828636,0.1909287939664361,0.20801611762932368,0.21658212275225167,0.2260657987500917,0.14543640421707502,0.21316012265493808
1369,0,0.13543064909213562,0.15421149647764462,0.1702602360775258,0.1765550907863046,0.2048086995343922,0.16053289910251922,0.15791116232786323,0.16166821055256322
1370,1,0.9188921768102775,0.9245423889601722,0.9405275660790872,0.967836953692727,0.9876895930920776,0.9721312985604689,0.9726050778099785,0.9457337511999094
1371,1,0.9152771136893785,0.921590962119498,0.9297892206055103,0.9566114516258098,0.9801242024118267,0.967948988822458,0.9424832718192165,0.9397763905158221
1372,0,0.2962198365771669,0.25111708716999476,0.2122576390381297,0.19624580815453904,0.21780653651686835,0.25936780249402136,0.1635088306817004,0.24091417623404862
1373,0,0.9109620074829992,0.9029793052497291,0.9181018909212396,0.9403632348705703,0.9655123419154098,0.8569480676875969,0.8925223660128513,0.8926764212861885
1374,0,0.2832033290867692,0.3134576686338693,0.30087636920459787,0.2366722513675338,0.24028555161160348,0.30548529201337266,0.44473776010110777,0.3066064432839466
1375,0,0.2575597618071807,0.22214435763910065,0.22299203995813985,0.20772214037727685,0.2266893692328024,0.23692670307322916,0.2604805229787206,0.22735436689015656
1376,0,0.26395413657867073,0.2649103203788767,0.23897070353681607,0.22990744849959724,0.24679129564389077,0.24522152467663672,0.26566021079988267,0.2497008495307765
1377,0,0.2562194381459826,0.23471572589767478,0.23791982812868417,0.24154020629342296,0.22728008560571192,0.21954137365823567,0.26830403041563716,0.23072564256153152
1378,1,0.1570763214975567,0.16052111496033897,0.18594688853316796,0.19453582151784884,0.2221200420385855,0.17033149473123962,0.18647981188823679,0.17226649940824887
1379,0,0.23623136040511908,0.23710698243247016,0.2404161318904983,0.22168172083360227,0.21999036756808696,0.25340597623163447,0.2080899164657323,0.24364303018486766
1380,0,0.7805750264927193,0.7619301275536072,0.6315937278098381,0.617599953182154,0.3384280792021553,0.5764736096514279,0.21900972943591956,0.6566658216716245
1381,0,0.890982854875917,0.8393380957692552,0.9170949540570125,0.9529049642625268,0.9547052227071249,0.8722254660962937,0.8750711738876852,0.8762195053075205
1382,1,0.425360657724345,0.3553748026548007,0.3071420805430032,0.27559618445006145,0.24664646843819268,0.32688665535224565,0.33990955761505576,0.32980117951668314
1383,0,0.220718338342463,0.19985975362278252,0.20329667051652053,0.21067390963169932,0.21840337421169584,0.22622250454998413,0.3363379269279659,0.20979297622976242
1384,0,0.1701695849663171,0.17885729677237816,0.1821992712247167,0.1980538170944535,0.20291932619395683,0.1967789815767691,0.2347329250071145,0.18594518319128797
1385,1,0.9191209119902001,0.9281116385848391,0.9464358967896782,0.9674925942390403,0.9925781387048617,0.9801844555208383,0.9715321570052108,0.9515773302984519
1386,0,0.19122008423453377,0.19679876639967395,0.1746526615487813,0.18521413825762825,0.20896766342766662,0.18674253444208852,0.176444391785614,0.18606465413018125
1387,0,0.2701987168376229,0.3033793354674046,0.25245499446570857,0.31946039016197303,0.26906861702037144,0.32761053055543793,0.316445395876884,0.29448162016285034
1388,0,0.20060645467651186,0.19239970132158088,0.1926497315472898,0.1849455162349909,0.20460113489215614,0.20791927009158737,0.1569004340257594,0.19765623432015267
1389,0,0.2538368852232456,0.2873360159715406,0.18679461474749184,0.18617770389225397,0.22078447252212763,0.28816211156023896,0.25210642284486146,0.25409758075975714
1390,1,0.9179156924206517,0.9275356379040726,0.9444319249074402,0.9663681402702786,0.9924014984701538,0.9732252302631427,0.9860915046438338,0.9483975976915517
1391,0,0.1811969952695577,0.18490747502932656,0.20417788709509374,0.19640037755992854,0.18730963402698234,0.18739835549592443,0.20756977554110653,0.1921612392067816
1392,0,0.22411989191967327,0.20994495024103244,0.21599867177336707,0.19897172911914388,0.24019668965308663,0.22951619549816268,0.2635572145726109,0.21848660583752075
1393,0,0.290895489097822,0.2745888636489547,0.2520839165241026,0.20123929669164178,0.22089741824652195,0.27773125661566606,0.30999092830552183,0.26813467892957443
1394,0,0.27466252914605865,0.29522795265541607,0.23644501513796926,0.22008501610398493,0.24046274478457288,0.2646151208908793,0.3446320170978958,0.2654293628947549
1395,0,0.3651069076236056,0.4704170164415962,0.3535310206531605,0.2507887707690292,0.23958094826096732,0.40250160739903046,0.3342566989026863,0.40881654816459573
1396,0,0.7943431265402379,0.7055764014881901,0.892871439040753,0.8772306207012504,0.7691040641314465,0.5406050729814572,0.7578810504629404,0.7130176378368001
1397,0,0.29239723447827287,0.2931764470431771,0.27681028992779194,0.23181414444194268,0.2355071275119557,0.3040283759396077,0.30066330115459633,0.2913383709701922
1398,0,0.19536332687843652,0.22335537977934783,0.18242242505553583,0.18124145414620463,0.2028640400155813,0.23795592645948735,0.17125529689578034,0.214577910431457
1399,0,0.2550740161586849,0.35849120984901534,0.2763121003722167,0.2441275027923467,0.22897543820095248,0.2767179808223324,0.20926433836857639,0.3038404303478548
1400,1,0.9153632795556635,0.9216696537846358,0.93579615942418,0.9663637557114511,0.985091882132596,0.971497315416889,0.933790181345869,0.9429877095419016
1401,1,0.2539977811642486,0.19408466414729764,0.1954008950694389,0.18480394090906835,0.21224690151384953,0.23616778197560895,0.2126050667683527,0.20855111373078183
1402,0,0.20146010530994177,0.23850367299642664,0.2194656932162291,0.2110724549118427,0.20012343971960825,0.22789707244699176,0.1384478026915318,0.2286221462198825
1403,0,0.18953866261696237,0.1596299170706355,0.18917115342685684,0.18618001881834276,0.19510861653045053,0.18149132723988007,0.23166179666584188,0.17676413257912413
1404,0,0.18783552422335412,0.22242729456050367,0.19852897319660034,0.21322918759216558,0.22656807778360266,0.19844486634859257,0.16052605330661873,0.2064670447018989
1405,1,0.2616017597097285,0.21501625706993602,0.22267627703803983,0.23398397507805976,0.20007711476040854,0.24224999951399906,0.16016162429557732,0.22664751120732496
1406,1,0.2657096885235461,0.30970240183331654,0.2568092424631852,0.2439559644214753,0.24048713345813577,0.2993367593507183,0.209969918618631,0.28861613454907337
1407,1,0.9189592941279298,0.9279055779901174,0.9462402656806229,0.9679285875386648,0.9924715988456461,0.9780159871189581,0.9597955308187441,0.9507206102632328
1408,1,0.881754741185337,0.8494113737253562,0.8793208006593104,0.9281402000602362,0.9018164411587651,0.7849438121705784,0.7461833150034575,0.8378919955184151
1409,1,0.3332023527488606,0.3129946902845813,0.28608717810456014,0.26784870547495293,0.29864768143926723,0.29580088575071967,0.29399324365404156,0.29829425137995375
1410,0,0.3209421699152713,0.32562434560916503,0.2521000954586146,0.2119254077792244,0.22953195942353297,0.2981203331253973,0.42603668144390056,0.29194825806439234
1411,0,0.1801350641031035,0.22585665872349636,0.16480311013420915,0.18916944356870835,0.2002122124643088,0.22225561051822898,0.18462650899718344,0.20430512645864485
1412,1,0.23287770245495176,0.23383017954257693,0.23802162946560634,0.24945151464283088,0.22011249544761133,0.2458546228464503,0.24971274307688565,0.23923547728487785
1413,1,0.16710190834661665,0.17537952736743315,0.1915962432098363,0.1889390560417905,0.20913626372591554,0.1734647308456546,0.21708438360286797,0.18014683380764132
1414,1,0.25952900195823303,0.24560501169560414,0.21705648522919252,0.19042331918270036,0.20701912572171932,0.2434596545788371,0.2340393032621787,0.23537371716787792
1415,0,0.17061851127679936,0.13709235455204258,0.16732482647120828,0.19140511547959402,0.20072411140347182,0.13401620388589264,0.14348353346706158,0.14614446163638117
1416,0,0.15307340185642904,0.14429918818207518,0.18583521717047904,0.19009837652480632,0.23119736310346273,0.14076780646855028,0.17082489367187573,0.15696740394036815
1417,0,0.13474530318852443,0.17413363870671117,0.18473675860373237,0.19376554354329736,0.20899394909804983,0.17600159481573488,0.18935164416767702,0.17829066404205948
1418,0,0.15317234419480866,0.1583840806743028,0.19441430599503082,0.1881259442707411,0.20396534547330458,0.14879460189477375,0.22859277100132636,0.16719766285470247
1419,1,0.2096153148989218,0.24892973068850135,0.23782593594268617,0.22203258524548372,0.24985911724054585,0.24584431389124384,0.276316080885886,0.24419999350747712
1420,0,0.18555969102907852,0.19107948016052087,0.18898081890048032,0.1854757470362237,0.221265862753234,0.19146742556854143,0.21106631221376623,0.19050924154318086
1421,1,0.9120509427058775,0.9223801593469094,0.9350934189356278,0.9497741701197474,0.9742889142943971,0.9487126408049881,0.9311044392225439,0.9353954063625084
1422,0,0.21135970149306374,0.2260283241614672,0.19681788293864846,0.18856626834376966,0.23117495762420126,0.23220149389498104,0.28746416623297616,0.21834923366503223
1423,0,0.3867340771871986,0.3152812185872476,0.3210464169431491,0.286907167776705,0.24680420622402247,0.2411512670362754,0.23262438996131926,0.29249296752222403
1424,0,0.2412534271450809,0.2518291582987582,0.2805326946564748,0.24523433254911078,0.26175866657566055,0.24658905056459493,0.1934692107754199,0.259650301173276
1425,0,0.26417898827833675,0.23387455644837787,0.21770507856760593,0.21109660241386766,0.2029783881630698,0.2196699900025494,0.18297030712617954,0.2237498750061777
1426,1,0.14827636785686715,0.1664319806774406,0.18551468343886166,0.1811773147924939,0.19131128518591758,0.16785805057701078,0.18265112149462226,0.17326823823110435
1427,0,0.19409897204305435,0.20716107121604585,0.19648404344419693,0.19383635281129183,0.19464985135355353,0.22632042239467456,0.16000465494532906,0.2099885123516391
1428,0,0.26086441709093605,0.24060636586645903,0.19773668706045097,0.18697989594091066,0.21305793094949524,0.24311575168431865,0.19670890156737197,0.22715293487040955
1429,1,0.9089046587149223,0.91617288721294,0.9118939477129239,0.9464057328563721,0.9819941230849022,0.9415177612413905,0.9168152451878657,0.9231948653890848
1430,0,0.48202259982118084,0.5713673657453362,0.43837503212498463,0.366659116971144,0.26198396397109575,0.4178332462537126,0.2660369231396091,0.4758585480413445
1431,0,0.22563540046980526,0.2100128365787982,0.1922087563620881,0.19543343973560748,0.22289700209524788,0.20943308128173865,0.1561665246868837,0.20388489140754165
1432,0,0.18791360788132846,0.17985402880974152,0.18420835747488615,0.19937654753045805,0.23838199595978335,0.19687901902650687,0.20876420119564396,0.18698046843704486
1433,0,0.32265133863238343,0.42883930182862257,0.2601570761189874,0.27697211290331186,0.28248113811015657,0.35676944584543063,0.36431625520009875,0.3485886079310135
1434,0,0.1744781767527899,0.18354283321910259,0.1941060481860677,0.1906276835064746,0.19670461409628415,0.1723514227453454,0.11400775581986351,0.18333343471683858
1435,0,0.21078985536492376,0.2285928837759258,0.26190262579760076,0.2199681674438344,0.23336319463212862,0.2347259148829263,0.19779895114235688,0.24174047481881764
1436,1,0.9178149794024743,0.9279997991940926,0.9401454474320734,0.96588009828007,0.9886924835935406,0.9744604920854419,0.9258538217529271,0.9475352462372025
1437,0,0.2255069467363835,0.24656692172343062,0.18144534613272012,0.18432646829580315,0.2014050637443903,0.22195373091491813,0.17311616336259253,0.21665533292368963
1438,0,0.1835253826300155,0.19376470063697582,0.1991024251765122,0.1961699349494873,0.21108243196840584,0.1750216683086702,0.13641162159574746,0.18929626470738606
1439,0,0.27258138508008006,0.26578441872751907,0.22600378664800833,0.23840970617748622,0.21524433758164788,0.2595642197692079,0.17724819391748867,0.2504508083815784
1440,1,0.9250857716285306,0.9290237155969443,0.9491596336689886,0.9713352581568767,0.9910963529818746,0.981860080634989,0.9700811824770194,0.953347809966974
1441,0,0.25582779859262034,0.21126255506188574,0.2364573125068535,0.22227386464274523,0.21371509051782692,0.24078799566936557,0.2475648993499432,0.22950262107936825
1442,1,0.20241094892529624,0.17538009264433405,0.18162938862500078,0.1877496371482529,0.22150966576778083,0.19139266534237523,0.17379328927048357,0.18280071553723667
1443,0,0.3466244008729535,0.3910577758105572,0.39990264234469985,0.31148957857261966,0.30867865384393595,0.33856349441582245,0.33511941654296634,0.3765079708570265
1444,0,0.14519855935037704,0.15385817621240358,0.1642067618950757,0.16186106453657878,0.20399846029588273,0.1664235788663344,0.15624417295278573,0.16149617232460456
1445,1,0.9182943490723209,0.9243462916231181,0.9342714829796535,0.9632584070840902,0.9833084558558441,0.9717426311475005,0.9444331789931198,0.9434534685834239
1446,1,0.9150107401798455,0.9217986524692426,0.9350486739797735,0.9668932731416128,0.9889816110929912,0.9728139745115943,0.9739138572870808,0.9432204336535368
1447,0,0.29300911594106044,0.3118356123741095,0.2844842202155061,0.25026810948461814,0.2341937746886723,0.2921026455750817,0.26567073856518714,0.2961408260548991
1448,1,0.15825105996456504,0.1778443642984162,0.21358734978802663,0.21087170698491353,0.21666028953125163,0.17523299749030896,0.20137050229470907,0.1888882371922506
1449,0,0.16366701729634828,0.15894879652405614,0.15628710028263867,0.19800932902881394,0.19172566338479244,0.19999083812880503,0.20531150032712206,0.17174224497849996
1450,0,0.15422000450795112,0.16503885624821793,0.1671691165203222,0.1733657209775035,0.19089091789319435,0.16598693234925735,0.13707498896185216,0.16606496837259918
1451,0,0.24554912525707526,0.3049176403922076,0.23868283099941248,0.226940773752109,0.2487220532001795,0.3066299755927153,0.31655940129535515,0.28341014899477845
1452,1,0.9231788400111375,0.928601850112806,0.9479390604937299,0.9703489870945203,0.9922284745010308,0.9805488068860407,0.9925154686238965,0.9523632391641922
1453,0,0.6813072681942506,0.7368498485213353,0.6797916790011805,0.5393117992093122,0.31939804859795595,0.5748221078271758,0.30254959177790136,0.6638212117832305
1454,0,0.3357092128338246,0.3699476628914944,0.2782857041778179,0.21080703487387054,0.3091959601620566,0.32091437153899793,0.32359890577062606,0.3230492462027701
1455,1,0.9183747905297831,0.9247856298796444,0.9419016035964103,0.9660552944368798,0.9870692959165869,0.979424018538498,0.9535273798740723,0.9487037506715176
1456,0,0.19686017598581215,0.2548746885524246,0.18927928311213338,0.23582375926903043,0.21384307201548527,0.21643068716915734,0.1837338412473736,0.22019488627790515
1457,0,0.13731050741690487,0.1339542169227845,0.15397273121315247,0.1816601765871926,0.1978084509752255,0.11201094319514675,0.18504338564441888,0.13331263044369457
1458,0,0.16530174939931938,0.17493559976411507,0.1782411526023677,0.1971307996275825,0.2297708614539825,0.18652765819157446,0.17853853562963595,0.1799014701860191
1459,0,0.12770228546694193,0.10719674103774006,0.14540234405646393,0.18009126194012728,0.2574483322684478,0.05707027227610506,0.2676504045853349,0.10322311912343635
1460,1,0.2150464844429324,0.19675327738836437,0.19990195332136773,0.21589666832975726,0.21210723998890582,0.17524093314708258,0.1499541327171425,0.1906320546189382
1461,1,0.9199816366579766,0.9293664648007788,0.9382127309616122,0.9695982688084187,0.9914182367990895,0.976087367165488,0.971739442962621,0.9478888543092929
1462,0,0.19441802693332919,0.20216507688808782,0.17826159699040015,0.19469422852487264,0.20596119153971967,0.203839825053139,0.23874363321071526,0.19475549964387565
1463,0,0.1991338320639191,0.2223164468875621,0.20682834350996157,0.19251535073103232,0.2192130554972517,0.22925664279686755,0.22579154132022153,0.21946714439813042
1464,0,0.18074982396057862,0.16128591806008621,0.17873629841024616,0.18837076376881756,0.2018672569168571,0.13223907126669998,0.17337121462135494,0.15742042924567745
1465,0,0.15686212811703845,0.17930730775929507,0.18064248488491996,0.17631461414752683,0.21665727646219102,0.20022025940584928,0.1710679836716694,0.18672335068335477
1466,1,0.9192035481147083,0.9290514403004039,0.9324040566230312,0.9640165837816307,0.9862963366226202,0.9759785700253759,0.9606039077808054,0.9458113556496036
1467,0,0.15694847256149858,0.19062270696119418,0.1661232143164136,0.18070091802342325,0.1996376935325861,0.2061072303636504,0.15221975511088814,0.18761771721375273
1468,1,0.44637040331570077,0.46907577697389913,0.36213779815629055,0.2766866127064273,0.25795670019987194,0.3470957159014911,0.30893147481003363,0.39276976367722694
1469,1,0.2293721873222533,0.2360430704342947,0.23650271127292113,0.22054192635790348,0.23990989073535576,0.23646385992838126,0.22627755356345558,0.2363365472118657
1470,0,0.22937573167528416,0.23784181943802526,0.2347483456242854,0.2125691067341632,0.2267092583627509,0.2610736849277276,0.2365693275653705,0.2445546166633461
1471,0,0.6735521985577818,0.5711558477741067,0.5293685975917356,0.6054133220536964,0.36105592223067967,0.5460695952404326,0.41750361594983104,0.5488646802020916
1472,0,0.2758694905896271,0.2716285555761147,0.2213834498024386,0.24879024675368444,0.21660548488460937,0.2342615150562141,0.2155806253696754,0.2424245068115891
1473,1,0.22517479548029162,0.20696960189767033,0.19831071061046082,0.1885768243658058,0.2015438540614719,0.2187569911898619,0.20858272106787798,0.2080124345659977
1474,0,0.17291683148725032,0.20337160385104358,0.1790946597304912,0.18613161926632008,0.202213802812666,0.20997791991685943,0.24628468549568905,0.19748139449946475
1475,1,0.9164637574973847,0.9223832157987181,0.9388584994852782,0.9671484668225655,0.99013645285729,0.9755437323907961,0.9912278648763492,0.9455951492249307
1476,1,0.17212296160028231,0.2001672535389518,0.2085717009455262,0.23049247592402744,0.2635412228736094,0.22653718724657881,0.2019134350646633,0.21175871391035228
1477,1,0.912606066498222,0.9198900725654581,0.9083744573652478,0.9370180014858126,0.9625428346687431,0.9542695854797928,0.8617415799728093,0.9275113718034995
1478,0,0.12778023224348187,0.10414136900889222,0.12015645812996141,0.17051930538189222,0.21229541664250381,0.06100105263934034,0.08728890395153967,0.09509962659273132
1479,0,0.36144226201573665,0.2967111918683539,0.25145605303561597,0.2446870227367061,0.2269173032903843,0.2678382455251362,0.26626285159851437,0.27200183014303536
1480,0,0.2720744835254559,0.24299889220165416,0.24116835030635606,0.21421061533017335,0.22204303248535381,0.25529079123326337,0.21423404623772394,0.2464860112470912
1481,0,0.2176201774678875,0.21887658855971637,0.19316267890537356,0.2692908298988263,0.23836783313499418,0.2606947151328403,0.24303990221969238,0.22424466086597675
1482,1,0.8840292669950877,0.9048194267394797,0.9052248303903477,0.9405437090213519,0.8708769286502914,0.8704630604119673,0.8208571831824926,0.8935024391805982
1483,1,0.1451444917545046,0.1536457756858384,0.1697361911535911,0.17442659502552083,0.19090184788105666,0.18087566813717068,0.19097388387248673,0.16808587832553337
1484,0,0.15364496991059243,0.17754189570061626,0.17548129756586575,0.19199902887151044,0.22125264255875243,0.1585787882549743,0.2551919254661669,0.17053399384048543
1485,0,0.18979882357539868,0.18605055581698351,0.16230694179892055,0.18103723543400094,0.18931616363424073,0.19330176824316983,0.13386533558217406,0.1805530886196913
1486,0,0.19116115278346787,0.21792212205438274,0.18396819825954983,0.2083756496333801,0.23071058378671486,0.22087325483334355,0.16937086794821976,0.20758785838242536
1487,0,0.14339283894888624,0.16347772333225544,0.17962329798337753,0.18720008750875272,0.20450908309931562,0.16147940535814906,0.17352352889741984,0.16819347555792732
1488,0,0.19159168015257685,0.1920014224023793,0.19203501570507162,0.18087652576672505,0.20725564794687543,0.22046411737673766,0.19229508684666627,0.2015001851613962
1489,1,0.8181024111764469,0.8097031264529186,0.8521566748658725,0.863544729764402,0.7518356552808104,0.6603694796905241,0.6721267933517048,0.7740764270031052
1490,1,0.9165965208945378,0.9279750594569509,0.9109877542088901,0.9515918053754443,0.9868673561523598,0.9665726362743882,0.9387393399509115,0.9351784833134097
1491,1,0.19810876728174043,0.19251541030695307,0.19810460054471504,0.19644038471695954,0.20271384129605327,0.23265321953146398,0.18784030769050317,0.20775774346104403
1492,1,0.8824340332524355,0.8738915690935852,0.8559758310313971,0.9032909976884284,0.6524089469109042,0.7775846205807735,0.6048440719978924,0.8358173402352519
1493,0,0.1624734813784407,0.1306640869502449,0.1634019342992613,0.21397839290658438,0.30134908001973876,0.07980756167723049,0.11668378601233172,0.12462452764224556
1494,1,0.8153743149577636,0.8729573560010171,0.8825786522235095,0.9330383671323629,0.8715286583348494,0.792314285534474,0.6509610165816311,0.8492834312530002
1495,1,0.9210891731894466,0.9298621011674033,0.9407797537578871,0.969790136529619,0.9919098854208457,0.9788251950200251,0.9901453461015554,0.9498223499817718
1496,1,0.1564666511351764,0.13779975722730406,0.17730122640760518,0.1936773676723298,0.20982993568049577,0.15098217702363156,0.1642435636818569,0.15536105355284693
1497,0,0.14522217023719367,0.14763850235873274,0.15465739593124272,0.17745467531155854,0.18927411280583442,0.13720203553340282,0.11700319997648745,0.14649931127445945
1498,0,0.11033097903313031,0.1004714678736285,0.11751217746497232,0.13338674412957555,0.20055113320247353,0.03649197806501076,0.13223052214994827,0.08482520780120385
1499,1,0.17106152214846074,0.20624069444418588,0.2146769854749552,0.19328614085749798,0.23576516199743872,0.22607667071003404,0.21013242402828006,0.21566478354305837
1500,1,0.20597705403418778,0.2258994627905261,0.21622521663365443,0.2018543917592007,0.22538593772163326,0.20112941140728838,0.2736032437786089,0.2144180302771563
1501,0,0.3372185271098114,0.3091574792080544,0.2590375592249449,0.2294280406093402,0.22258076417929798,0.2689788870999159,0.1908515672252055,0.2790579751776385
1502,1,0.19611212498934702,0.20626794050778743,0.18615919919546842,0.19160378093190922,0.2003117956774919,0.24292452898342345,0.1585771480927842,0.2117838895622264
1503,1,0.20197342053083425,0.19673132667403967,0.22038143601655028,0.24354419424826323,0.2029563487567806,0.17662414719106004,0.11906359591186112,0.19791230329388332
1504,1,0.2226565724148503,0.19839493162470065,0.174976994766871,0.21929809991241841,0.20652476698590602,0.25341793231271237,0.2535684761325545,0.20892995290142802
1505,0,0.21076557059226828,0.23263467677792807,0.23008626712795563,0.2496394064605584,0.27081414935435405,0.21184400579447127,0.2659828552114848,0.22485498323345166
1506,1,0.918933355873277,0.9277759194024071,0.9446672881729127,0.9646718975049738,0.9896880410415423,0.978145780511391,0.9480812209087851,0.950196329362237
1507,0,0.21997149370966382,0.22708985430657158,0.19979752942427018,0.19348056120458526,0.21221090032498516,0.23296298851283237,0.21974346247643592,0.21995012408122472
1508,1,0.28282618686445615,0.2665557059486232,0.24782666531627973,0.22462861007195403,0.2223222504427911,0.27795862137502,0.22655500449430752,0.2641136642133077
1509,0,0.18012659420477983,0.18995580436216208,0.20569251221678178,0.19584510084169796,0.2058180267117277,0.2125763653700643,0.23961292436732426,0.2027415606496694
1510,0,0.17633193511298206,0.2366047446136148,0.22368081511523139,0.20673934446195652,0.2107743181884123,0.22302043438564226,0.31768932968158053,0.22776866470482948
1511,0,0.1907533697502173,0.18332429332035124,0.1959422303762297,0.1955406348626311,0.19619530941086827,0.18575130888963765,0.2038519772001363,0.18833927752873955
1512,0,0.1755259418025256,0.18059959027464015,0.19284853301388036,0.18472681915679465,0.21606936104931607,0.2148749000429365,0.1702136778853963,0.19610767444381902
1513,1,0.21529178702176696,0.22910404558600536,0.24739323618222,0.2447570548721236,0.2511240325818422,0.21781203630846294,0.3350709217881957,0.2314364393588961
1514,1,0.3736348350807425,0.3787762245597592,0.2782368216049789,0.2323602795466343,0.23199058308069032,0.33819213184120467,0.30564348418834325,0.3317350593353143
1515,1,0.2651099940022809,0.26868964291376934,0.23109762631693007,0.22068251140525852,0.22887078163140417,0.298596177114885,0.3095937357814104,0.2661278154485281
1516,0,0.17867633686091375,0.20569482554725313,0.18970193142923908,0.18981033108768663,0.21378719426567505,0.2000900816138568,0.2051352936135075,0.19849561286344966
1517,0,0.1371603866454861,0.12614077348675204,0.13117899762697285,0.1865785692648185,0.2424975265163242,0.09268110517376883,0.1734870659657081,0.11666695876249793
1518,1,0.34131301505109685,0.3656564694938634,0.33306828566400865,0.277459212021675,0.23887690862743535,0.334496221002825,0.2667805374244001,0.3444069920535657
1519,0,0.32848322480505765,0.31788335121102373,0.23648928220436613,0.24459954550047977,0.2027986055435984,0.25896734316089126,0.1730930835003854,0.27111332552542705
1520,1,0.18497220633905764,0.16990101639220492,0.21025165023452463,0.197501696533901,0.21901797353679275,0.18024872011776946,0.2493683217972933,0.18680046224816635
1521,0,0.23114587066751957,0.2615261861670842,0.22178097405773034,0.20503611415938125,0.20759869124813793,0.2548526317225373,0.19884698821734711,0.24605326398245062
1522,0,0.1904424205731076,0.16874304932116635,0.20076680419253043,0.19240332551378805,0.2225719152047085,0.21303790778996354,0.15214531684590912,0.19418258710122008
1523,0,0.22246276476173196,0.23885644889835286,0.22548023923264818,0.1954858064721443,0.22379272962323063,0.2549183397903843,0.34576886639411836,0.23975167597379513
1524,1,0.2228381149376473,0.18491859743155104,0.20678798716835275,0.18621794638394903,0.22168235598228048,0.2112717921203815,0.2376006572122602,0.20099279224009511
1525,0,0.19838190981576273,0.17488645702231828,0.20468243514748422,0.22535283212175225,0.22443261011922525,0.22680589593589354,0.18094967831761133,0.20212492936856533
1526,0,0.23898785120022392,0.2709912855446623,0.22411852446036207,0.21972848289166902,0.2114368700044055,0.27256365917286796,0.1562012230708075,0.25589115639263077
1527,1,0.4163956175323072,0.409286174244513,0.557681370919875,0.37081259953494056,0.3217378633445079,0.3383760920414746,0.3089975439679153,0.4351145457352876
1528,1,0.9176425628687476,0.9278172239813602,0.9447819291693076,0.9676305583426971,0.9924235668935458,0.980991196572598,0.9925505790373995,0.9511967832410887
1529,1,0.17125293119682514,0.18158468186311846,0.16919740544444517,0.20859161962337455,0.19842987577240814,0.1967684834247625,0.18267654252807308,0.18251685691077538
1530,1,0.8695029465133309,0.89452008723943,0.8932811905911847,0.8805981442768808,0.7394482742269511,0.8331904175525668,0.6519840107958627,0.8736638984610604
1531,1,0.20635861704596034,0.2504192906870752,0.21548956705604624,0.21542770681106174,0.24061878827696162,0.25432349607350585,0.33427192923150856,0.2400774512722091
1532,0,0.26359671412144536,0.22117781371769288,0.2170052201566602,0.20976003368870041,0.2084245794615154,0.2100426033782897,0.2480638215514721,0.2160752124175476
1533,1,0.9180820037609031,0.9273652249864955,0.9453535675690786,0.9680706789114352,0.9923461387348834,0.9768084900235694,0.9563813668808615,0.9498424275263813
1534,0,0.5179090139152568,0.4668431682241052,0.40815186456632846,0.2695524280232802,0.30837618467779865,0.4372743480919204,0.5039221746242962,0.43742312696078467
1535,0,0.20685090686238203,0.2827112414196587,0.2549023744003782,0.2307183982685418,0.22111393897330645,0.2296574971226062,0.3019758991795339,0.2557570376475477
1536,1,0.24572724625277922,0.24399094902733667,0.2221402642746382,0.20725927613195336,0.20837770836956157,0.2458584824895964,0.15667721116688157,0.23732989859719042
1537,0,0.20688204133687105,0.1885786340488406,0.18614432921653382,0.20355669779661692,0.20758282958624,0.19734186783461297,0.2159529152488107,0.19068827703332913
1538,1,0.26012430405558046,0.2548478021901406,0.2561070118762962,0.2664778762430298,0.24702662628255578,0.27503502724787116,0.26017955529946696,0.26199661377143596
1539,0,0.147544507596746,0.15161110495665914,0.20494029711078143,0.20548457939504697,0.2006638672969497,0.1630285630901637,0.12092627932735855,0.17319332171920143
1540,1,0.19567635193207475,0.2145361156478578,0.22342519099874214,0.22222779604254686,0.2303193210291902,0.21137790306750529,0.19050185179766288,0.21644640323803507
1541,1,0.7571655584810572,0.7128413255997242,0.5825466832185233,0.6742519975103277,0.5507307433003253,0.6225195957864121,0.5482541646727147,0.6393025348682199
1542,1,0.9091706844046823,0.9193185253163474,0.9151898710177986,0.9324438333855066,0.9681356914173976,0.947259125416101,0.8855611293750517,0.9272558405834156
1543,0,0.250386649831078,0.20540090546937825,0.19064634308819547,0.2063175562497849,0.2013420507902194,0.19123283831969895,0.19476419733888686,0.19576002895909092
1544,0,0.18558536288370134,0.20997389890901208,0.1896120322609527,0.18535449275898452,0.1973884574314734,0.20400238430341433,0.13772738296133266,0.20119610515779304
1545,1,0.8477802937577358,0.8768029054423713,0.9041467266313968,0.8977689277740873,0.8204683613608671,0.7581905673017207,0.738827962312928,0.8463800664584963
1546,0,0.2635862142243933,0.21208618498651713,0.21865204026133647,0.20585712772740916,0.20762129619805705,0.22938970591784721,0.22287483678742256,0.22004264372190027
1547,1,0.9201888286083989,0.9251201549205191,0.943644065852383,0.9678866330128598,0.9877131755589303,0.9790180173928785,0.9617195622838374,0.9492607460552603
1548,1,0.9169206219782943,0.9224997825812086,0.9375114394974173,0.9671686565926993,0.9901430209566703,0.9741390285749657,0.9922232650898078,0.9447167502178638
1549,0,0.17870204180607885,0.19172638525609073,0.19472473714880378,0.19734075641290316,0.19155345294389867,0.20404417579412404,0.1572230798375138,0.19683176606633954
1550,0,0.2200583818323124,0.25164644378803086,0.25617815859661097,0.21520229219822348,0.22372636439180257,0.22503032540532106,0.21190091572857542,0.24428497592998766
1551,0,0.16850894509084022,0.15109362955578268,0.18395306516481272,0.2202058173242715,0.1967872208937974,0.12903396539199183,0.35575474820796754,0.1546935533708624
1552,0,0.21230130020912244,0.2092985940272758,0.20351746488765513,0.21347477346490287,0.2231490830587465,0.2305999869228796,0.2758050593448879,0.21447201527927018
1553,0,0.20491153996623268,0.2021417165508649,0.19395332917954264,0.20364143822136752,0.21085109043363162,0.2282153739981524,0.15619158411512915,0.2081034732428533
1554,0,0.24771899877209558,0.2655113139684899,0.2186682426413957,0.22307473696698732,0.20956300043751805,0.2257137619642453,0.22353793082792617,0.23663110619137698
1555,1,0.20987110873286566,0.2765459121967703,0.19990603777234173,0.19922929481981522,0.21151991112410448,0.20112651555022884,0.2209093235464503,0.22585948850644696
1556,0,0.22558273209733412,0.2047901760688727,0.23930324970141426,0.2415121354117252,0.2542683708493907,0.205904451250569,0.34344655282224096,0.21666595900695199
1557,1,0.20889675612990113,0.1770722270261582,0.20873097747083658,0.1990138715647324,0.21102898950010318,0.18995537807471827,0.36411210553002293,0.19191952752390437
1558,1,0.13724821610832272,0.13466810398645604,0.1493095853981583,0.23245601695650486,0.1885544413831762,0.13242766327444588,0.15290822781195923,0.13880178421968672
1559,0,0.20499882895415647,0.3136504709037841,0.22130988257166326,0.231117532477742,0.24507711365660492,0.25114594811104823,0.28138047566777574,0.26203543386216516
1560,0,0.3353278322977893,0.27567302013132006,0.2254608135008734,0.24326941096618673,0.22037751328054142,0.34452662463407285,0.24701714019775523,0.28188681942208876
1561,0,0.22077781448853953,0.19817946706393585,0.22161221521909572,0.19746934172568284,0.22078448546426555,0.22550752116526507,0.2464018238456359,0.21509973448276554
1562,1,0.22575027884275958,0.1770846505491865,0.20562623755672405,0.2067228968367111,0.22390386074209592,0.19596669617698667,0.18146179933542816,0.1928925280942991
1563,1,0.8941850868034553,0.8663470752530004,0.9286393089092982,0.9566620093788064,0.9506018646755873,0.7645971885996166,0.855243888331359,0.8531945242539717
1564,0,0.14932471141270726,0.16828760410195556,0.17065472727652306,0.18316252367830876,0.21067611948181,0.18264003119731373,0.1515808274548148,0.17386078752526413
1565,0,0.1722819083426661,0.18367932712547394,0.1710621546429613,0.19124650474671023,0.2089309304953777,0.19093854308837624,0.11592549561261056,0.18189334161893714
1566,0,0.18138313298604083,0.20238365628703467,0.17857617007401239,0.20019584783920089,0.22705154127005522,0.2153617886726091,0.27456577013360833,0.1987738716778854
1567,0,0.2162073557043762,0.23577112093624633,0.2260112333134078,0.19555502735258487,0.19852705492411568,0.2545596180567513,0.1340841818788875,0.23878065743546847
1568,0,0.16967894220152804,0.14109632004069841,0.17790920270359223,0.1897299392924466,0.18613170864182513,0.15493086107598542,0.15386709844646096,0.15797879460675868
1569,0,0.29111153798072503,0.28661917464991665,0.27849242775988287,0.24298563910088525,0.23199329579477798,0.2546119080142062,0.2729720538667248,0.27324117014133525
1570,0,0.21625604059721507,0.2150815404476926,0.24629104371090035,0.2242694127310109,0.2309500692491794,0.22429341906506806,0.29574855677518064,0.228555334407887
1571,1,0.2072516577645558,0.2316658439789999,0.21227457789455018,0.20892553582129447,0.20584689989525273,0.23235387227538798,0.23352435397021307,0.22543143138297936
1572,0,0.22693776422343911,0.19415282620109783,0.2039484363809375,0.21730496342082814,0.20974950244822396,0.21196257090452064,0.19569992896705654,0.20335461116218534
1573,0,0.2077579279875619,0.22188528226047818,0.21117107226878432,0.27702383673179054,0.23677215835912344,0.21073170966517596,0.1961118623353512,0.21459602139814615
1574,0,0.1904959440088502,0.24533529300737178,0.2098875949961261,0.21756404219203626,0.26313184806894147,0.21323551064580837,0.3017241658397227,0.22281946621643542
1575,1,0.17270296744687397,0.15418484699275592,0.18688505712699646,0.2083168995353503,0.23545330894101388,0.17546090933134728,0.19674009002225548,0.17217693781703322
1576,0,0.15007224229192986,0.16839238462277492,0.17285292241620262,0.1896058620170016,0.20533113280485113,0.19110697234886018,0.1480565724995643,0.1774507597959459
1577,0,0.2107862688912466,0.20293523782870745,0.27361349773309224,0.24387136369984577,0.2560495274679587,0.18261389609401155,0.27060530814467154,0.21972087721860376
1578,0,0.21978980098397452,0.30980088259919364,0.25133688422074574,0.25823820659439156,0.24402442989502993,0.23503148233625315,0.26277947313514094,0.2653897497187308
1579,1,0.20256950321030623,0.16559297505656786,0.20399604703054067,0.2147784892995288,0.2103372721475811,0.1844872803941736,0.18879354614536545,0.18469210082709406
1580,0,0.1258053952687271,0.10873301260552637,0.15071001981252238,0.1500886017547869,0.24954642404750604,0.08458594539205444,0.09503756703436823,0.11467632593670107
1581,0,0.20791138956091906,0.22027385920798484,0.2095704053974979,0.2111338828044139,0.22044735533668638,0.23351912275832884,0.20336020420305523,0.22112112912127055
1582,1,0.9083188522503344,0.919053318805875,0.9239315016997013,0.9461488149182257,0.9751497209187504,0.9494297553194103,0.901435353193227,0.930804858608329
1583,0,0.1551590473538272,0.17342911803304983,0.17071387396667945,0.21845984867697998,0.2368734577383329,0.173910707662895,0.21121399276808048,0.17268456655420808
1584,1,0.24419467256885183,0.2702275783633337,0.22239996813490004,0.25645839055754455,0.23891528943826343,0.28580988843898436,0.44137261654047216,0.2594791449790727
1585,0,0.3242803770024128,0.402680576191365,0.24096803530296476,0.3202999571917333,0.23289660045430316,0.34325526612131174,0.23453221040398717,0.3289679592052138
1586,0,0.19605017099798872,0.21616222115765274,0.2163893083848869,0.21374159934334366,0.2291576408836189,0.2626371715791559,0.2755636167426199,0.23172956704056516
1587,0,0.24413724092891773,0.22303102228428892,0.2064643170286985,0.22116830707700355,0.24546819976243592,0.21033174983932793,0.18181371933953974,0.21327569638410512
1588,1,0.9176077950501577,0.9186103754754154,0.9312640298025765,0.9600878184930689,0.9573474092438857,0.9452033613508761,0.8931326494162745,0.9316925888762894
1589,0,0.24822014580340088,0.2274650303599303,0.2649445393343412,0.22290911630580776,0.24969885518733723,0.2456975092952326,0.2564958453019859,0.24603569299650133
1590,0,0.23221280097806318,0.25534772803985606,0.24685173862803067,0.2018054868713575,0.21530578495091068,0.2489394950846712,0.3510787147904954,0.2503796539175193
1591,0,0.2671416251183905,0.323349484477342,0.28365069992482317,0.2522711514708565,0.259463461544372,0.28068153010249763,0.2531391678985798,0.2958939048348876
1592,0,0.4777094762025875,0.4648697662115328,0.3441958121808681,0.26440430009006327,0.26281403005416054,0.36753899049880184,0.35022655711175665,0.3922015229637343
1593,1,0.3355858903318398,0.2492312488880285,0.24846923935449672,0.25856350079694423,0.2549846953859645,0.26877059847593676,0.2569690832583203,0.25549036223948735
1594,1,0.9145667707788103,0.9225983803479963,0.9328080041766325,0.965126175539737,0.9868246694483185,0.9704683678324447,0.9722701663963352,0.9419582507856913
1595,0,0.14218465535024136,0.13940289027761324,0.15636229173715918,0.16622896295384737,0.2097891095126212,0.08524244936032847,0.12514477976992103,0.12700254379170028
1596,0,0.17517309701016393,0.17901958804781573,0.19654776732749388,0.18477773754798477,0.2233203491144676,0.19237854827453546,0.18706773296173088,0.18931530121661502
1597,0,0.20496736628345794,0.21433285812827027,0.22064213453873938,0.20126346953595406,0.21538033584185168,0.24902279875107988,0.19791892680204085,0.22799926380602986
1598,0,0.14060228030519584,0.15061314073448523,0.11756112053447637,0.17093412929585763,0.18311228940742164,0.12115423528225493,0.11362223322514438,0.1297761655170722
1599,0,0.22610115612972806,0.20367825925210156,0.2008090356419038,0.21317315772999879,0.20833214894847263,0.23113630145434583,0.226309207670918,0.21187453211611706
1600,1,0.9247024230252373,0.9285442973385848,0.9477284882859487,0.9702381429526118,0.9903062713256928,0.9767595265331499,0.9670120570457943,0.9510107707192278
1601,1,0.33704188074775815,0.3384756089281496,0.38282132677852543,0.29712637731009467,0.2732606787412408,0.3877396179523898,0.41049666660805606,0.36967885121968824
1602,0,0.19016569531669877,0.20800333434239435,0.21936578655774364,0.21248479199234718,0.20194736035472807,0.22669997269693987,0.12434164710565876,0.21802303119902597
1603,1,0.3240929899921193,0.27203674997232435,0.28955714916051806,0.2065356197310658,0.21842387367369662,0.26754662996217776,0.41881471183370356,0.2763801763650067
1604,0,0.25084040576253525,0.22552189706440892,0.1934053386715633,0.20989723028084717,0.2054558221550351,0.24726435727317342,0.2413357788261716,0.2220638643363819
1605,0,0.16120344900540082,0.16496212800192167,0.1830933730812249,0.19008318224763887,0.2188206883709712,0.17398288054679725,0.1963399437455299,0.17401279387664795
1606,0,0.23542482864820902,0.2850292385605882,0.20515505734751915,0.21038618903942383,0.20794440944904882,0.2811051869696032,0.20346721134724008,0.2570964942925702
1607,1,0.9225887029898591,0.9286478029050228,0.940085461773409,0.9620077539129577,0.9835498958924842,0.9780829892408857,0.917959454516779,0.9489387513064392
1608,0,0.24640428830598923,0.2724602075095343,0.24319103897970495,0.19895533001914797,0.2397886338794083,0.2563647137684734,0.3246634566888868,0.25733865341923756
1609,1,0.7317244017048719,0.6926952811395731,0.6625093397046308,0.5870940588825563,0.4178438896752395,0.6562452049177625,0.45936664564477914,0.6704832752539888
1610,0,0.19597604234472052,0.20582238685168888,0.21076562032829227,0.20692550119483,0.2267187581404733,0.20721222508056422,0.18962082586100346,0.20793341075351512
1611,0,0.14469265156730363,0.11591543767562947,0.1452534379074493,0.20380257847283226,0.21055055127053743,0.09399901397415296,0.10157242942031576,0.11838929651907724
1612,1,0.23823624164723256,0.26833672827332206,0.2281822251481782,0.22057171195937753,0.239055745421779,0.26651554749027767,0.13597865431974376,0.2543448336372593
1613,0,0.18018468487562542,0.15691179914936632,0.20843108778528174,0.19166680598905947,0.21190474338073917,0.17318247091823993,0.20624703773139194,0.1795084526176293
1614,0,0.2311269616117638,0.2550793190990149,0.2525194504247001,0.2325373603528443,0.23216589135088928,0.2948420040549141,0.211896567533684,0.267480257859543
1615,1,0.44714751280638954,0.40851304729211074,0.3752310798494032,0.28028473187742375,0.25517648847524654,0.3526158491208025,0.42059116408090924,0.3787866587541055
1616,1,0.9138384406848505,0.9219202875032458,0.9317355305888239,0.9656398776630931,0.9842322835936743,0.9724871474256274,0.9265238879143074,0.9420476551725656
1617,1,0.9107643355826646,0.9100243792526118,0.9129081329197786,0.9532363996314835,0.9578028220762543,0.9586994077404573,0.8330354093493019,0.9272106399709492
1618,0,0.1419931232087642,0.11652407336206681,0.1378513661199812,0.2200306555807264,0.2107653481358415,0.09309222263254745,0.06493857633881324,0.11582255403819848
1619,0,0.3154871295913905,0.2897409388060053,0.3471453066120793,0.28196272447911647,0.22282900742582593,0.29444138672466336,0.2691370530724096,0.31044254404758265
1620,0,0.3400587351009298,0.3738809684650486,0.20194613473405376,0.29379790437536185,0.23774106903668316,0.3244166797596436,0.35330424985696096,0.30008126098624865
1621,0,0.29200782768171846,0.2178977977980577,0.2090627212876779,0.3591485947087371,0.3740434421425298,0.2682514280291963,0.2015142518473788,0.23173731570497733
1622,0,0.24008071742288195,0.24638598674986512,0.2793280336479659,0.24384738144213733,0.22618199880898426,0.2518017326980402,0.1771023674500154,0.25917191769862374
1623,0,0.20115682820347844,0.20896339963663926,0.20994383440014466,0.20641238939249415,0.20528667136279888,0.23495245333683412,0.17677061589329382,0.21795322912453932
1624,1,0.23303815404825534,0.19294315030236384,0.3577534378175187,0.24899188657117613,0.28688562206781026,0.22474753807854544,0.34221907291454645,0.258481375399476
1625,1,0.2790957991421548,0.3545987475710691,0.2946881727189515,0.2503461094572424,0.24794684546897097,0.3021739392409611,0.2173920996588117,0.3171536198436606
1626,0,0.1816083074315703,0.19132907927356216,0.23661235609213227,0.2273438123584477,0.24113373290996823,0.22142854784222585,0.3470862572418862,0.21645666106930675
1627,0,0.23146284838825038,0.27175389973386993,0.24842782609015956,0.2974904853105684,0.21693008919132253,0.24148939630178204,0.26486663425381435,0.25389037404193715
1628,1,0.1770604322612591,0.18981588538230543,0.1764398563690798,0.17846794331108976,0.20303343414220384,0.20007968398819362,0.19935351031121276,0.18877847524652627
1629,1,0.9059797427394255,0.9114337106914246,0.9193451492673766,0.9219284441498328,0.9484211903341898,0.8985369029262346,0.8448143215921036,0.9097719209616786
1630,0,0.19051998530209702,0.21448296459756422,0.17199703757834706,0.2126727016422385,0.23792351675625809,0.201505296188797,0.16797382023102123,0.19599509945490276
1631,0,0.17685004963965348,0.2042868552335696,0.18738328468266366,0.1899042242250855,0.20613570671434653,0.2034084827441898,0.1796412618429176,0.19835954088680766
1632,0,0.1692698226664965,0.15735007044856253,0.18013728003764085,0.1977220844922546,0.24571949465114584,0.15507143821219735,0.18999057388125196,0.16418626289946692
1633,0,0.25913051860878206,0.22716722380063833,0.2367476028919774,0.24045071990857494,0.21457664948626967,0.22240237987030678,0.22426019451100324,0.22877240218764083
1634,0,0.22817302295206243,0.2361727820819116,0.18907936867909014,0.1936286633254641,0.2107376992547846,0.2346486212524933,0.1777366069968703,0.21996692400449835
1635,0,0.22470200567780294,0.24647354911325006,0.2005145802257656,0.1995710148119092,0.2092270677324508,0.2660060803543915,0.15553705162629253,0.23766473656446904
1636,0,0.17022285759962577,0.1837930522426663,0.1970396478464079,0.20161890915023142,0.21979601193173845,0.2140206646482156,0.16982626041411697,0.19828445491242994
1637,0,0.2459059468270226,0.26104232354871654,0.18853617734485273,0.22618682164837592,0.2521994544674208,0.22239931181185524,0.34552480432113547,0.22399260423514153
1638,0,0.1377504107526051,0.14600893162327935,0.16878765264776166,0.19122051073868995,0.23677656258444757,0.13782415610409982,0.1505772399160663,0.15087358012504692
1639,0,0.24502873174093676,0.2600800973543395,0.19502459708958672,0.22523993726720268,0.2038933860199936,0.2473663477277456,0.17031386366102086,0.23415701405722392
1640,1,0.9050934414898341,0.9134764677099115,0.859754950523303,0.8807513442767197,0.9588739372884132,0.9490923621798548,0.8668235191268542,0.9074412601376897
1641,1,0.20401244674502092,0.18960901962052745,0.18738184223321294,0.19684452425729718,0.20605671360746317,0.18979669578838965,0.2088625923379899,0.18892918588071003
1642,0,0.2491723765515137,0.35407516955875923,0.24378610373875587,0.2277644651804092,0.21936330505059068,0.296720976295698,0.2880785509609343,0.29819408319773766
1643,1,0.9197381170573947,0.9291805983974438,0.932250680279032,0.9692045350533253,0.9870025118506979,0.9739126431318686,0.9494531266171279,0.9451146406027814
1644,0,0.2268795659042575,0.25059728085768324,0.21981178459957887,0.20332454637065314,0.2255444173698656,0.23422431907883637,0.2852777540116768,0.23487779484536617
1645,1,0.21651600772942317,0.21219598964193265,0.16096649828864412,0.1928546518550347,0.21293466499193747,0.22641511546455365,0.18592119229297677,0.19985920113171016
1646,0,0.2527087355039478,0.2479233998266661,0.26887724980433847,0.24466330710741438,0.23957713214915088,0.2929975090105559,0.31870327857340364,0.26993271954718684
1647,0,0.21163176024528185,0.21313599283620976,0.24581031223097738,0.19422214364010204,0.2378452118876956,0.23795414330450804,0.300636904102254,0.23230014945723174
1648,1,0.24275001574574492,0.21320597901259788,0.2192011688561812,0.2018744461350986,0.20672200377508762,0.22731883466379,0.2810155962785733,0.2199086608441897
1649,1,0.9099591351944682,0.9214147643584706,0.9222401071809557,0.9460177837848635,0.977732624997166,0.9491486222315867,0.9581500631924599,0.930934497923671
1650,1,0.9196474066455446,0.9292031340690703,0.9386991296368468,0.9684188215547672,0.9917394810456228,0.9750928789140759,0.9876369070823486,0.9476650475399976
1651,1,0.19025458675957216,0.251619979422256,0.20472484329234508,0.2207761814021869,0.2075746170867975,0.25269341559039155,0.1288550162539369,0.23634607943499755
1652,0,0.3341269810928327,0.28353949712462373,0.2493048136868156,0.22090705820389564,0.21800595173813864,0.32643159956467876,0.1799372488178755,0.28642530345870604
1653,0,0.21461774654939444,0.2545220484277344,0.25574630436153195,0.2797986869969385,0.2592773282230265,0.2207032982279364,0.21131682068553562,0.24365721700573426
1654,0,0.16940657618969193,0.22488481062459165,0.18574524177270993,0.19185974292000088,0.20168603918240044,0.2092479963800333,0.17813041905816251,0.20662601625911162
1655,1,0.913185813196249,0.9216517934166433,0.932755776524051,0.9623928016858034,0.9774929399116529,0.9333945118832615,0.9523452674890082,0.9292673606079852
1656,0,0.283996592381514,0.2609387086172847,0.24145513954767828,0.26835342767819065,0.2500394088818771,0.2987469374922429,0.2784992351822158,0.267046928552402
1657,0,0.2275917004921679,0.2071911838507082,0.1992408502477083,0.20123244862664258,0.22495325313986628,0.22439466183408888,0.2655826758096012,0.21027556531083513
1658,1,0.9187119169788316,0.9279252552447682,0.9464685054143073,0.9666255393419921,0.9916532043229322,0.9760160438891643,0.9495019589252576,0.9501366015160798
1659,0,0.21129806003141224,0.1849398565542624,0.20065570695852056,0.20253097599395412,0.20486493207034454,0.1932326953145966,0.28355581091213383,0.19294275294245986
1660,1,0.19857188488800634,0.17290135852754226,0.19582249781287386,0.1980732513017558,0.21842054419532494,0.20483929843197335,0.16301258362307355,0.19118771825746317
1661,0,0.2086121638111856,0.19658347898301068,0.22688468748730817,0.2640803451423513,0.3006485078122691,0.2227136004744561,0.2071409268193454,0.21539392231492496
1662,0,0.20204059226416096,0.16707264823076218,0.17130769323707706,0.1828779461439138,0.18862975559431586,0.17663575403828138,0.09275425523014653,0.17167203183537352
1663,0,0.26993434221463364,0.27008406811281677,0.25370874015984873,0.278316794661352,0.326619132160719,0.23271201910354625,0.35330386709527833,0.25216827579207063
1664,0,0.2515763773849025,0.2698187295137079,0.20132920791984832,0.2207828569294242,0.21467486141760905,0.2326535817270853,0.22146029998084737,0.2346005063868805
1665,1,0.7229855877227985,0.7118312633157272,0.8503774739955979,0.8266253035105223,0.5985826306645031,0.5587510199175649,0.630385600115903,0.7069865857429632
1666,1,0.9174102020736319,0.9269740959785668,0.943605651797471,0.9643246132517533,0.9900923824705878,0.9735432696971674,0.9574920546589484,0.9480410058244018
1667,0,0.29590063695844104,0.24125755566597792,0.2618932291148606,0.2734972764345238,0.2699515051028503,0.2680069853961386,0.2760232414739497,0.2570525900589924
1668,0,0.24016279671892204,0.2116223249335005,0.21101653330835654,0.20080784765907037,0.21217025747232288,0.2325035231106863,0.20245980753868575,0.2183807937841811
1669,0,0.14243307062338503,0.15901067900806307,0.15449618206345617,0.1803952775591613,0.18284996072067358,0.16486872577659842,0.12660731942207945,0.15945852894937254
1670,0,0.15243082588992365,0.17479438129915414,0.16327698499195795,0.18154332617308397,0.19745607563389797,0.15461522455986218,0.14229702918534046,0.16422886361699143
1671,0,0.4906558228298004,0.39007741891231523,0.33257421564796735,0.2579171672710458,0.30735522470266674,0.40868366472570505,0.33697063652557296,0.37711176642866256
1672,1,0.8698355160897769,0.8988573639657543,0.8957972218985502,0.8920377454030161,0.6889581884576943,0.8412490730564718,0.6856299757483223,0.8786345529735922
1673,0,0.2325709537640218,0.23644535650511891,0.21628242557563748,0.21422470535534666,0.23861997034072782,0.2590077336578133,0.1384096490314731,0.23724517191285657
1674,1,0.9162018344016004,0.9220525585791338,0.9382514684280029,0.967655781832069,0.9896013267723189,0.9720971452734647,0.984239575042949,0.9441337240935338
1675,0,0.15006310977141427,0.1824337809813974,0.19368973212379081,0.1947160103983697,0.21153840183441316,0.18571416171533114,0.2219597474469216,0.18727922494017313
1676,0,0.16124730238801624,0.17807444615880316,0.16462147702679292,0.19375957512176523,0.19703263346624375,0.18985686940457416,0.14820416241881382,0.17751759753005678
1677,1,0.8279002394390718,0.6611776659522804,0.8867583672201858,0.9010631365720124,0.8194304964767524,0.6320388725046415,0.7104770906278706,0.7266583018923692
1678,0,0.2509978127317185,0.26608722156124837,0.26881620602050965,0.25008003673256407,0.23862572607917173,0.2749636246341867,0.28322240087721495,0.2699556840719816
1679,1,0.8600065696008091,0.8708940641043448,0.782631529159676,0.847815001685784,0.6552186335523476,0.7971156252942811,0.6668999329427749,0.8168804061861007
1680,1,0.326085607769556,0.3024186428232845,0.23150488927985757,0.21411287606179916,0.2257873823903056,0.2881404506433172,0.2502402446016843,0.2740213275821531
1681,0,0.1785317780511312,0.18499432869061302,0.2216486677080857,0.27233411630808235,0.21827366988774508,0.1899499087828024,0.10448929029514903,0.19886430172716704
1682,0,0.1738877817937237,0.1760524608759951,0.19715303650138297,0.18951767002583164,0.22342291185890353,0.1862500266850897,0.4049557105577706,0.18648517468748926
1683,0,0.20701034072844796,0.21477563197318336,0.22858638118184524,0.20055352902567267,0.21722308542625088,0.22134279313081553,0.18728603448324913,0.22156826876194805
1684,1,0.19906526696015234,0.1865354265187312,0.21150403182322344,0.19523844196640824,0.19451283083530138,0.21420202661189994,0.15869979058486497,0.2040804949846182
1685,1,0.864320241941761,0.7079045707093153,0.8860382985859467,0.9035826603487407,0.8589956380258497,0.7091377711710547,0.8289889663861049,0.7676935468221057
1686,0,0.17766714325115984,0.23370810253103982,0.19494020086214237,0.19175038354167126,0.20791972643392378,0.21730193112417676,0.20888062844509725,0.21531674483911964
1687,1,0.20245695351298595,0.2467115946524694,0.24241187971094844,0.2075707964249299,0.20945254529307744,0.27841678353577404,0.20175638009749694,0.25584675263306395
1688,1,0.17417181177147786,0.18338813428294445,0.19236224999282006,0.18729153506270105,0.21544214797036443,0.21423564929288588,0.26000277653654547,0.19666201118955015
1689,0,0.23790138847752326,0.207556682379791,0.1824942036718417,0.2052952135298439,0.1955724491060381,0.19338789426015582,0.16122467320038894,0.19447959343726284
1690,0,0.1909113884110737,0.19561796418121735,0.21819206096357524,0.22729246839282422,0.21484436505051505,0.20529077081866187,0.20598383886848426,0.20636693198781816
1691,0,0.27966179673826996,0.27771747539767455,0.3273677044499648,0.29823458398312525,0.34702366643095256,0.2675947703585176,0.3159114898619208,0.29089331673538565
1692,0,0.16735706158780475,0.16914293668700683,0.21252389646126088,0.2290944654160204,0.2292186432120035,0.21405803994422867,0.25911195247250746,0.1985749576974988
1693,0,0.2971824944174408,0.36302459530858977,0.3387915761771214,0.2857051894527356,0.26268940344645936,0.3510810819199946,0.30685750057912026,0.35096575113523526
1694,0,0.20252614076927444,0.18380727877844097,0.19633311283402863,0.19896260677299785,0.20308760794936762,0.22976371542602306,0.19033703706045535,0.20330136901283088
1695,0,0.20394070268598186,0.2626407646688473,0.2495512009544761,0.2631527419344882,0.26851920846943717,0.23169305004073917,0.38029612574622457,0.24796167188802087
1696,1,0.2102633466272865,0.20491156140710134,0.18927504210115922,0.18904077119801255,0.20629613962952922,0.24200143435492852,0.2375846215455025,0.2120626792877297
1697,0,0.13994594319989886,0.11872846683479454,0.17277504873504068,0.16955595731934592,0.2504622291332654,0.09131974810276033,0.1820017477217246,0.12760775455753184
1698,1,0.7145817409215341,0.779382230171036,0.6101122078564274,0.5762013224870132,0.38853578155991725,0.6648298867446089,0.6050485277067364,0.684774774924024
1699,0,0.22369213598871718,0.2184805643334189,0.19466515850897725,0.22127525203322163,0.23120864986113743,0.2424992304287874,0.18745365683141893,0.21854831775706118
1700,0,0.17606181731693815,0.19534286926739566,0.20965509812724378,0.1797174097442329,0.22168333149071096,0.21668960409872406,0.26828471749783017,0.20722919049778785
1701,1,0.21659023023672455,0.32030441088553085,0.24120663801238287,0.26495091105498714,0.2103537086868105,0.2748569885751502,0.20274040020254402,0.2787893458243546
1702,0,0.3273282360929994,0.35059111216837296,0.30548212063317937,0.2628426304070097,0.2379137135687545,0.338149610864057,0.2949637135623855,0.3314076145552031
1703,0,0.17896090487826552,0.13016988570768914,0.17411456158323727,0.21335787774491718,0.20842631056643376,0.15935486080560438,0.2346411275018815,0.1545464360321769
1704,0,0.2505183446324655,0.23358957216482135,0.29273148265021104,0.2355683780416037,0.20183962869293492,0.2602852643247093,0.18550410742371662,0.26220210637991387
1705,1,0.9172630822855208,0.9270176119854628,0.943393657082003,0.9674620018567403,0.9925891366980144,0.9751755438925936,0.9823405507213593,0.9485289376533532
1706,0,0.2793790921076599,0.19651609315157878,0.23858220405916217,0.2552528183640554,0.20841422947205715,0.25116092800629525,0.21026077838033208,0.2287530750723454
1707,0,0.11307024631846503,0.10003519371482568,0.13134472132830502,0.18693541632855096,0.2778268755047757,0.044953328720372034,0.10662005522246847,0.0921110812545009
1708,0,0.2602341818939245,0.22482411536155014,0.2153568948949809,0.23724739312650048,0.21858765710617997,0.25282381236818835,0.29825958503270844,0.23100160754157315
1709,0,0.26671145050766243,0.23990068194735273,0.21805235152442284,0.19785398693833808,0.21243057297997495,0.24072374666609445,0.27971848618948253,0.23289226004595667
1710,0,0.18294749016473766,0.1837069836531058,0.17723730823100434,0.19577705755488442,0.19081493168201535,0.19763273305405804,0.19780238625218302,0.18619234164605605
1711,1,0.9193387875660073,0.9288129008096488,0.9374468010796501,0.9670733205742684,0.9894041041839791,0.9696902535731956,0.9535915074551298,0.9453166518208315
1712,0,0.42145406323443124,0.3361430995663506,0.3018630000949815,0.26159402470015586,0.2457984577947432,0.3467549179808944,0.30907751867536043,0.32825367254740884
1713,1,0.9192804835369571,0.9293070655442867,0.939779645233668,0.9676926079830803,0.9915040967576035,0.9732461649713907,0.9783315456267582,0.9474442919164484
1714,0,0.15177203692499608,0.11773203175445064,0.17632495522316305,0.18733383840096693,0.2972771300180239,0.07718171279344067,0.2259146274129219,0.12374623325701811
1715,0,0.25678616716498665,0.3390820383534939,0.26002412598013497,0.227350149202567,0.22433732232758655,0.3427889344447581,0.3569699224237343,0.313965032926129
1716,0,0.30371404091653065,0.3375782895783377,0.24335889071558633,0.20151080346544356,0.2204950308360507,0.2968599411907975,0.31338763539862474,0.2925990404949072
1717,0,0.1325850312387894,0.12848555543641238,0.15209010492436836,0.17853501959305085,0.19560557049244046,0.111152719059888,0.19542677161004482,0.13057612647355624
1718,0,0.28649567901227296,0.2519390264075561,0.22049382034495388,0.20126080856496079,0.20377916065792148,0.2522290603029965,0.23136610661437343,0.24155396901850215
1719,0,0.2463331599789843,0.23240097785134686,0.23561057700935586,0.21708047262690752,0.24787553188609154,0.27479565169661074,0.3714036601068414,0.24760240218577115
1720,1,0.3366235934115391,0.4124103907501939,0.2944179135203168,0.21531580575340273,0.29034872913822013,0.388052336450793,0.28598204916106224,0.36496021357376796
1721,1,0.9231107781187213,0.9283623788794481,0.9467829893744056,0.96897110001308,0.9919637566565345,0.9780276688469359,0.96622250129801,0.9510576790335965
1722,0,0.23307656938647905,0.215752018483894,0.2355803467906048,0.20393460613598713,0.21710396290210818,0.24098005158881194,0.1677917566258238,0.2307708056211036
1723,1,0.9208482111964421,0.9293968701848355,0.9405130727911738,0.970160717665836,0.9916113482146032,0.974557676626928,0.9883219402953752,0.948155873200979
1724,0,0.18616720187986605,0.20989938125586416,0.20663357799178642,0.19660843535769945,0.2421094790057242,0.23813969670415847,0.3190206531700641,0.218224218650603
1725,0,0.24040922841003454,0.22749689494456818,0.21117528336506555,0.19134727490893932,0.18445597717275905,0.2494830977443021,0.17304659457764426,0.2293850920179786
1726,1,0.18460589445433606,0.1713635544695936,0.1711440666410002,0.18995207249022295,0.2064758836872084,0.19989256922633722,0.1902829095786008,0.18080006344564367
1727,1,0.9186132039353905,0.9275044619380144,0.9447889047644115,0.9682384008695101,0.9923418577288402,0.9743522826775988,0.9848461959481899,0.9488818831266749
1728,0,0.21499330326240973,0.18670961807259637,0.2031950260148789,0.29230217894627847,0.24727921609084738,0.2244355569433787,0.27420186956261383,0.20478006701028464
1729,0,0.25550433457901,0.23596121726147054,0.23160216345852813,0.226274439336232,0.23798421200038636,0.24610980256384096,0.26280694307466396,0.23789106109461322
1730,0,0.1953608774474256,0.2066952722504145,0.24365328543649725,0.2780330531151722,0.24062968390000725,0.23225682323361627,0.23380098254908044,0.22753512697350933
1731,0,0.12578354016230195,0.11090608233904142,0.15084014991464065,0.1706376820768634,0.22143691215181374,0.07863646907882464,0.20185529425462845,0.1134609004441689
1732,0,0.1965251195792971,0.18027781841797788,0.1822873445312266,0.19004426261606366,0.19350542229631804,0.19560496580467004,0.23343746203083607,0.18605670958462484
1733,0,0.163046235404159,0.17289277515031762,0.20823885099722214,0.2133662553123017,0.2501243939895513,0.20638728479643909,0.28920577810089254,0.1958396369813263
1734,1,0.2522929913878987,0.23909558708610576,0.22014493924294223,0.1880668008991794,0.20581185771848523,0.26494339936539607,0.17344398321965945,0.24139464189814805
1735,0,0.20459563812647022,0.22082186624513742,0.19159925392338437,0.1935060561410222,0.19437936762351382,0.22867794342250303,0.23046780156152893,0.21369968786367496
1736,0,0.1858001897598558,0.19612990456777754,0.21344970056619772,0.19486790574601956,0.21128567146524765,0.22091391628256027,0.15595720916315603,0.21016450713884519
1737,0,0.19918022116379988,0.17926654486435814,0.20738631296766874,0.2407844281854575,0.20577821436095642,0.18113835501427447,0.23135822291639838,0.18926373761543377
1738,0,0.1471070348696357,0.17522958048955983,0.17338430616156753,0.18985996124888382,0.21171881485715396,0.1789535081912054,0.16369180578560372,0.17585579828077758
1739,1,0.7690025620832959,0.6892362405604403,0.8865165268395135,0.8529783733935346,0.8747321042941687,0.5048982488471324,0.7796405170990633,0.6935503387490288
1740,0,0.2603385584315281,0.2149528891635584,0.2322979591762798,0.19261598005405753,0.2188156688400769,0.23652954277615046,0.23216939967375186,0.2279267970386629
1741,1,0.917749813017403,0.9247430133466422,0.9421918069892428,0.965663619939993,0.987767720808837,0.9783925714930698,0.9884044657164371,0.9484424639429849
1742,0,0.23192917451378656,0.24757011072218046,0.192782913468566,0.19167893504639102,0.20225820391504032,0.22534240154285023,0.18445911078030208,0.22189847524453224
1743,0,0.20613206736450715,0.21780138401644278,0.20785233021001015,0.1999917191369394,0.19962622030600885,0.23204381715464928,0.1538825603054399,0.2192325104603674
1744,0,0.2545379484742232,0.25815422251283127,0.24578085929587323,0.22808907255085045,0.2433872782261388,0.2899509902105463,0.337374404947372,0.26462869067308364
1745,0,0.2623224728855471,0.29653648149946094,0.2489770377044711,0.22444169529380828,0.2281333119639032,0.28981519975705733,0.28287148760104125,0.27844290632032975
1746,0,0.169680364087071,0.17100485852992597,0.185391377379039,0.22836240213323147,0.23334389104058859,0.18015741926202142,0.20858437571582952,0.1788512183903288
1747,1,0.14187334283506745,0.16938232412957768,0.16150288229518842,0.16920490830926047,0.1923621438468913,0.15889190308275863,0.10759155641258605,0.16325903650250825
1748,1,0.14985428070361645,0.17213413685084297,0.1788192793544271,0.1943902391175711,0.22950075892388902,0.1662506937161969,0.22083657852874214,0.17240136997382235
1749,0,0.2505335986683974,0.2329987244419963,0.2549442292477311,0.2169480715712324,0.2213326932313545,0.24511251513051416,0.22548596284158742,0.2443518229400805
1750,1,0.19920744333303864,0.20646640903725091,0.1823467031675723,0.19814497674848397,0.19702758392087497,0.23933093292969113,0.2274781560466176,0.20938134837817143
1751,0,0.3143421308760068,0.283568331811323,0.26886103449888615,0.25085680855487624,0.2955605047152238,0.2626530266683544,0.35648607104682256,0.2716941309928545
1752,0,0.2625867469227967,0.23088278659268333,0.29804785593983035,0.2426051460031513,0.20848867605860252,0.2520739539212099,0.1826471261947642,0.2603348654845746
1753,0,0.3290363951999133,0.2679694480499618,0.28035048283842073,0.253170132467846,0.2515128725393558,0.28445325992288367,0.32866064450575566,0.2775910636037554
1754,0,0.24903096531064695,0.31983434430509355,0.2147451089917544,0.19694409682989641,0.19313445976706975,0.2983764914535246,0.1866306224530748,0.2776519815834575
1755,0,0.18414363407218412,0.17727840953733218,0.19904878361348524,0.21202819816873522,0.24617330696440987,0.18636665010354428,0.2819053511968476,0.18756461441812056
1756,0,0.26586760851239843,0.2615101922042548,0.22451842153425075,0.20561764694040327,0.22859553556406684,0.2677935937588561,0.35870297784800026,0.25127406916578726
1757,1,0.13676909928302108,0.13587066753207,0.14742192864437595,0.1984236002997811,0.16841478305611757,0.1278257128128583,0.1082874559866253,0.1370394363297681
1758,0,0.16720918619236425,0.18618378814569883,0.16794288128384097,0.19043336044041226,0.2054602214822041,0.19237953798112864,0.12108283187957854,0.18216873580355616
1759,1,0.7816700198013966,0.5387124294977589,0.866627852324326,0.8367616569774329,0.7616741778844003,0.4686175840263604,0.6418863311171398,0.6246526219494818
1760,1,0.827853594794643,0.845167192216603,0.8912369822186029,0.9131641143641787,0.8283323728954549,0.7998117223620979,0.7963449608388462,0.8454052989324347
1761,1,0.25621345445951405,0.2737811390203544,0.24321637899394977,0.26269348179094637,0.25104828326216627,0.25473281137012044,0.2412212763082687,0.25724344312814157
1762,0,0.15146352944455455,0.1780992037658847,0.17736577768219697,0.18841783831170536,0.2080034323450252,0.18374133920549954,0.21075825184310518,0.1797354402178604
1763,0,0.18862951481492488,0.18684522757268598,0.19448844497494258,0.1876909339746413,0.20066908632931446,0.19008559273392645,0.2207641181144074,0.190473088427185
1764,0,0.21680008807616527,0.25513660190472875,0.23401551440743043,0.20944995008925257,0.2278187874908684,0.23170289760305474,0.2037121616953773,0.24028500463840463
1765,0,0.18985233901442425,0.21595117050472348,0.1956078398834474,0.19589361219069046,0.20950421869805336,0.22918016553260692,0.19981977553401387,0.21357972530692593
1766,0,0.2324334447856351,0.23536349085236727,0.24284102432886093,0.20979810406797061,0.21175009264825587,0.24938042162265775,0.26512310713056936,0.24252831226796198
1767,0,0.3647454341219667,0.29425878423208257,0.2954535594707089,0.3952583188444237,0.31188533557387177,0.2511889006385199,0.33899896470716184,0.2803004147804371
1768,0,0.18364042232305441,0.18621214627203633,0.18546474643067026,0.23274496919695256,0.22433137865377237,0.18556061472640176,0.2972372099143576,0.1857458358097028
1769,0,0.2257329575330207,0.20521381751281476,0.267423917806379,0.23840440027116971,0.25698780449477476,0.2487443081481974,0.47341839950959436,0.24046068115579702
1770,0,0.16648805798183305,0.19891872085855403,0.20456303231841313,0.20256996661294754,0.21317073567492628,0.18756103333795673,0.2276641835275847,0.1970142621716413
1771,1,0.243371177564336,0.2626194177599285,0.2666130078373199,0.2368211647334345,0.23331928356231782,0.2542262995870993,0.2504858261546155,0.26115290839478256
1772,1,0.9243754842961418,0.9280294049646302,0.9476478641472186,0.9710935252918597,0.991673178621466,0.9742567532509071,0.9667777652242385,0.949978007454252
1773,0,0.19219688367422752,0.176999455739941,0.18605339319765024,0.2131612948173537,0.1985324308636234,0.22299386114025047,0.24864228555812096,0.19534890335928057
1774,0,0.1984476798012448,0.16743439339984123,0.16166510911829626,0.17641366632305855,0.18690990169542152,0.21063934429168332,0.10042899318225723,0.17991294893660692
1775,0,0.20114134957715005,0.1886738976891494,0.20961484637445174,0.22806981142860747,0.2217093334446252,0.22661352700790086,0.2290110653148354,0.208300757023834
1776,0,0.20368499740413878,0.1842380867622924,0.21596389027018506,0.225348131133055,0.24014316065259647,0.1845469703550661,0.26081128971542006,0.19491631579584787
1777,0,0.2133085784302621,0.23010001810787925,0.23117057500541796,0.2109536932566017,0.24643328523911637,0.23671795820779615,0.1874058311541498,0.23266285044036447
1778,0,0.20649529508358275,0.22971641345360694,0.23760621169620433,0.20393331445963994,0.20080142085077746,0.2225727896448548,0.19700238110098886,0.2299651382648887
1779,0,0.24989806230379416,0.27052797346839447,0.226699369307699,0.20355332149886687,0.20465736116262456,0.2656477651537158,0.14989780693682656,0.2542917026432698
1780,0,0.26498573914485374,0.24186647928227076,0.19972762873161187,0.19505126876922485,0.20676759680880977,0.24917793993076512,0.18310303340616155,0.2302573493148826
1781,1,0.9181969086775451,0.927819170611666,0.9364082361748873,0.9670833561563038,0.9909628797588601,0.9688701829626193,0.9806322023861344,0.9443658632497242
1782,1,0.30091052471407936,0.3219527299653733,0.2754270860096238,0.25821463304986536,0.2542839971928101,0.306378456142869,0.34382160858071203,0.301252757372622
1783,1,0.17097492621385638,0.17745668433577846,0.175707931221597,0.20612881014883602,0.23801968466638004,0.1736942164134626,0.21086082842478202,0.175619610656946
1784,0,0.18042117033201824,0.1573691877839076,0.1903382895043102,0.20646639111354462,0.21248776632592273,0.1537436292295085,0.1755673504336059,0.16715036883924209
1785,0,0.15903288746452146,0.16505993492900864,0.18044371170602203,0.17352193316189238,0.2077725217699867,0.17600749177557695,0.1915135914272509,0.1738370461368692
1786,1,0.9201706352698791,0.9284468225291701,0.9403096414292662,0.9696756582468975,0.9917574303142923,0.9724446520493705,0.9885637409174558,0.9470670386692689
1787,1,0.9193819169126054,0.925032430695019,0.9444719906689855,0.968200551087187,0.9881516845532232,0.9763693521028355,0.9642596225024685,0.9486245911556134
1788,1,0.2580607799136106,0.2608918873476895,0.2431070779225879,0.20503387048339938,0.23035534145631295,0.25578210967385556,0.2959696062398068,0.253260358314711
1789,0,0.23875526425680857,0.22765351509572843,0.25358681037516856,0.23169881298663694,0.23855458029931265,0.23424829034427788,0.22601897671048285,0.23849620527172496
1790,0,0.20648101144453043,0.1967475863757805,0.17469834959562547,0.18861423515332967,0.2028178133348968,0.20504445263081042,0.1466611531986265,0.19216346286740546
1791,1,0.8236533068944909,0.8675158648212039,0.8798151200379031,0.8582450040492766,0.7004028587884347,0.7471954048075649,0.6996064537078057,0.8315087965555573
1792,0,0.23269139774123995,0.21133677398757786,0.22292822835912918,0.22167827695446526,0.2515128354099018,0.20308668788963427,0.18839722850674143,0.21245056341211377
1793,1,0.8817487221611467,0.855889636843032,0.9050507748127234,0.9443147086416094,0.933419025542832,0.7955155169206792,0.8706849836342094,0.8521519761921449
1794,0,0.2804145767625485,0.22639849023338465,0.4123922574210009,0.3557540549560989,0.5306264656915073,0.19943923790803608,0.3366358442825396,0.27940999518747384
1795,0,0.3772581172701847,0.36412106045133613,0.2784902347311134,0.21824481733282866,0.23677801876551477,0.37195905821003966,0.25237514705312,0.3381901177974964
1796,0,0.17884180514736733,0.21582896111861236,0.19623091748033894,0.22599147876102518,0.24923263863655434,0.20137581245922567,0.18972652312479724,0.204478563686059
1797,0,0.1412631071095503,0.13215226885637354,0.14662652356880504,0.1839723096630855,0.24101231581783564,0.12388094681807467,0.17947229500927017,0.1342199130810844
1798,0,0.23104094365539926,0.2436436831140887,0.21752616093175126,0.1778877901587486,0.20301844805164204,0.24344151190518715,0.17271174143183496,0.2348704519836757
1799,1,0.18638745403853205,0.16725665805428647,0.1991110180967098,0.20994671648798627,0.2096133650566666,0.16631492328680905,0.2420858631611027,0.17756086647926841
1800,0,0.20427039435236694,0.20305722334848686,0.20796289013993874,0.20544605377472405,0.21727977374979357,0.22693245874956047,0.20144386882912915,0.21265085741266201
1801,0,0.19740303418815178,0.2003510960389802,0.20423927784952425,0.21294581371848934,0.20713819367979355,0.2197275462259789,0.21820239013596462,0.20810597337149442
1802,0,0.18914311025198435,0.17425805856423207,0.1960245126907599,0.19679788769948095,0.21182847697674143,0.17521201290764152,0.1523455678136912,0.18183152805421118
1803,1,0.9099308712761971,0.9205060589232961,0.9355019237134585,0.96084069244147,0.9724926925053853,0.9219720510968404,0.8962832927050469,0.925993344577865
1804,0,0.18610977073934798,0.1794491101128293,0.1963312387364916,0.20848447124586753,0.2139800487121192,0.19840977309359142,0.24329007157150906,0.1913967073143041
1805,1,0.898943242150758,0.8862676722987367,0.9125502794283685,0.9428359902431436,0.9383338514593628,0.7968632164135686,0.9063703423621696,0.8652270560468912
1806,0,0.19531085661196346,0.20337316873590416,0.1868725947457187,0.18709250227534466,0.2085366754679208,0.20992795620730376,0.20131266667474423,0.20005790656297553
1807,0,0.20074632179571306,0.19224178017094576,0.19330094896704395,0.202597607271593,0.22064418685741818,0.2007792357929398,0.23446363535329265,0.1954406549769765
1808,1,0.15816697405326793,0.17392196022842654,0.16692590271102695,0.2024104376512094,0.1946966958748273,0.1797565001639879,0.16009322683652796,0.17353478770114714
1809,0,0.21205639765118667,0.1793236430938949,0.24429342529842746,0.20315834218564935,0.19245238621414953,0.18866384112150178,0.20965839899438268,0.20409363650460807
1810,0,0.20871136310527238,0.24128513236917457,0.19232540679289034,0.18606277185074835,0.21269799205976425,0.24292018088262898,0.25993470170991334,0.22551024001489797
1811,0,0.190260167813416,0.1733848527631792,0.19683059685617324,0.19532885923305202,0.21481581356550186,0.19021833704501345,0.1670821869364184,0.18681126222145528
1812,1,0.40336642012528695,0.34221689344195866,0.2239059053095779,0.24977069706741947,0.22039810169995308,0.29490227403737923,0.23228908840665244,0.2870083575963052
1813,0,0.16029856277438398,0.16899540952629785,0.1862155516451646,0.22125112377156964,0.23337920191333153,0.18510425414350154,0.2436797354303947,0.18010507177165466
1814,0,0.2212100464736747,0.21757802215549557,0.21455273446189982,0.21945436112954778,0.2572351438719412,0.21460427194819579,0.33298912481282555,0.21557834285519706
1815,1,0.16405286168662428,0.16011318289127874,0.20349279857299762,0.20065470542720587,0.2005683795173918,0.17256979700378464,0.17863481008370644,0.17872525948935367
1816,0,0.15962918821956817,0.23005322146346843,0.20596853911154375,0.24100278563924915,0.21913304851558854,0.22982494400490042,0.16047058042166867,0.22194890152663752
1817,0,0.3196836478905994,0.37628125286899117,0.2611339863011209,0.2243990878782353,0.22584481924175814,0.3078594924002519,0.2222815214142818,0.3150915771901213
1818,0,0.21103613652242492,0.22387763837013308,0.2079121014249902,0.21477115387234602,0.2329051088647818,0.23325735263273048,0.22528290461003664,0.2216823641426179
1819,0,0.25964777614288265,0.2479289702431823,0.2151502952573688,0.19200408001782843,0.20465361663053092,0.22907952899168604,0.14731075994460985,0.23071959816407905
1820,0,0.15983566505726976,0.17996236247353567,0.1621820596294426,0.21979988958745425,0.22530256679976493,0.17270004731745772,0.26385370354259724,0.17161482314014534
1821,0,0.2213511211039263,0.2167074675005529,0.21519574275335754,0.19632864362786648,0.2218792087727981,0.26750308772838777,0.20184985795944935,0.23313543266076608
1822,0,0.2051511562617708,0.23444376256962615,0.2028605223669894,0.19626978769288586,0.20852671624760713,0.23045854597869156,0.2079126444157905,0.22258761030510235
1823,1,0.1815335350744093,0.18142112688536235,0.22303499990647888,0.21565091747261259,0.23326475976377112,0.19578883604539335,0.2778588100134027,0.2000816542790782
1824,0,0.19319051456571615,0.17967645574025137,0.171120957812356,0.18370046448838429,0.19912227649042533,0.1867869132303174,0.1681198989361432,0.17919477559430827
1825,1,0.744098640488685,0.7038177386089565,0.6091926879240803,0.49324352951422906,0.3426220697979427,0.6238734189398933,0.586861454513766,0.6456279484909767
1826,0,0.1336957068023432,0.15136771304518304,0.16232362533586134,0.18508565842707156,0.213512419046982,0.1563994788156025,0.22758997170717413,0.15669693906554896
1827,1,0.9206345076087709,0.9295498701031514,0.9402995970707674,0.9700222079243911,0.9916509824474887,0.9812623074649616,0.9847219720513838,0.9503705915462936
1828,0,0.18646314164503486,0.18272576786241587,0.20967804717946745,0.20256652743241554,0.23272756092214344,0.23234254848902516,0.288269708395096,0.20824878784363618
1829,0,0.16297485347381999,0.1810173402782496,0.16743153546520828,0.19774624979946817,0.20409342868138236,0.2065229753408596,0.1352232932872677,0.18499061702810582
1830,1,0.9236376128231004,0.9284612923249034,0.9470965580072096,0.9696699815146369,0.9916091102955921,0.9790108026464307,0.9828521796432176,0.9515228843261813
1831,1,0.3264162235653666,0.2962009375966916,0.274638057075454,0.25079643248387257,0.24439447569509853,0.2996518721986534,0.32257141282142227,0.2901636222902664
1832,0,0.15721960614860922,0.1650370891698872,0.15437984356589948,0.17799480339597776,0.18741511816508769,0.15492932102618062,0.15245147973167403,0.15811541792065578
1833,1,0.9178068369217186,0.924252374078464,0.939667429421847,0.9659786734992274,0.9822964469665848,0.9741810154133087,0.9463324924247946,0.9460336063045398
1834,1,0.9157678791735998,0.9225443867391047,0.9380792819903719,0.966595268504087,0.988675826949621,0.9719171964795934,0.9727220660379082,0.9441802884030234
1835,1,0.9240673341764096,0.9282813794392387,0.946942452281903,0.9702867905285647,0.9916605364393911,0.9703938204820353,0.9838788410498237,0.9485392174010591
1836,1,0.9155610654052041,0.927330315021296,0.9398124418637633,0.9666582092760189,0.9910246968924046,0.9678229329675269,0.9616548875943569,0.9449885632841953
1837,1,0.9207478166686048,0.9292479455405364,0.9397516830273832,0.9700332192454336,0.9908753442887871,0.9763461822318122,0.9833087133181079,0.9484486035999106
1838,1,0.15034075156140855,0.14573159021929163,0.169564384440431,0.20082032958445548,0.20032257687698307,0.1321637024779523,0.1316563180696908,0.14915322571255832
1839,0,0.25027401997932375,0.2209337241639299,0.24331672981204897,0.2396241514878176,0.2483469529142123,0.2286035871932751,0.3622809227604699,0.23095134705641798
1840,0,0.15734313066808592,0.1484245648269785,0.1646684243902654,0.18706834712887765,0.18267561662187579,0.182649052075565,0.14369222590713934,0.165247347097603
1841,0,0.17624743895935172,0.18681157591022682,0.18738704471534096,0.1927732205748316,0.21654301175296065,0.19350310800281034,0.2287677488098788,0.1892339095427927
1842,1,0.925655537179102,0.9295878498033687,0.948260167948496,0.9707369981935793,0.9903378759807234,0.9835585993319338,0.9618846596326746,0.9538022056945995
1843,0,0.1480108176690649,0.1783886897979139,0.1792249260304871,0.1780026904386879,0.19890219366250905,0.18471919423927827,0.18532532770605384,0.18077760335589307
1844,0,0.24032514413372255,0.2374238002495682,0.23380587331021063,0.1899134627093527,0.19506480239615887,0.22634187664963581,0.13525586399461623,0.2325238500698049
1845,0,0.18855608998457796,0.1877987259845154,0.20831975839210504,0.21500078000871295,0.2207104222413443,0.20371029274689023,0.23481259751538275,0.1999429257078369
1846,1,0.2826406903956435,0.30812755245665485,0.22682995464540456,0.262616279812549,0.22945239963284578,0.2625928442714642,0.23939210456115614,0.26585011712450785
1847,0,0.1495413556040636,0.10695952622525155,0.15516358271501565,0.19099252684949822,0.3029226046374634,0.07483946855773606,0.14280853840603103,0.1123208591660011
1848,1,0.9012809148693375,0.9143236742851176,0.9315322814059814,0.939483609203699,0.9674762451443494,0.9173014864278851,0.9200981356375073,0.9210524807063281
1849,0,0.15598807833990186,0.19428880706830362,0.18994850476574845,0.17137472853406135,0.19268237763038074,0.20523590012977957,0.14557252868898754,0.19649107065461055
1850,1,0.8579771961858059,0.8690026350497276,0.9072814738887528,0.9058261607192878,0.8826905684353262,0.6806513236406454,0.8295788325880501,0.8189784775263753
1851,0,0.1412498462321507,0.15115520731138773,0.1497779937524941,0.16916298883642797,0.1897769671909385,0.16636290831818998,0.13198296839900328,0.15576536979402392
1852,0,0.16472335824277298,0.19587106864317058,0.18845836670341723,0.19853439246368443,0.21359523576027875,0.18954665726363049,0.21924003516960433,0.19129203087007277
1853,0,0.21951007028468159,0.22024624285384742,0.1847347082397476,0.19163374845564707,0.19578341453824435,0.19259933848761812,0.10335776101537963,0.19919342986040436
1854,0,0.46844946700055967,0.4964557927028122,0.5715150877633931,0.35997127437077087,0.304405174717406,0.4051000922710019,0.2932512021878603,0.491023657579069
1855,1,0.25619289016316554,0.238818944078295,0.2496617304367447,0.21349845109849283,0.2243832961965849,0.23573232285214055,0.26993749095672004,0.24140433245572676
1856,0,0.1904454754663326,0.1839201183335869,0.21545280419836313,0.20955664248846484,0.22903266724606466,0.18896663445594433,0.18964259884319834,0.19611318566263147
1857,0,0.2112292092279353,0.24779351321512053,0.2097068597508538,0.21689103918911326,0.2293289135867204,0.27153603722021025,0.21753854075366283,0.2430121367287282
1858,0,0.20944252043717917,0.1893004887934672,0.1935362799287391,0.19854016504197194,0.19463147466982297,0.22196395673205624,0.13659431815312084,0.20160024181808753
1859,0,0.3028027339795311,0.24793963091107785,0.28646197224638814,0.2601577195643506,0.2262594848318116,0.257517422157701,0.22411682112537246,0.263973008438389
1860,0,0.31505873047408356,0.3365932425671187,0.342138413180995,0.24413290687342667,0.2560513342116086,0.31406768013043435,0.2662754494979252,0.330933111959516
1861,0,0.18442756394526505,0.19309656519637966,0.22101517361789116,0.20557393689351153,0.2086444329663141,0.206507346145775,0.19448291951102017,0.20687302832001528
1862,0,0.20356607864301432,0.18728935615562914,0.21647645495608211,0.22907467255268388,0.21296616060817067,0.21249700345075184,0.19774475717259024,0.20542093818748772
1863,1,0.29108686854253074,0.3293795027936108,0.37762112030550016,0.3502914973986711,0.27499040384443457,0.28916105821408394,0.31199897524768255,0.3320538937710649
1864,0,0.20626532290448832,0.23928387451199243,0.24255311311905214,0.21945814716798187,0.23227665627068117,0.2283479420181561,0.3070534857753723,0.2367283098830669
1865,1,0.9176467324757688,0.9255789054263938,0.9348414949748363,0.9585012602014987,0.9867587671394644,0.9699791575749636,0.9425674992661409,0.9434665193253978
1866,1,0.8942739780546772,0.8802400686692065,0.9321672619754658,0.9533793407527261,0.9661891425779765,0.8515001623175408,0.9626449342632667,0.8879691643207378
1867,1,0.8670415885757291,0.8673115625391831,0.8924490995499322,0.8963187448578878,0.8034090832286486,0.7787900791159762,0.5618382497763196,0.8461835804016972
1868,0,0.2619395456331418,0.2508203246211111,0.2962170830096062,0.25523577704069295,0.3555182925838834,0.2467154907546856,0.33449758507838706,0.264584299461801
1869,0,0.20646637872435444,0.23797308296222155,0.2061734171873494,0.22613232993978813,0.21003436627436142,0.21737517481416876,0.22949643134831768,0.22050722498791323
1870,0,0.2722662381543522,0.2801537653878807,0.27043331188558767,0.27004053811929846,0.296684889559059,0.2930455530709366,0.2985646254134455,0.28121087678146833
1871,0,0.367202405084008,0.36616485431785906,0.25444232148314017,0.2540192505731356,0.2954268324961398,0.3897429020618593,0.27599402652177857,0.3367833592876195
1872,0,0.28417463229955037,0.31023556598810004,0.2858278580959414,0.24956225918612499,0.25855903494238747,0.2886306780644294,0.4143398505885693,0.2948980340494903
1873,0,0.2686753211922263,0.2583676573046354,0.2697902292104763,0.23161539349662386,0.22796989772869955,0.2865353463666258,0.2658835864842258,0.2715644109605792
1874,0,0.1872178719510781,0.19023290044760896,0.16910837032717718,0.1910441136911821,0.21550317668113247,0.2144449998059831,0.19130418251413692,0.19126209019358975
1875,1,0.1775861037512688,0.18633295959886895,0.18189814977633537,0.18929886452367925,0.1953033179345954,0.20462332400421476,0.18268297432569244,0.1909514777931397
1876,1,0.8599702312567885,0.8673605022824434,0.8810371564695187,0.9055522392443027,0.7701947934620031,0.7968147697584049,0.6723303026907835,0.848404142836789
1877,1,0.9169455951234475,0.9271878648158456,0.9412903264260989,0.9664705849002578,0.9923049580105849,0.9772655614036259,0.9233647209672989,0.9485812508818569
1878,0,0.14745038712537886,0.12560627274490113,0.14347676236861268,0.17414051034585895,0.18655468365248798,0.1392796992419586,0.1872854750376006,0.13612091145182414
1879,0,0.3015647978482929,0.27465145492857784,0.2428065454994233,0.20971677504618483,0.22206106366094094,0.2874026704549069,0.23014053249356217,0.2682868902943027
1880,1,0.19332031299552913,0.147447416986097,0.18188359119554656,0.21293296506056258,0.20203344725211392,0.16158542452183966,0.14882798341567405,0.16363881090116106
1881,1,0.21409656720810413,0.1981130383046552,0.20894812984712519,0.21068007474597703,0.20369553109728636,0.1935181607906696,0.2108411114004566,0.20019310964748335
1882,0,0.1907516846470959,0.2580320933116959,0.20715923167615105,0.1881011053595679,0.20520405667192634,0.2122415883903858,0.1737842623772995,0.2258109711260776
1883,0,0.2795552628111969,0.2281877742618006,0.21340724411117096,0.20057183302014234,0.212762936634592,0.24401431416108868,0.18896891636109045,0.22853644417802008
1884,1,0.9190505468364103,0.9248587151555752,0.942563298932241,0.9673963578959072,0.9878780112471568,0.9761108551066915,0.9764570855833515,0.9478442897315026
1885,1,0.9156381329635099,0.9219648539571214,0.9367247548784192,0.9665511673657262,0.9897943301371962,0.9731048680931925,0.9685292619140817,0.9439314923095777
1886,1,0.9251489303779135,0.9292416439483567,0.9495985659927824,0.9707310936024177,0.9914055009142858,0.9790256387222326,0.9711253508530531,0.9526219495544571
1887,0,0.14876334236981878,0.15095221023710895,0.16569126656775743,0.18691327085642273,0.18993439577359142,0.13916003712432895,0.22609288563683208,0.1519345046430651
1888,0,0.256052545541722,0.2349920001513557,0.2370998759035949,0.19206021786028363,0.20401881123641116,0.272283653989251,0.2444100806045428,0.24812517668140052
1889,0,0.14141463117306696,0.13259631324273666,0.16430895997962072,0.18154757155510823,0.22503177004395414,0.13152732887802568,0.23109032523780207,0.14281086736679435
1890,1,0.23074343253125315,0.22852555216623452,0.2407058077455849,0.23276937798866157,0.2053562625984382,0.22610930746219635,0.24258000046680514,0.23178022245800525
1891,0,0.18884976564861178,0.17970571980846897,0.20165411668541564,0.19585933526542634,0.218123058094451,0.20543984181550587,0.19641245057668236,0.19559989276979683
1892,0,0.250595295828028,0.2080221931497892,0.18710630811309395,0.22847089647364516,0.19874086992401718,0.23077785848525215,0.20798972349920564,0.20863545324937846
1893,0,0.2387147916436466,0.22699144091973297,0.22057820415741416,0.2142178537328997,0.22347482496499047,0.22178857070633254,0.289768011351249,0.2231194052611599
1894,0,0.5064806189619248,0.36799039488263957,0.5655054135213621,0.5091318079270272,0.44144688011069727,0.3849456522284,0.3678522353963056,0.43948048687746716
1895,0,0.2662050174656362,0.2888214007658036,0.24859100355872496,0.27318268572693294,0.2602602986384824,0.2799399453535085,0.17781112838740096,0.27245078322601235
1896,0,0.19014109363900875,0.17749270635094205,0.20409051857273822,0.23442777737263706,0.22669884923059516,0.21169440088667021,0.1951474063855301,0.19775920860345017
1897,0,0.2589244040670942,0.25193403091736805,0.19948959509740696,0.21990212524870145,0.22730487887197182,0.3043384355900262,0.26869827029148197,0.25192068720160044
1898,0,0.21550547375028659,0.24514532123891933,0.25300898047128,0.21777367184335514,0.21888792657614242,0.26630864939617643,0.31715052299790875,0.25482098370212525
1899,0,0.18402071503690998,0.17920465191872634,0.21334492312625297,0.2001965114377667,0.20138129929347415,0.18859034745217865,0.15321988707064246,0.19371330749905266
1900,0,0.17163159544119547,0.20168629829780815,0.19772426105085464,0.18741125213167795,0.21570532564145348,0.20899575358971936,0.21690507638971146,0.20280210431279402
1901,0,0.16639528213206145,0.14984584998647538,0.16814155166620107,0.1970416760700462,0.21073445914717182,0.1550688881600105,0.13150895683500927,0.15768542993756232
1902,0,0.16379417088050027,0.14896093026043827,0.17063696692046937,0.18707931734249486,0.2078243459861779,0.16173230794226148,0.16881337219775006,0.16044340170772303
1903,0,0.13512609129043548,0.13767322429413595,0.15512933572653775,0.22824042069035808,0.1849417695701826,0.13709490143434455,0.16633693534452362,0.14329915381833944
1904,0,0.21792100248213933,0.21297002995199477,0.2233620017439212,0.2166841278067143,0.24349477485274465,0.2222905451729477,0.2476744741161133,0.21954085895628786
1905,0,0.24209971940590827,0.2502650707736812,0.24907279254338185,0.2093919344414751,0.24691971734361406,0.22979409921777702,0.3346981099485551,0.24304398751161335
1906,0,0.2082370225365239,0.20589705735477074,0.22239622525753686,0.19269241178955454,0.2098246146058734,0.22535632797541272,0.2301894764046916,0.2178832035292401
1907,0,0.21869629642863786,0.2270185427799087,0.18584435450642678,0.2136572119702477,0.2046075235360262,0.24745094302085954,0.08302595737543177,0.2201046134357317
1908,0,0.2513900206349505,0.23140791348986312,0.2518583584943025,0.2212272309025162,0.2250942360177699,0.25398756631867864,0.29617002954020516,0.24575127943428143
1909,0,0.25553523799248895,0.21526536127937654,0.21978125906727286,0.21358145481288152,0.2066150631396415,0.2186804049386196,0.17356793964218484,0.217909008428423
1910,1,0.9003294854535566,0.8962046957864356,0.9300232855218145,0.9529395192703652,0.9347026097882282,0.8500919842647013,0.8121926149292915,0.8921066551909838
1911,0,0.4451800921477935,0.3377839021290936,0.28328294749255795,0.24885644617555555,0.2262990464588519,0.28646974026165334,0.2485646560845464,0.3025121966277683
1912,1,0.24019425925226937,0.230178151413347,0.19523152138946362,0.19030635271242946,0.20039833202469395,0.29755992338424303,0.20328904629286207,0.24098986539568454
1913,0,0.22240178058821394,0.24362117279418036,0.21982286297700573,0.26767455395054635,0.27901044357955734,0.25167456603874677,0.22024877070288706,0.23837286726997764
1914,0,0.2724823280062372,0.24208490685618164,0.23654759725614646,0.2216925256165021,0.2354237292044695,0.2672496629888758,0.3201884639973052,0.24862738903373463
1915,0,0.24962265729918143,0.2658851530208967,0.27156200641077993,0.32953926579245557,0.26034383230634334,0.30578208556143804,0.1555261512737982,0.2810764149977049
1916,0,0.17155892549557986,0.15869181035852256,0.16882748025880678,0.18903735418312537,0.18124802681591226,0.19233979807648385,0.10261249686044888,0.17328636289793772
1917,0,0.18815468058960305,0.22637141287608076,0.20887652280990676,0.20313039170351957,0.236338210783858,0.2427882933216334,0.26312234749186075,0.22601207633587364
1918,1,0.4404741511572426,0.40779758460399823,0.35359046865169913,0.26503454921830116,0.2748291578932895,0.3750671320446732,0.43990286034879644,0.37881839510012355
1919,0,0.1744242672997768,0.16437668886684254,0.19807412718170467,0.18411885702641329,0.2000947722150892,0.1891581262803509,0.24922994834209264,0.18386964744296605
1920,0,0.19849169418030632,0.24965330008476486,0.2482999572292244,0.2092659191093649,0.22168777150717664,0.24685522170489252,0.2904872971754955,0.24826949300629395
1921,0,0.19965068899720287,0.2254095167565443,0.1729601401948796,0.19839127020231032,0.21472596126462914,0.20976257226606757,0.15527343784242795,0.20271074307249715
1922,0,0.1806425362859075,0.20413432790615457,0.22270548413707036,0.20402402394662503,0.2208848502516357,0.2098571648890313,0.23739512937257645,0.21223232564408542
1923,1,0.9180997161363122,0.9271678857862042,0.9454424709737906,0.9676237775694174,0.9924045381527019,0.9763813719264552,0.9412266663966583,0.9496639095621501
1924,1,0.22672315827662456,0.2653801754516651,0.20632387161923035,0.19446495750853712,0.21585725160498567,0.257879298974606,0.280123521804125,0.24319444868183382
1925,0,0.20848826992196776,0.26842732111600814,0.26259013009886284,0.22685560667873597,0.2097348963395613,0.25250970827954317,0.1719399795710138,0.2611757198314714
1926,0,0.2567683333219024,0.20803144510199426,0.19870969037774744,0.1914635318413065,0.21039453529621102,0.1942502543542165,0.28939685059717074,0.20033046327798607
1927,0,0.4745675433060829,0.5077553445583453,0.27720883776399274,0.34531904296175114,0.27043367096854576,0.41620990567227095,0.37715159476507054,0.40039136266486963
1928,0,0.25166211356586904,0.2202021766156587,0.22483661013384304,0.2116283731903077,0.2171924481807296,0.21898053149425337,0.23761941334972503,0.22133977274791836
1929,1,0.43647462706856216,0.4686597239320999,0.34817740341128495,0.3104216073944264,0.2397125873446749,0.34762536679042383,0.1964822561788855,0.38815416471126957
1930,0,0.24966242156303764,0.22151665417632263,0.24343409084462175,0.22910157613653906,0.22564721625076178,0.23980411030013316,0.2492280491504406,0.23491828510702584
1931,1,0.8786698243722929,0.8422173277868623,0.8806060999781625,0.9237296312016503,0.8892834317883765,0.7445794714093794,0.824777758790327,0.8224676330581348
1932,0,0.23725914647327065,0.21551559831479247,0.22555551806175003,0.22258057590488278,0.23494237378653823,0.24304817272478718,0.16427184929360408,0.22803976303377657
1933,0,0.1950195743956927,0.16897542201168178,0.18961935753149592,0.19175246716415162,0.19576410239562822,0.1592490836249997,0.18548987142205042,0.17261462105605915
1934,0,0.17933972728368677,0.22477326195710604,0.17707469843742596,0.19205673633940143,0.20386793188670962,0.22132358239127,0.24408599406694323,0.20772384759526732
1935,1,0.1377054944424878,0.14117958312035836,0.1571554092381116,0.1796973241711258,0.2110570313440087,0.15190199985309105,0.183364863474521,0.15007899740385366
1936,1,0.20683265401820702,0.19972673988173065,0.23023956256407127,0.22061015372928253,0.23832102666414987,0.2171577573479083,0.21400228791276085,0.21570801993123676
1937,0,0.20833782972233425,0.19703563052041295,0.20788244770644726,0.23105612938491257,0.2185102351557935,0.19971417708283687,0.15109241315327782,0.20154408510323238
1938,1,0.20886452862332036,0.17209114676913503,0.16824193110802285,0.23097687598282612,0.2113063468149341,0.18952607861170714,0.1744821803256373,0.17661971882962169
1939,0,0.2008838333563767,0.21666491942242036,0.19994566993131913,0.1992325752902393,0.21698956615632267,0.2303677776001901,0.25422946813430586,0.21565945565130987
1940,0,0.20197232230665532,0.244581675789561,0.24456542068540452,0.2648497527261828,0.24424583842878556,0.262069790282743,0.37926015846153044,0.2504056289192362
1941,0,0.1466673930825716,0.13530116191004063,0.15795620744478947,0.17687021933506783,0.18179868029674137,0.1320675071185892,0.15246297562009936,0.1417749588244731
1942,0,0.27160356514538136,0.2509300936912276,0.25166757626035635,0.21369902778702698,0.21415405257580966,0.25788957109618127,0.2122274541377843,0.25349574701592176
1943,0,0.23373193093842293,0.22291696556605747,0.24777745692167893,0.25893097794799474,0.25393957339419365,0.22090355590630106,0.22712287499023667,0.23053265946467916
1944,1,0.7548269306406952,0.7936898933273301,0.8611148363835467,0.8327026351909986,0.7612319553524785,0.7071063910767426,0.6726024763774001,0.7873037069292064
1945,0,0.24003389469206074,0.16594549460370833,0.18976786614612942,0.23377145126818358,0.2197440384119328,0.17975119762762784,0.17013576195432567,0.17848818612582185
1946,0,0.1751042256991173,0.15486691679400671,0.18281651225257592,0.2265780570495611,0.2791414930302238,0.17068247795115313,0.2229836198951968,0.16945530233257858
1947,1,0.17346712671466302,0.16193346570569933,0.20105573583015965,0.19641499758991202,0.21010690957646938,0.17669492432763564,0.22020246183373768,0.17989470862116486
1948,0,0.4106233597890261,0.35269240660809564,0.28759868044757436,0.2698943113970857,0.23496236896814074,0.3324018224861858,0.3648655923629737,0.3242309698472853
1949,0,0.23917689864769698,0.2278061344417711,0.25022689197038567,0.236559405706577,0.2115767110965654,0.24515148220090532,0.2410030212355798,0.2410615028710207
1950,1,0.9181931206830211,0.9273293898513746,0.9418641100244388,0.9674783290658246,0.9911622873890119,0.9710241510652332,0.9709230279893427,0.9467392169803489
1951,0,0.3091038857938167,0.2676012069334747,0.23910521475129462,0.23619023358392632,0.21217878668014808,0.27190088278413443,0.16399283740023715,0.25953576815630125
1952,1,0.9169955994650462,0.9189533768523366,0.9228133477588281,0.9519643541102812,0.964287574261402,0.955118056251541,0.876772482560683,0.9322949269542352
1953,0,0.3201458045149337,0.33149152609060134,0.3249161355866738,0.28302987792578455,0.2636105693545639,0.312704213337131,0.35823167587720245,0.3230372916714687
1954,1,0.30464647018072827,0.31603061315540015,0.39416309728699933,0.2869985941031024,0.2877378987916832,0.28818427070018227,0.3590961827182486,0.3327926603808606
1955,0,0.16008383376150648,0.18621249791617842,0.1779547975532468,0.1810608555644785,0.20778018473611745,0.17419044211507573,0.15869016683560835,0.17945257919483368
1956,0,0.19196375678467978,0.19786979239676292,0.18084478238679316,0.18277111604603002,0.20306965954552228,0.18298887262005903,0.1278398530745224,0.1872344824678717
1957,0,0.19430213425656453,0.2201918978447098,0.229188038464486,0.24963275000277033,0.1876628205226705,0.2142014372624801,0.16596473472447007,0.22119379119055863
1958,1,0.7832269785660845,0.7678918346074203,0.6505325268020847,0.5196080513101228,0.2629981127404699,0.7249158783761321,0.21957280440441132,0.7144467465952123
1959,1,0.18158375795551504,0.3039178662781627,0.24207951526380547,0.23285887052687107,0.22274191545568378,0.2605341239732614,0.22015810103186403,0.2688438351717432
1960,0,0.2805110739396072,0.2961091817546781,0.26575282724977883,0.23728534050060632,0.22838878652774475,0.25896663792568886,0.293760615005407,0.27360954897671524
1961,1,0.3088160772338507,0.3787460169624312,0.39528192450437216,0.2874355652715408,0.24795382669316499,0.38312663934528085,0.3160407637618468,0.3857181936040281
1962,1,0.17861733259752832,0.1587523683951079,0.16292115662772025,0.2111318847626549,0.2042194193503609,0.18121750568104886,0.19563647575865173,0.167630343567959
1963,1,0.9196233559765671,0.9287767800347343,0.9395062828478332,0.9698697362291923,0.9917634459071839,0.9736839766677913,0.9757128730317784,0.9473223465167863
1964,1,0.17058892694983305,0.16575775795072534,0.16602594470856827,0.1918876794968525,0.19872552868691637,0.17104451352601993,0.20746815842552382,0.1676094053951045
1965,0,0.26588036996044945,0.23985922518078576,0.25835345500232926,0.21989417614789755,0.23061858632448937,0.2853997074436339,0.32009914296780884,0.2612041292089163
1966,1,0.21493800857843823,0.20676708181723366,0.21986299715765042,0.22111958178695823,0.2174233622793494,0.2151125409012582,0.2737458904174629,0.21391420662538077
1967,0,0.17584081011237182,0.1925420731166335,0.19188327246520284,0.22019574668190453,0.22883840214528442,0.22612341858882876,0.37206054378628295,0.20351625472355503
1968,0,0.20071045846104107,0.22154265439427592,0.2411128717428229,0.21711754014468987,0.23988193526408697,0.21421243792384007,0.33292762076749,0.22562265468697962
1969,1,0.199237926395888,0.18647486644080002,0.18239165104259694,0.19572056784411537,0.21298429780159178,0.19466545009543024,0.23751034602632146,0.1878439891929424
1970,0,0.3784215096996426,0.3683853382003773,0.29590968593329464,0.21621637296792215,0.22535901865556793,0.348646906431279,0.23545803551182345,0.337647310188317
1971,0,0.20560399325996337,0.2113835298969223,0.18593815391794524,0.1989313918738036,0.2133541677669332,0.22302003894086866,0.12824891714465966,0.20678057425191207
1972,0,0.218358583647569,0.2158836449928736,0.288539850250862,0.3104217627321592,0.23826832212636676,0.20952990312972156,0.3392955840600634,0.23798446612448573
1973,0,0.26152171706812716,0.26007613423395876,0.20532493513536823,0.20674597964207433,0.20683817878941255,0.24804222959967348,0.14990885642402732,0.23781443298966684
1974,1,0.9171493851677441,0.9271007876106191,0.9423853228297082,0.9662405857953776,0.9921375387601721,0.9767921609796648,0.9630321756186824,0.948759423806664
1975,1,0.18779050074585987,0.20933946893947594,0.264879394781883,0.2790424899241714,0.2593488683850872,0.21821045363568703,0.34881484742549357,0.23080977245234865
1976,0,0.2287897767900968,0.2843464762000368,0.22378703876329112,0.2720650765703327,0.21809480078019702,0.26307571978433364,0.21887891172240734,0.2570697449158872
1977,0,0.2697114965168736,0.37777977794565376,0.2526378740945081,0.2487545970932802,0.23316299540825033,0.3269201751148085,0.43500584397563236,0.3191126090516568
1978,0,0.1418978868064885,0.15845526824449635,0.17587691146825776,0.1836566940326542,0.20815783357613138,0.15572555462775922,0.15721488340476752,0.16335257811350443
1979,0,0.11357862371432327,0.10332831767905677,0.1311754472134212,0.1644883873312174,0.23024575761968194,0.0667814826751787,0.09233625440162448,0.10042841585588556
1980,1,0.2967509392512886,0.2492200738375366,0.28179395941744906,0.2661710508594189,0.20852999522575075,0.2686814510642279,0.24309441693181058,0.26656516143973785
1981,0,0.2532438798359286,0.23936219752515261,0.25239774117221864,0.2394838995531149,0.24367704820854233,0.23059456237228168,0.3143148886092129,0.24078483368988432
1982,0,0.1821528539026038,0.15357673055401866,0.18270613596176358,0.20109981490989517,0.19868638642973258,0.14310006996602434,0.13510847377576732,0.1597943121606022
1983,1,0.2547722024266833,0.2231737109862895,0.2711025753814171,0.28315998853117513,0.2431389382773945,0.26734034996972217,0.27347803681094773,0.25387221211247624
1984,0,0.3204858946379499,0.2140942187671889,0.24159659181217008,0.23814520368878908,0.2022253711409184,0.2373689504235809,0.20058902482388752,0.2310199203343133
1985,0,0.322919636087379,0.35083601414841525,0.29882340513432376,0.24256959066497474,0.23136172074405303,0.31644081570366006,0.25066851705574505,0.322033411662133
1986,1,0.22335278674177164,0.2867074474537848,0.2159973302490731,0.23151776423586445,0.23159957002271683,0.2712366151602536,0.21337103612217376,0.2579804642877039
1987,0,0.3061119688394236,0.34985838479287185,0.26674619641685204,0.26877865926748135,0.22605631190925257,0.3199550167953349,0.1769463111023317,0.3121865326683529
1988,0,0.6729608840342167,0.44497271873992833,0.8352298778473104,0.7158192280023244,0.7682209955801049,0.4438564592578797,0.7006644304607765,0.5746863519483728
1989,0,0.9038247381581078,0.8841143334794809,0.8977310351995443,0.9343993802320988,0.9052049815298582,0.8688178261069819,0.8320286332801959,0.8835543982620023
1990,0,0.8071136735366035,0.7925916374486105,0.6844988928239685,0.4981147862750805,0.38254170416923805,0.6967210345641232,0.42392605369802866,0.7246038549455673
1991,0,0.18438660897156442,0.1760597965761892,0.21310026094013637,0.19085365043020333,0.20241005316707364,0.18668436748471584,0.24181023186223513,0.1919481416670138
1992,1,0.9021044834009239,0.906008898478614,0.9046541174137722,0.9378142436729296,0.8695244756479436,0.8304889305906928,0.8216996346941027,0.8803839821610264
1993,0,0.3647207626508177,0.28741528768464286,0.2983453544715402,0.3014525937216433,0.2580254807249329,0.2404644806925372,0.2106678532633197,0.27540837428290676
1994,0,0.18625440120400416,0.19407573252729973,0.17717201860712187,0.19600209060495244,0.1935794865872501,0.1897419383084804,0.16297771010151862,0.186996563147634
1995,1,0.8924797347811954,0.8739880658439988,0.8853422431772578,0.8899123074949739,0.6153899297487903,0.8070251634954708,0.6031860325267919,0.8554518241722425
1996,0,0.28746065541652605,0.2453325863371295,0.21374624576246068,0.29881876154674547,0.31266343466756935,0.25280112621335626,0.2065454890314408,0.23729331943764884
1997,0,0.3638418218728506,0.3320921059391628,0.31705053034090575,0.2804718063454366,0.21550030897841635,0.3257429832556899,0.24831368069504575,0.32496187317858616
1998,0,0.24422759031320862,0.21366086156915834,0.23647360644053195,0.21791033986664876,0.233159803197487,0.2339652935961082,0.21482044884132712,0.2280332538685995
1999,0,0.14473043826813012,0.1522139700850825,0.15720012539887182,0.21393037357615294,0.21135254121187297,0.15323224396648605,0.1372919820512731,0.15421544648348015
2000,0,0.1678639383220308,0.1838865823433646,0.19781483215589216,0.1983397963724799,0.20061906734553533,0.19268317189109066,0.1616584955273368,0.19146152879678247
2001,1,0.9161278733837497,0.9227892525368842,0.938616265224853,0.964863028812312,0.9853356423863723,0.9728120051428332,0.9709288588917406,0.9447391743015233
2002,0,0.16263399657080743,0.16787829650577535,0.19366766768982294,0.22972417141051138,0.2161448732214322,0.19871341013488586,0.21953423599372937,0.18675312477682804
2003,0,0.1812825961326172,0.22146262525666507,0.16622523436787628,0.1891683789305673,0.19787246472818162,0.21039590213080686,0.1701437594222416,0.1993612539184494
2004,0,0.15443885971789947,0.150670978097635,0.194780506582222,0.20128379929354936,0.2148826090830607,0.19636764090912115,0.1643044176835559,0.18060637519632605
2005,1,0.8433817042337615,0.8294560429637317,0.8930922022347558,0.9233647651978562,0.8446739365431369,0.7048010221798463,0.672417658219843,0.8091164224594446
2006,0,0.205677329227559,0.2164138551742821,0.20582453903086173,0.21821364626060472,0.21997807412746817,0.22454804323766783,0.31098708858347096,0.2155954791476039
2007,1,0.2202245739388983,0.29580407295385786,0.2259828217111897,0.20835920195880006,0.23886186587470118,0.2603381855960179,0.3740011762963118,0.26070836008702186
2008,1,0.1950760038298371,0.2092127255891687,0.1858130834995572,0.20660671982187195,0.20152326533066897,0.21736649737905042,0.2101117140280883,0.2041307688225921
2009,1,0.27316530211759976,0.25431150874755687,0.23368108702334453,0.211188738247064,0.21834467327817444,0.23307600543841575,0.2545801125336047,0.2403562004031057
2010,0,0.384774402760015,0.35027180181076195,0.2783631566339011,0.28017233338932845,0.24452260074568852,0.3029412560773697,0.23950880108668357,0.3105254048406776
2011,0,0.2960881276379908,0.2581741159249548,0.27977287108946663,0.25736952471529884,0.2606703750658927,0.2572991096181824,0.3090577129352401,0.26508203221086796
2012,0,0.22590261760568167,0.2830962758792757,0.20151102966198198,0.21455433295089898,0.2130284664781618,0.2949767827284997,0.2764564738631424,0.2598613627565858
2013,0,0.2446360032122794,0.25873776158105427,0.2222653424879464,0.20556077812725093,0.2229744635172,0.2627736597903482,0.1586437639511199,0.24792558795311628
2014,1,0.16130602511222833,0.1676989528884666,0.1827381649456958,0.19934526895734786,0.21446153213069477,0.16026964594202942,0.14731275793808102,0.17023558792539728
2015,1,0.22527109954841804,0.19836390715643804,0.20803137738722033,0.2034076777796269,0.21166150359084038,0.22896206508898373,0.15092362017161534,0.2117857832108807
2016,0,0.2839403369322664,0.29888034913401174,0.26947793470015863,0.31826882237668036,0.2962965628650461,0.33326821681013197,0.3401253499704995,0.3005421668814341
2017,1,0.919672988038208,0.9255581744677034,0.945002196432074,0.9672682421399154,0.9881381928599624,0.9810316989822319,0.9925449333978634,0.9505306899606697
2018,1,0.15581363044308644,0.14953218129732473,0.15897486238866695,0.1892584536335169,0.1948038856403204,0.17010899389601888,0.09019405717936167,0.15953867919400352
2019,0,0.3034315873694853,0.26001486973105,0.23359120457813312,0.21335003080224726,0.2542877249248076,0.2621850154999768,0.3299210871400616,0.25193036326972
2020,0,0.1752940340788158,0.20161004215380762,0.17976678688896375,0.18533096047466976,0.20941848353007364,0.20767911584568136,0.18169847633218406,0.19635198162948422
2021,1,0.7689150591340459,0.720629664308425,0.6731052090298002,0.7063023783024924,0.39369460362581793,0.5437634988397159,0.439685091392688,0.6458327907259803
2022,0,0.24112693108847774,0.2438064749588721,0.2204903339040615,0.18857747918708512,0.21386998215908462,0.2524088577208586,0.24831604472868996,0.23890188886126407
2023,1,0.8450433596758468,0.8010842572326192,0.71007186686113,0.7167752770130246,0.6065023717469978,0.7216257729977578,0.697784303429169,0.7442606323638357
2024,0,0.2195780934554046,0.2363303852004389,0.2079934500731108,0.22481975426627673,0.2232246431166306,0.23853063648261055,0.22825020415248062,0.2276181572520534
2025,0,0.2897956832277706,0.24771980331901963,0.3158090077208459,0.20990727342863877,0.22662420657691107,0.2627089798295678,0.2717106681151497,0.2754125969564778
2026,0,0.24322388010083254,0.22450734744562487,0.2125951064285243,0.19393099339882755,0.20590399149586394,0.25748571501495093,0.1460049424367772,0.23152938962970004
2027,1,0.24381284331457762,0.2703884066087237,0.2664135977410058,0.24617859738735726,0.24494254836504345,0.2139287053089114,0.24662643524149,0.2502435698862136
2028,1,0.3994088126484489,0.4434933620156472,0.5225328854513391,0.4602119802039568,0.39542075744081023,0.39013717443615054,0.37753345255559106,0.4520544739677123
2029,1,0.9252064211718739,0.9293660005467769,0.9490789653613917,0.9693932985563056,0.9920513032149879,0.9838296783245081,0.9725860101092998,0.9540915480775589
2030,0,0.4474238752678077,0.4076152640487773,0.27940428486977686,0.2921606114708753,0.22477073564693226,0.34904637751792594,0.37505020349373047,0.3453553088121601
2031,0,0.20683760316600375,0.23462040623606595,0.19418871551219366,0.19007240956006818,0.20636262823594206,0.19609294907479766,0.16833446557823453,0.2083006902743524
2032,0,0.13049002492372938,0.10522782153321215,0.1369940038842253,0.15377631494503144,0.1927161903458543,0.06103265160530861,0.059644170136377926,0.10108482567424869
2033,0,0.1424770326918078,0.13771448032762598,0.182274861782704,0.1834732668248049,0.22085913743299002,0.13622876273780618,0.25803029917500114,0.15207270161604539
2034,1,0.20880684947382808,0.18196318981355533,0.18967553889449137,0.20392710591651034,0.20466598738042788,0.1982811521554321,0.17317123142752777,0.18997329362115958
2035,0,0.19356716740044808,0.183102986241102,0.17945545219802939,0.21902445581326815,0.21318650958945481,0.19898241261739083,0.17336874960768253,0.1871802836855074
2036,1,0.26494793556395374,0.2744201041642224,0.22711622339578266,0.21975878541374383,0.23436998107150941,0.28552287051484865,0.28509919260617983,0.2623530660249513
2037,0,0.23033109134318527,0.18671655932234418,0.1971060321168172,0.23430414345143577,0.22875552949045933,0.226236239145182,0.3015064103730353,0.20335294352811448
2038,1,0.9205602637876836,0.9291695229475029,0.9382642382250898,0.9689388210977318,0.9896488379274976,0.974408051365517,0.9618036890057485,0.9472806041793699
2039,0,0.21426829551002177,0.18341933158388044,0.19868998630181212,0.19551049892230718,0.21835128964416606,0.20875918551088649,0.21987435247487097,0.1969561677988597
2040,1,0.9162577192179132,0.9224672110888049,0.9354885441474283,0.967265516503376,0.9842348640842795,0.9740888855662609,0.9326458938810065,0.944014880267498
2041,1,0.22329749608065397,0.20924858483368125,0.20747920564148561,0.20662586912071004,0.22977984823031072,0.22001012072603168,0.2718757124842653,0.21224597040039953
2042,0,0.2203604129651421,0.20011024215377557,0.19291868320519803,0.19465469397969512,0.18980471468485047,0.19591961965973195,0.13200398802254504,0.19631618167290185
2043,0,0.27350968498294886,0.25665587134901,0.23271918142574455,0.20761531569834046,0.2285741308740298,0.25859853437176555,0.29211840821418505,0.24932452904884003
2044,0,0.254109789236898,0.2550007869610156,0.2274154532237709,0.25007211431334314,0.24385384563304577,0.257616187901479,0.2523772681613757,0.24667747602875514
2045,1,0.25604930136499626,0.29717554618657754,0.23018027531632823,0.2393523756984347,0.22014180291521793,0.3168524817276461,0.2140573985982405,0.2814027677435173
2046,0,0.17948988858983164,0.18965788603390665,0.1761613310419938,0.20214703366909229,0.21687370749406654,0.18384979056193643,0.21331202398780777,0.18322300254594562
2047,0,0.1896465963501338,0.2207383211786551,0.21354742738889035,0.18914142895481476,0.2306399616326508,0.20994395504820396,0.338546954795762,0.21474323453858313
2048,0,0.22917607484815536,0.22771188022604574,0.235491909402861,0.2018503883962047,0.23625968110475834,0.24188854505455346,0.35894264130662773,0.23503077822782006
2049,1,0.9178453840362583,0.9272190449163742,0.9439558404148561,0.967285596365553,0.9927212961610988,0.9765269165983477,0.9871706142009624,0.949233933976526
2050,1,0.2938350791833527,0.3422536480799306,0.32631220844681125,0.25137469088521636,0.25130240438260737,0.2535354586711285,0.43123782035924857,0.30736710506595677
2051,0,0.19056633104669193,0.18159444049352888,0.27195590628395405,0.23047014068131558,0.23937823896937807,0.2012570469518312,0.33240963082534875,0.21826913124310474
2052,0,0.2520404817698834,0.24271039347994972,0.2426300860988515,0.23337926961942915,0.23777298861851384,0.24626697494049757,0.4391560000231256,0.24386915150643293
2053,1,0.22195618522252336,0.20977595554677597,0.19422498481472864,0.20796631407610455,0.2230346533239896,0.2506982856932553,0.13284349902357062,0.21823307535158665
2054,1,0.8839432816158436,0.8723983436803836,0.8783329333330911,0.8895912860741415,0.5265503654493201,0.7560388382848626,0.6254030551423148,0.8355900384327791
2055,1,0.7074793925087871,0.6859477175271339,0.6464671034019774,0.6187159128604104,0.35427476223016124,0.5844200474258273,0.33720880126733443,0.6389449561183129
2056,1,0.8406065945806035,0.8652342455254658,0.6989018706611992,0.6094807577627689,0.35813882731877217,0.757567212948917,0.43327747650487747,0.7739011097118608
2057,0,0.16323684650116435,0.16789145938648864,0.2223982022290052,0.21523441076969796,0.2609025708104524,0.18389065512051914,0.3845560438393547,0.19139343891200433
2058,1,0.24040130105207014,0.275329265669684,0.26591056081650766,0.24304100404240706,0.2565330318215637,0.2559353017920443,0.2931440233330391,0.265725042759412
2059,1,0.16295461713843362,0.20117893958145716,0.17335266844800298,0.19070740835105648,0.21019711983386705,0.2224635583441407,0.10346216192452283,0.19899838879120027
2060,0,0.23494073721600336,0.24014271418355415,0.21729996147107358,0.21089018142170832,0.19706205406600477,0.27734945049484555,0.2062390080109425,0.2449307087164911
2061,1,0.20249280249705323,0.27646585337605184,0.29704109139774393,0.24371475742496193,0.27588955573265034,0.23041962781874528,0.25144223007175864,0.2679755241975137
2062,1,0.8794280137156907,0.8585480801360869,0.8987302901523923,0.9231867447360078,0.8676074495152202,0.7125843098783742,0.7767743386025397,0.8232875600556179
2063,0,0.33968584050010436,0.29626545008885524,0.2921879676791372,0.23197158126619677,0.22743305960616023,0.26410424516774433,0.16080109272555151,0.2841858876452456
2064,1,0.3493054770798952,0.25230960981779676,0.23548140638285278,0.2493452174433719,0.319037449397804,0.2603512388833364,0.26568459777687886,0.249380751694662
2065,0,0.22574496924735818,0.23771017216876436,0.26600250660349406,0.2447114115183819,0.2501075272039146,0.2702535929688561,0.34872346753507805,0.2579887572470382
2066,1,0.1986375821072932,0.2438245333232553,0.21465435809006714,0.2399578463668064,0.3109394454615754,0.22558964161085018,0.24039933798475413,0.22802284434139086
2067,1,0.18356880940952425,0.18969238256921317,0.15983857770971285,0.1648952545209992,0.17213132757341154,0.1859412506312356,0.18705452437342154,0.17849073697005388
2068,0,0.23305425140284475,0.21141849621805983,0.22696980475933645,0.2018106904420535,0.20431368285968365,0.2202776021821485,0.16727252954747782,0.21955530105318158
2069,0,0.15966378720258936,0.17655985608528293,0.18509371324530907,0.19552512704674252,0.22486911085724684,0.19582846228819153,0.3563056737201659,0.18582734387292785
2070,0,0.14098514316425323,0.10494266726570477,0.1350381485114324,0.16434388573719658,0.24245477984097677,0.058751529942834474,0.15643423194952513,0.09957744857332389
2071,0,0.5373231614349082,0.39569847176674955,0.5100289595295046,0.3528488265030338,0.2834675127061497,0.42072481406276613,0.47344605978675025,0.4421507484530067
2072,1,0.8825855747148216,0.8797511472116201,0.8731006136865828,0.9015362826803662,0.7794857936130116,0.8254248662058852,0.720316953057868,0.8594255423680294
2073,0,0.1364378236387984,0.15230661902702622,0.1897181758477695,0.19043101710016072,0.23160871621988363,0.15885665511283434,0.2835159495196287,0.16696048332921
2074,0,0.19924602317649165,0.17852957376206768,0.18013225045503545,0.2033601383774338,0.2169453494812089,0.20903687278132121,0.2570330474009906,0.1892328989994748
2075,0,0.22456410426195803,0.2186336973201665,0.2237279413443094,0.24551265207723957,0.2137238172639706,0.22568355346627245,0.28815809375116014,0.22268173071024944
2076,1,0.17174107547190565,0.19687473629726204,0.18302472975421055,0.18041195229376208,0.21087774479824004,0.20895050084341457,0.19839335972771058,0.19628332229829573
2077,0,0.17846600460871684,0.23924798756661994,0.17771826642667732,0.18248739110290435,0.22324158501238886,0.21901611018032408,0.23157136451075314,0.2119941213912071
2078,1,0.42285901231801715,0.4098212538211976,0.3691587169684711,0.2823834915203547,0.25398205257568873,0.39002191048010443,0.3127106537282242,0.38966729375659104
2079,0,0.3393571716291861,0.30593290162390646,0.3219170441084105,0.24895845181490076,0.26096509520933525,0.29477826485145003,0.32818968349168426,0.3075427368612557
2080,0,0.255701239915538,0.3123298326278523,0.2470564586964941,0.22397235957909603,0.21345701186078378,0.2875727283822407,0.17375157405345912,0.28231967323552903
2081,1,0.18746308197394843,0.18404863630456827,0.19518146449276041,0.1954041996128725,0.20152374609927304,0.20378668897034147,0.15158797330481502,0.19433892992255672
2082,0,0.2864456131011841,0.1972608076179242,0.23140124151104388,0.23580372892383905,0.28141652393964384,0.24254752353776285,0.44187185441390336,0.22373652422224363
2083,1,0.17990271596507526,0.18587520828528933,0.1986450127274203,0.19977260561722776,0.21427045140932566,0.1943594373862109,0.281487264524196,0.19295988613297352
2084,0,0.17338734797193966,0.15285246327164012,0.1653275047207416,0.16862757406403825,0.18905548998473054,0.17322634529304562,0.13665461556173822,0.1638021044284758
2085,0,0.2030529973853855,0.2124556758251618,0.22761000695719968,0.2134475444161826,0.21067028619650904,0.22874031930182762,0.22602454931404892,0.222935334028063
2086,0,0.21673387475591374,0.18077622435461185,0.1988697048452226,0.18481597224528024,0.19621266844405152,0.19286082053843748,0.12941315464907596,0.19083558324609062
2087,0,0.21835071347199375,0.2212949707599711,0.2755744265129996,0.23675311106943683,0.24456677588212264,0.24050635175937093,0.2890563797815806,0.24579191634411388
2088,0,0.18441236415666762,0.18694425821647107,0.1616616779355068,0.18737306751338478,0.2148884131000557,0.17449879266175236,0.14981847640443866,0.1743682429379101
2089,1,0.9198610779720192,0.9284431299980671,0.9360821403152478,0.9687919390981746,0.9897344546850754,0.9702679539364061,0.9802486643602691,0.944931074749907
2090,0,0.20706831086255004,0.23107575473368316,0.20485627805613585,0.21122867592749814,0.20508444264537515,0.2277014175923613,0.1916273687320774,0.22121115012739342
2091,0,0.21427677076764728,0.21976852068198124,0.19528107443577614,0.2013192479148459,0.20866219536825634,0.2155078980200117,0.24306791852026774,0.21018583104592303
2092,0,0.828854155651625,0.8498399707834435,0.8325191585105397,0.7977814483283335,0.6854330260402692,0.7114694497812829,0.594468786455122,0.7979428596917554
2093,1,0.9182954533857757,0.9280199509280708,0.9438503999964015,0.9674185598002678,0.9913200366179814,0.9763725913070952,0.9565643044801823,0.9494143140771891
2094,1,0.4996359098255286,0.38512442903753313,0.41074645336136,0.3488663666211318,0.26703001163409473,0.3205249344678,0.3471751561156154,0.3721319389555644
2095,0,0.27588022256080463,0.28132505586507944,0.24867264774814402,0.26061573142478056,0.23720113028755238,0.32014583342694797,0.25622945852555135,0.2833811790133905
2096,0,0.17531828983750053,0.19755488325886086,0.2039870078638121,0.1936229014525704,0.20291766869229358,0.209732240369246,0.18219484285828277,0.20375804383063967
2097,0,0.27388876884679064,0.2574293789290109,0.32530195722941885,0.2779128498049965,0.31787760317414443,0.25049378361569147,0.35999485184092284,0.2777417065913737
2098,1,0.503478552710102,0.4547606470668945,0.413895865242526,0.44693159774685753,0.36260011405811055,0.3852582386673243,0.45889054114395744,0.4179715836589149
2099,1,0.3014308449917571,0.3769487508750671,0.3170778264013925,0.3362893280521848,0.27302743009645974,0.3898712318198427,0.21771707252455383,0.3612992696987674
2100,0,0.34369494801457795,0.33272298882163703,0.36913020229640175,0.31663005446034864,0.2919019807087268,0.3436322113908452,0.2335272541132368,0.348495134169628
2101,0,0.1864847050206766,0.2564457002123397,0.20589584216817178,0.26676373215830557,0.19713638528099944,0.266165693013746,0.16020965616419172,0.24283574513141915
2102,0,0.37768871008883326,0.3719199921385412,0.2997960685102848,0.25698200759576273,0.24316477129440775,0.33677425273904743,0.38081005982597244,0.33616343779595786
2103,0,0.24575533081630777,0.28053116077631285,0.252164579373738,0.23771668081973626,0.264749887785319,0.2746198892275629,0.4214954386166281,0.26910520979253794
2104,1,0.9119612569400676,0.8749932276425211,0.9409008314660866,0.9622820466246128,0.9717457004615521,0.8155752697954709,0.9034921357219624,0.8771564429680262
2105,1,0.25259028060370453,0.24689629638241217,0.2135410323367198,0.252032553613335,0.21978865101696213,0.2643198164876979,0.23648912173334377,0.2415857150689433
2106,1,0.9201457919734296,0.9289897590856294,0.9362024112742809,0.96951936865563,0.9890145999260018,0.9770055755229006,0.9428864408293688,0.9473992486276037
2107,1,0.8713697772365251,0.8037101234103913,0.917407897856979,0.9094225078327619,0.9353700648500718,0.7569442417014071,0.7811914122802338,0.8260207543229258
2108,1,0.27629810455425763,0.2669980320003165,0.2634507165466002,0.26491336327840237,0.24797801782522466,0.27580319508103257,0.36747658853046444,0.2687506478759831
2109,0,0.192681932530374,0.1889446168494878,0.193675329546955,0.19257576655776618,0.21012486962330923,0.19337195285582057,0.21834739775702797,0.19199729975075444
2110,0,0.20925692680537536,0.21915832586033412,0.19277562808376114,0.18574279914689593,0.1993927700815352,0.23113955672848677,0.1372448322343234,0.21435783689086066
2111,1,0.9185452440284211,0.9237914990550159,0.9289985657558444,0.9627815427604095,0.9678116755585284,0.9285999047912542,0.8974910513759152,0.9271299898673715
2112,1,0.23958790286700735,0.23424150592737103,0.2485022727936741,0.2345246216286703,0.23204447062142433,0.25152172571991493,0.37108743328372346,0.2447551681469867
2113,0,0.2540804250869525,0.28711322321134375,0.272264581747208,0.22649039503866153,0.22607782740037638,0.284181307842828,0.38565029518530164,0.28118637093379323
2114,0,0.18441796923441647,0.17447211179831904,0.19102134817357283,0.189086559534719,0.2295297605729987,0.1991028211920456,0.23717254336660432,0.18819876038797914
2115,0,0.18793524577033593,0.21133784321553425,0.2107559112493452,0.20673734632226823,0.21041473872584696,0.21681847462205203,0.3066477439396401,0.21297074302897714
2116,0,0.18257587052533708,0.20122199511315633,0.16011623443561676,0.18835189559799223,0.2092182138203494,0.19303061114725537,0.1771409572913558,0.18478961356534282
2117,0,0.2017926802173641,0.22719168958652425,0.20786619384660351,0.19365345093956932,0.19440117992746964,0.24932344648086802,0.17042044991504637,0.22812710997133193
2118,1,0.2724514010137501,0.313998685120286,0.27832577001858105,0.2171090034835931,0.22141538314710033,0.25910128871923593,0.2620677153790814,0.2838085812860343
2119,1,0.7973635724891771,0.7472722775398348,0.8607347094652685,0.8388989430410101,0.7735149871476835,0.6139127685729076,0.6916126722008866,0.7406399185260036
2120,1,0.3600344412757644,0.3416451821114519,0.28231484184214783,0.21831201524002805,0.20490628521931417,0.30364594854999943,0.1925493652953201,0.3092019908345331
2121,1,0.15648845939962935,0.1946926447326153,0.1931801944362791,0.22302448666889432,0.2162238450940903,0.2204591258484289,0.3175843891601446,0.20277732167244109
2122,1,0.21321951829844835,0.247151475556202,0.19544862175245645,0.2009703747816839,0.20251451590614167,0.26800688600928085,0.1561355507976355,0.23686899443931309
2123,1,0.7128427849577933,0.7028927340076723,0.5824187396772998,0.4271835647958436,0.3021313679722754,0.5088232325640215,0.3705229416418356,0.5980449020829979
2124,0,0.2356520952998562,0.21949841264183703,0.20354344282371795,0.19533616456363045,0.2126914698111012,0.2125054354606407,0.1602087933741976,0.21184909697539855
2125,0,0.36545805373123946,0.36837200571316614,0.420516404763799,0.2984923652915734,0.2885071503543594,0.3618074297340814,0.42629373260128717,0.38356528007034885
2126,0,0.3811879198224895,0.3548715342194311,0.32932884198644674,0.2749337924934647,0.27400326232404826,0.3480510264686166,0.3745799071036089,0.34408380089149815
2127,0,0.1822406080513541,0.18518330822999285,0.18396816856975104,0.1982862933385394,0.20864490629878474,0.19566412071332542,0.25719947768664736,0.18827186583768976
2128,0,0.33067575297679913,0.4174904884668494,0.3139159362024275,0.2819524126879732,0.23750143410580318,0.2974638385263051,0.285140766290845,0.3429567543985273
2129,1,0.9179030817996359,0.9279749200332986,0.9442226140435365,0.9660048084901626,0.9925207214771826,0.977191008344578,0.9793211435863262,0.9497961808071377
2130,0,0.17263464153645558,0.15699738920755327,0.192807578090591,0.1966327729641318,0.225361039611201,0.16794345059844493,0.24534118971105748,0.17258280596552975
2131,0,0.17410004102952212,0.20294310876514984,0.16580979816713817,0.19965349711684574,0.22428099866016185,0.22200601247284055,0.17476534051476203,0.19691963980170954
2132,0,0.29925956541274307,0.298750635654206,0.2505065153818537,0.22087775807623267,0.22970319557258692,0.2812207671447992,0.31681822686590766,0.276825972726953
2133,0,0.20749636627341142,0.1934512595548513,0.1770006387490001,0.2717798694989415,0.22035699880840434,0.22831855275155655,0.29061464315904645,0.19959015035180264
2134,0,0.1956441276746559,0.22425122224427607,0.1985287529419619,0.18775923285429816,0.2115410515977746,0.2163544910374282,0.19041304763166514,0.2130448220745554
2135,0,0.23647379012762124,0.20099982158593563,0.19654903273141033,0.20652567054524792,0.21185958844302352,0.22205136120454708,0.2671778230710232,0.20653340517396435
2136,0,0.23006680972147675,0.29777880924793815,0.21297703258253117,0.2301977981082263,0.22678615259812543,0.2859218512981439,0.22062167408756098,0.2655592310428711
2137,1,0.9123724071371854,0.9215567715945386,0.9318646785124195,0.9575040854112277,0.9822164560895684,0.9700336436394176,0.9269992548440147,0.9411516979154585
2138,1,0.23036417171757648,0.22387449438836574,0.23187762733312958,0.2139428436935212,0.21716327836748103,0.22917180843243937,0.21483929395702187,0.22830797671797823
2139,0,0.2877988180093672,0.29745707955629025,0.25576212498559864,0.23753997003090532,0.22569551794330164,0.30076045968607584,0.2163898290973287,0.28465988807598824
2140,0,0.16031816873236868,0.12686401092520586,0.1811381847049236,0.19472810171206112,0.2704874881260824,0.11842670449953507,0.22773593867707062,0.14214296670988816
2141,0,0.32428490489953754,0.3531049786280009,0.34748746058052044,0.2476228152888581,0.26287076614023525,0.32895050363965844,0.42460977417045837,0.34318098094939326
2142,1,0.9163568960361146,0.9230063506958267,0.9371116786550316,0.9664292478239473,0.9889433476291375,0.9780599074584467,0.9685887716161786,0.9460593122697684
2143,1,0.9244740432045585,0.9294290171805505,0.9479686409318373,0.9654219861318455,0.987130884429927,0.9794442460975367,0.9618367778959399,0.9522806347366415
2144,0,0.2857755524855601,0.29285571126424564,0.3112528232271505,0.27866280362099366,0.26212094816020465,0.27452660757914765,0.4185503918566201,0.2928783806901813
2145,0,0.2265323801923075,0.20473261657140016,0.24485059132158057,0.2441118968167809,0.26168044703685905,0.21766330076191379,0.2462843740276143,0.22241550288496484
2146,1,0.9186718565516574,0.9274707254277997,0.9425103724107832,0.9595860774004912,0.9886729173056148,0.9757927836869045,0.9788011707424445,0.948591293841829
2147,0,0.33496174440802867,0.2757902893061939,0.24026661158258591,0.27820493960811943,0.3272973884929152,0.2755992028638022,0.23977429164965802,0.2638853679175273
2148,0,0.2907656758503199,0.3457645647311414,0.29641502761874206,0.26715240192572626,0.24729792866866962,0.2816400934335151,0.2904665827219241,0.3079398952611328
2149,1,0.16037778772883113,0.16746980364539618,0.1788296065126073,0.2116725715013993,0.20511290207144306,0.16131135613690015,0.12813073262593197,0.16920358876496788
2150,0,0.1526044170685722,0.15295452405378057,0.17793291761177865,0.20155820672141486,0.22149370322589582,0.17158856993130475,0.26923656133703405,0.16749200386562135
2151,1,0.49130026686240047,0.3981982698376074,0.4237765175265966,0.3474234482108384,0.35634980762800295,0.41222334997484883,0.4725342018510714,0.41139937911301766
2152,1,0.9212510207222785,0.9292315507954464,0.9377859274384256,0.9693547560037152,0.9910253216473356,0.9773887442549491,0.9872365452601825,0.9481354074962737
2153,0,0.2033862571434464,0.18598546187336187,0.17340175713518605,0.19305180796892077,0.20037688234672468,0.17245280213667746,0.11304792588780328,0.17728000704840843
2154,1,0.8777709438993275,0.8791844343957349,0.7645015100714275,0.8993809802799047,0.684787333206588,0.8285277338749789,0.6034282869511237,0.8240712261140472
2155,0,0.1639169271970894,0.17395175614083871,0.16806426855632384,0.1926106652844938,0.19831451604409941,0.1638336763856255,0.14275850581178318,0.168616567027596
2156,0,0.26216652736062657,0.26306003366049174,0.23461312711966195,0.20704807528619154,0.23607087447584396,0.2693814886229644,0.2978892678093139,0.2556848831343727
2157,0,0.1435477500674863,0.16535782122729706,0.19888412700566951,0.18585077922153007,0.21157856087579538,0.17467629781786995,0.22598083917128942,0.17963941535027883
2158,0,0.2232292009016991,0.22650343629758676,0.1960532241241397,0.20002569425634656,0.2373333625613606,0.23419517237106205,0.21060532351961145,0.21891727759759616
2159,1,0.2579664908710487,0.27818049187692795,0.25410044519969616,0.23179194462893452,0.2307263604239316,0.26503488814228665,0.3126358646461807,0.2657719417396369
2160,0,0.24852502338854898,0.25106049569222216,0.22257124855936236,0.24051007082180798,0.18678041876089213,0.2617627940495778,0.2024231949862777,0.24513151276705414
2161,1,0.9162278708235467,0.9219822508243634,0.9240056868870358,0.9612562788296172,0.9739281537919576,0.9625583415999945,0.9369588740901457,0.936182093103798
2162,1,0.20554464271863085,0.1793065404798543,0.18030156909362102,0.1871353042218318,0.18683505166466097,0.19959914518457933,0.1458221768696806,0.1864024182526849
2163,0,0.21684578142910674,0.18003147428951918,0.22362093082263038,0.22516448350336452,0.22422216048561852,0.21213141163431035,0.24846693632529238,0.20526127224881996
2164,1,0.9195691223062945,0.9284375574563697,0.9405311019051846,0.9698443298988177,0.9914757913431288,0.9699394355012098,0.9848082825469833,0.946302698287588
2165,0,0.1879087323538605,0.17338204557550896,0.19378745227911753,0.20110638348128415,0.2044700872111969,0.17969965307326952,0.2302851648364357,0.18228971697596533
2166,1,0.9161917874280122,0.9223619266956323,0.9360452803007426,0.9665979183140362,0.9892309439007144,0.9699408525907832,0.9512134604057955,0.9427826865290526
2167,0,0.21954963188877838,0.2413543124155176,0.23326258300082048,0.4347014960632472,0.3686035431068604,0.21884564062594533,0.25242425700534205,0.23115417868076116
2168,0,0.16065934232311416,0.18100306802048047,0.17635903762161775,0.17722727519653778,0.1931281635799483,0.19781711928538437,0.17089669039788444,0.1850597416424942
2169,1,0.9190330320435333,0.928757835278196,0.9306334596612412,0.9652343830898418,0.9803616810177084,0.9687005722198658,0.9200007377907345,0.942697289053101
2170,0,0.31933498861224013,0.39465228380954015,0.27489363253449134,0.2872469092835914,0.2526142236230973,0.3032935785168673,0.2784777260932408,0.32427983162029955
2171,0,0.24312729851967366,0.2713073466909855,0.2342286952371798,0.21784606331396172,0.2159855615089233,0.254924517355062,0.23933225866642593,0.25348685309440905
2172,1,0.9191793953118653,0.9269246981164945,0.9292948282353833,0.9568007955012466,0.9757762641821138,0.9664144011930489,0.938970793116209,0.9408779758483089
2173,1,0.23482711829521888,0.19420010105687124,0.19980451477715744,0.21812567684106035,0.20289509165582567,0.19930812722525149,0.13478224191160795,0.19777091435309338
2174,0,0.22067174659904518,0.2660125558317426,0.19429637470591174,0.18116399775438904,0.20912598226600654,0.23735179536079687,0.22391278700942444,0.23255357529948376
2175,0,0.20089302638518267,0.1918796228899385,0.22094169534955832,0.20853747688095806,0.2155193946082176,0.21556953788900235,0.23296155791180895,0.20946361870949973
2176,0,0.21958173334827413,0.20823795253626828,0.20261020743174654,0.2248639474446692,0.18698917467636036,0.2409606332131161,0.10511164754396918,0.21726959772704366
2177,1,0.7833962234176576,0.805194650231273,0.6250675890151386,0.7747109083833893,0.42891984200478567,0.7254358341762023,0.43484211599783085,0.7185660244742046
2178,0,0.3547100146522742,0.31362271028759153,0.29254873839640877,0.24877492650389602,0.25922148598956724,0.29758160073670653,0.32740606345500994,0.30125101647356894
2179,1,0.18007096571993228,0.22057542477743727,0.1924923610042041,0.20895001549595646,0.22200309417686095,0.18545960122445596,0.21587812630957712,0.19950912900203244
2180,1,0.20023165762737838,0.23137601798437388,0.22739823769425352,0.22491733270215622,0.2384370799614893,0.23688511811852872,0.21270073156614408,0.23188645793238538
2181,0,0.22263116708248643,0.2355929590435094,0.20665370062222696,0.19245529682680632,0.20938224505522354,0.21595630513346728,0.2416293786014725,0.2194009882664012
2182,0,0.20553201998230605,0.22466054910894892,0.21139073367850728,0.19025942928895442,0.2317753535543775,0.26050508430784075,0.19227722874202038,0.23218545569843232
2183,1,0.4338863119750693,0.5575393434909335,0.407709217240994,0.33639471521600967,0.2615568311326842,0.45129793910009314,0.35320967820325383,0.4721821666106735
2184,0,0.4492846858805932,0.47115870249746034,0.3403685031863233,0.3147834563409481,0.27303816313882173,0.46853071976638977,0.31345129523820336,0.4266859751500578
2185,0,0.16044183570320472,0.1551554833104065,0.1569874566873275,0.17552900818748116,0.2030817269744473,0.15863485682464692,0.12515475256492925,0.156925932274127
2186,0,0.3445661286572274,0.3242105513434053,0.2713943429187216,0.2469162688719919,0.2387797502338802,0.30465222775079154,0.31113992831111464,0.3000857073376395
2187,0,0.24879953159548182,0.3394928749244401,0.2944099015780763,0.2529990096233538,0.2543307199965355,0.27854026577578866,0.3241323347291279,0.304147680759435
2188,0,0.2901645519118759,0.24312998185024695,0.21350003838524304,0.2009469411189848,0.2103575238808116,0.24636369029428162,0.17960159251763852,0.23433123684325718
2189,1,0.9252772735949072,0.9290749757220982,0.948951835921141,0.9708927787055642,0.9919989240562762,0.9824424344509864,0.9809300057485856,0.9534897486980752
2190,0,0.2081080315817676,0.18399873998223937,0.20582857672727406,0.19939576758575958,0.21082780332449055,0.1862440068283954,0.21724456056623506,0.19202377451263627
2191,0,0.2610411262115868,0.31451950656535327,0.2493216945585562,0.21212271217566658,0.22622547042498264,0.30063286226623176,0.2906486273508301,0.2881580211300471
2192,0,0.19651093408176412,0.1934868762590499,0.2025492497198448,0.22692977170376818,0.22782997165726504,0.1731907702551757,0.23315587599274978,0.18974229874469015
2193,0,0.28016322568016966,0.27748774900666534,0.2550159806104338,0.21736595469609823,0.24334979970341228,0.2816147008657133,0.34235278861923163,0.27137281016093745
2194,1,0.9158300506333826,0.9231867722034575,0.9389442605817028,0.9622964281414634,0.9797496803168602,0.9631948226526647,0.9110824230499381,0.9417752851459417
2195,1,0.9126071100805686,0.9215063958886939,0.9351262840781313,0.9636702645370425,0.9900345341489564,0.9685536212419322,0.9900418094088055,0.9417287670695859
2196,1,0.18679806020914022,0.21954790796053003,0.17335496739623926,0.21547342561250002,0.21000527193255505,0.21482748955729516,0.1223630593031333,0.20257678830468814
2197,0,0.24935582819303223,0.18764220553319041,0.34347580615006873,0.26081523139087776,0.3456286601757235,0.2116719958562624,0.25790282712492696,0.24759666917984055
2198,0,0.20207278864984266,0.19305443281213197,0.18497226050422474,0.20888784541215807,0.20483785916114292,0.21547005448263326,0.20847080347878347,0.19783224926633
2199,0,0.26963286706879946,0.21711852501125484,0.24298540355570322,0.2284976837141789,0.26842931754355676,0.22508600171973828,0.22330849764110453,0.2283966434288988
2200,1,0.15706885209556098,0.15435052921530232,0.185786851779259,0.21235280075483387,0.1961844100829019,0.1566408959107002,0.12540515349696005,0.16559275896842052
2201,1,0.4269558028355466,0.45813139564491684,0.4585439722509809,0.5555793996897402,0.4147565285492438,0.39782154043050316,0.5198792627551176,0.43816563610880027
2202,0,0.18768298426240823,0.17516703122139457,0.17901565405073538,0.194828519742829,0.2111954565853753,0.1979697760966126,0.16046787578138058,0.18405082045624752
2203,1,0.35562536086579727,0.4308018225787124,0.2947280557002681,0.25334369746776525,0.23485548979234097,0.30033667869529174,0.25000940547809264,0.34195551899142407
2204,0,0.13140145339698292,0.1306231352126175,0.1646726031780066,0.1859544589496536,0.2043641331468624,0.13515906447136988,0.15913356648506027,0.14348493428733133
2205,1,0.15890966329680148,0.1673755292757492,0.1744097217831665,0.17808805650941506,0.21132298651070155,0.18059787121355356,0.1643848913977953,0.1741277074241564
2206,1,0.31255098490969574,0.38421145479060237,0.32019001553202137,0.2600827845708091,0.24262881498468483,0.3607027337655439,0.2018090515032951,0.35503473469605584
2207,0,0.18915069258039674,0.20088610219952607,0.21803981776401435,0.21035037565056117,0.21509940759947854,0.22919645980241335,0.22834477924002108,0.21604079325531791
2208,0,0.2356814151889659,0.21700291338936353,0.19133994657668527,0.18781964133122928,0.20828583636445797,0.23496584478570973,0.19438765607964315,0.21443623491725283
2209,0,0.21255951074990764,0.23930147585174236,0.19382880143902048,0.23472352839588914,0.2443150589792391,0.2549693138840992,0.3364826591969849,0.2293665303916207
2210,1,0.9139768902899327,0.906746521939991,0.9274918307555874,0.9469135302705319,0.9558466039720805,0.9234169229332672,0.9145927936779049,0.919218425209615
2211,0,0.2193629064898346,0.23335610131763085,0.26277634897320734,0.25455013359590645,0.21844912280929463,0.25234158369284104,0.20195377795550773,0.24949134466122644
2212,1,0.9133163073836962,0.9226140542473913,0.9364883445142209,0.9577733136414763,0.9821320382836971,0.9725097663966412,0.9338482988395048,0.9438707217194179
2213,1,0.17791704178066067,0.12815401484987812,0.1514075352042844,0.21485153725923356,0.20055145026872304,0.10607225560352491,0.048873178872949175,0.1285446018858958
2214,0,0.21473342064092513,0.2648198200273658,0.20544900264542232,0.2475698424969954,0.2593937781846179,0.26806164875588273,0.177217591471813,0.2461101571428903
2215,0,0.19359751078729268,0.1819675635862776,0.1623096440111589,0.17413214276251246,0.18780414447098362,0.20558367480081988,0.18247739693337497,0.18328696079941878
2216,0,0.2414602609496516,0.21735596902681195,0.19825573085972328,0.21617452803553008,0.2129269168774103,0.22610693295463058,0.12463790127214829,0.21390621094705528
2217,1,0.8676306516109205,0.7680000571013967,0.9152048043912373,0.9356465898998007,0.8973504139315099,0.6807422823266883,0.878963723402295,0.7879823812731074
2218,0,0.3214576060962511,0.332116254730771,0.2862781748295396,0.2200610426426289,0.24545643127046532,0.3099204332646962,0.29643539929240065,0.30943828760833564
2219,0,0.2464697896992011,0.25640609479362736,0.25347967943951083,0.20582983533862545,0.2181499034326763,0.24889574285268398,0.2679396507230249,0.2529271723619407
2220,1,0.21879638946410396,0.214054288168251,0.21254263864072878,0.1979496541348513,0.20410520376754696,0.2345654644148175,0.28132204291776247,0.22038746374126575
2221,0,0.2768844573175568,0.22271650689298006,0.22801518108715305,0.22901222067965973,0.2836287416958867,0.24265337517996013,0.39251350669793217,0.23112835438669777
2222,1,0.9056796597853491,0.9189797423273943,0.9256425316526385,0.9524560937273829,0.9821714132191359,0.9415639497635779,0.9730682486081629,0.9287287412478703
2223,1,0.21583790664546446,0.27604240282376186,0.20456229625384684,0.22558745754287038,0.24001864985831659,0.2611881572287726,0.17183272775560213,0.24726428543546045
2224,0,0.16171218919028427,0.23265031899676414,0.16457025016353408,0.19302649374240247,0.1858408626168954,0.20126361740722812,0.12881495774261345,0.1994947288558421
2225,0,0.25345278798359905,0.24001000215057197,0.2022146158282978,0.20630080966863382,0.19391433632043018,0.260055765612035,0.17261819433970313,0.23409346119696825
2226,0,0.14292229789463637,0.12017730361309775,0.15139947862749023,0.14860398337717737,0.2475463852556569,0.08475229258704102,0.2613248336838038,0.11877635827587633
2227,0,0.1801383463287982,0.18056351839799115,0.20765429512295253,0.19521054639914906,0.2285567249048747,0.18378424468373508,0.3133107607514262,0.1906673527348929
2228,1,0.8795384388211046,0.9027606073576204,0.8991412018080513,0.8794670425085092,0.7730876545412256,0.8764612798737467,0.6396630457648845,0.8927876963464728
2229,0,0.20468803685087092,0.18721689848207834,0.1922251905224391,0.23241693464942323,0.2005097396018782,0.2151327827692271,0.17249935720631304,0.19819162392458153
2230,1,0.22882665047600756,0.1785274365364288,0.22723758034217179,0.21975039604266164,0.27421530600544697,0.2101686001397742,0.22037463086197617,0.2053112056727916
2231,0,0.19181630213672607,0.1842706598593933,0.18936596349949708,0.18476826269478455,0.1994023196940321,0.19499495387997245,0.19761594341860714,0.18954385907962093
2232,0,0.2442318613120529,0.24809600987421435,0.24116221621928627,0.21221611057097353,0.27971158655168177,0.2676977922981026,0.4080516093010358,0.25231867279720105
2233,0,0.17344385229089146,0.15102209191286556,0.17744566611052684,0.1864680673888176,0.2161928181776629,0.17648151468621287,0.1833756376405724,0.16831642423653506
2234,0,0.306129572377114,0.21204104543418556,0.22364822610576898,0.23678164984313513,0.28069770117068515,0.24156871397280766,0.3769514674629229,0.22575266183758738
2235,1,0.24268982884345702,0.2508499865732889,0.24375087957971756,0.2108240359179443,0.23709987678304842,0.2539588718686081,0.2284335311780791,0.2495199126738715
2236,0,0.20529329505183527,0.24758727459492977,0.1863882794350931,0.20939009983177548,0.2004673404511167,0.246208352273088,0.25935127229655913,0.22672796876770362
2237,0,0.21615693291192065,0.3018914575132458,0.20230013082460885,0.21840486674224416,0.21474526306519306,0.3605964725762802,0.15738253476661113,0.2882626869713783
2238,1,0.8908031503821471,0.8632572640022965,0.9238261522380692,0.941757075000106,0.9279059319902193,0.7374937417563104,0.6911572903985226,0.8415257193322253
2239,1,0.9159652343144367,0.9219498129404565,0.9364350366162894,0.9675043248394447,0.9895533014978732,0.9679150242133922,0.9859970910656196,0.9420999579233794
2240,1,0.9031294699041131,0.9242260575652047,0.9199861137344739,0.938254057160555,0.9440593419457749,0.9224318514290433,0.8474890421492312,0.9222146742429073
2241,1,0.25800145630472265,0.24780621907932399,0.2109116709149441,0.248258207988123,0.20846928259582917,0.23417959178303194,0.18938353273226274,0.2309658272591
2242,0,0.26112020359897176,0.19869080600780162,0.2349438259789761,0.25936683808103056,0.268555195841383,0.27178597773130125,0.2134682229401429,0.23514020323935966
2243,1,0.22405038535321894,0.2554130077597582,0.2293425410363221,0.24876570068613446,0.2296102032879631,0.26613946047909526,0.21080329405580012,0.25029833642505855
2244,1,0.1575785212326082,0.16660177011675578,0.16959566258164224,0.17123095324293258,0.18209421899227493,0.17475235992581964,0.11636036463594605,0.1703165975414059
2245,0,0.2307465800046076,0.22340222490008665,0.25975376669555333,0.21900125246828442,0.22980545535009864,0.2601358367854078,0.1959597504461397,0.2477639427936826
2246,0,0.20384191301173063,0.23061593066751693,0.2362227600828335,0.2464894078041787,0.24509054142849052,0.2791841231582929,0.28261870183953897,0.2486742713028811
2247,0,0.20288820071079905,0.2509007137036055,0.18730642754201451,0.19070499452277556,0.19632858517582688,0.26397816772033167,0.14900982564293996,0.23406176965531725
2248,1,0.17204368522885083,0.18527943931042792,0.16787178953689463,0.20801200781842866,0.24913518663802262,0.20980059642779755,0.279982560350804,0.18765060842504003
2249,1,0.4833689528442518,0.45064660258268535,0.3600922121993653,0.3005011107350959,0.3634668411391437,0.3976851069655978,0.5498632116378005,0.4028079739158828
2250,1,0.28090497599756903,0.31555156508484716,0.3760553947760213,0.341124130292999,0.29213403243639274,0.3227370745449177,0.35517915055947596,0.338114678135262
2251,0,0.21346809611399142,0.20613955101890002,0.23197192689618482,0.20269275439010756,0.20621497010223058,0.22156072376791033,0.2481464156094458,0.21989073389433175
2252,0,0.24475399026997544,0.22909525471196834,0.21682040894768417,0.21671954177156164,0.20789737384481324,0.2836049436614332,0.21591517132062366,0.24317353577369524
2253,0,0.24497317880932856,0.25498867153845556,0.267166076881197,0.19343010056830248,0.21378570909240938,0.26357492412172073,0.1480001763350959,0.2619098908471244
2254,1,0.8094410962092108,0.7790084971449135,0.6174703241917588,0.49219538754318454,0.30987343520014526,0.6946317542502549,0.36178165275910557,0.6970368585289757
2255,0,0.22801009228834054,0.23640477540735305,0.2348059993605077,0.19783540859403784,0.22623674987374878,0.2598630893133797,0.19018762757838326,0.24369128802708015
2256,0,0.31978903390067964,0.2976252468837147,0.3554151745694974,0.35244248035751724,0.32672374360792994,0.2640647367447939,0.24650173872789086,0.3057017193993353
2257,0,0.20711171197050662,0.20627122614141338,0.192158920436012,0.2084798870167288,0.2183451486142924,0.20258821477898167,0.17120097714568236,0.20033945378546902
2258,0,0.3739690603098958,0.3098079462894859,0.3541559083127894,0.34145414487497155,0.2653667049813233,0.29729764271363374,0.19485738142709738,0.320420499105303
2259,0,0.1789700942888721,0.20731107958682482,0.24050259354246886,0.27077539841945925,0.2640936871764466,0.24789441849648394,0.3705671540790771,0.23190269720859255
2260,1,0.917275211205591,0.9268731757583962,0.945342934074133,0.9647015157945478,0.9911708106208873,0.97595795056788,0.9857873238160503,0.9493913534668031
2261,0,0.3094797577382422,0.3280253904186809,0.2912092272506533,0.22711431047669495,0.2890632008676435,0.33756386415929235,0.34416724300950685,0.31893282727620886
2262,0,0.20461525965584149,0.20272598153268007,0.24366294361491878,0.2572573232866542,0.22561100500696551,0.22609143852184274,0.187701603679043,0.2241601212231472
2263,1,0.3188078375702063,0.319878618741643,0.2590075671497521,0.2662086189836264,0.22970752754901044,0.3309428404184727,0.3477563487072784,0.3032763421032893
2264,0,0.2226407266182048,0.17144708961622157,0.19860092074243352,0.19560838406089906,0.19706580916131908,0.2248228280205963,0.18998114758546766,0.19829027945975045
2265,0,0.24323951096215937,0.22532154926334538,0.2231298026372369,0.1972660162989036,0.2338140361815657,0.2400000553431357,0.3722200974328158,0.22948380241457267
2266,1,0.9187505662018727,0.9286784956978823,0.9381168192274233,0.9671819415052495,0.9907160742575841,0.9695827040223243,0.9640282637415446,0.94545933964921
2267,0,0.16766127286470703,0.15887132627681896,0.18407486433976525,0.19135218734085613,0.20973302985464248,0.16697019044311845,0.15279691824193975,0.16997212701990091
2268,1,0.9153760637473448,0.9214039917920848,0.9323359109914785,0.9661547266264292,0.9892796375256264,0.96508569637721,0.9872859456759385,0.9396085330535912
2269,0,0.34854003281982204,0.291283553139342,0.24027458422226525,0.266162939976135,0.2625589025186908,0.3068767884874487,0.357222718328055,0.279478308616352
2270,1,0.22030275707978972,0.23772275595664447,0.21543196307469717,0.2075315178619439,0.2157627918843883,0.2326636105430017,0.24489718547442285,0.22860610985811444
2271,0,0.2613884534822843,0.2973937710156113,0.2885974560670181,0.23893934657498253,0.22835557989323432,0.26922782839604353,0.32331777331574935,0.28507301849289096
2272,1,0.9176424826685695,0.9244456322992303,0.9406159058712676,0.9638856599154354,0.9782290404007846,0.9757678084169775,0.929786117081549,0.9469431155291584
2273,0,0.2924299113974976,0.28327109242691123,0.25719778074052074,0.20816478421681692,0.2323896028683908,0.2728748721157129,0.29226237065739763,0.2711145817610483
2274,0,0.17411509603685174,0.16833605800930382,0.18611900278165208,0.1882630067614904,0.22521617480256764,0.18273768337697116,0.30480802450986294,0.17906424805597568
2275,1,0.17497041364118157,0.19908891934209075,0.19541508376246589,0.19580510776994345,0.24427768140601014,0.21881585197157652,0.22250864752639518,0.2044399516920444
2276,0,0.19250958162292975,0.16500474318231648,0.18042081426620513,0.18141866058397235,0.200031901588553,0.20795021625175622,0.21107914081567994,0.18445859123342592
2277,0,0.18672177139229848,0.19057907057025777,0.18561956526640933,0.1944324250604433,0.21111320267535572,0.2092894918169096,0.17771630107263628,0.19516270921785892
2278,0,0.23072825050870802,0.24382039398338762,0.23508279970392595,0.21658167812800996,0.2468474919845491,0.23585610970492576,0.3708072314775897,0.23825310113074646
2279,0,0.2810184989332956,0.3492909845266184,0.22888196699086769,0.239085627655936,0.23392250530356554,0.324083739449378,0.21802191400187046,0.30075223032228804
2280,0,0.15046597815882365,0.17324443565975764,0.15766061749620472,0.1882715065406756,0.20477694488752196,0.15382147744196242,0.15055472114488688,0.16157551019930827
2281,0,0.1548773013057567,0.16883089770807416,0.2114313689731376,0.19263909892447648,0.2114072689526534,0.1559565927202442,0.21530033316538089,0.17873961980048533
2282,0,0.13420193433662522,0.13411711713859734,0.15101575154477606,0.1821976863461777,0.21107821178737196,0.10236904725433815,0.2695594889276513,0.1291673053125705
2283,1,0.919605609525906,0.9282878683756036,0.9301867899194672,0.9636530848593896,0.9797548614692887,0.9728114859385166,0.8756224753280565,0.9437620480778625
2284,1,0.16091436767376152,0.17843750871660427,0.19701212243675545,0.22393019438192727,0.22876194874848835,0.18398029815589298,0.20708001347489402,0.18647664310308423
2285,1,0.2288076148005769,0.24048859973688086,0.19334930329531128,0.2322372031123615,0.24389165822025663,0.25658087097564264,0.360810840111715,0.23013959133594494
2286,1,0.924458633618257,0.9283952716895377,0.9484889961045523,0.9708989280788168,0.9923085208061634,0.9757517625417497,0.9871054526166869,0.9508786767786132
2287,1,0.9177260130162396,0.9271004899851697,0.940567317821881,0.9673014936258405,0.9922380396564314,0.9724922542111024,0.9465470481132402,0.9467200206727177
2288,0,0.2919805664730398,0.29097484670228974,0.23672403857989632,0.257962863500448,0.23843600581540622,0.2884462516414991,0.2915822895661246,0.27204837897456174
2289,0,0.4161605162501423,0.3245839428559585,0.3444908404497926,0.2396019187743009,0.24726571254711263,0.3214105315978044,0.3235909408705115,0.3301617716345185
2290,0,0.18376778670911834,0.1958325025594256,0.22473216570077317,0.23304235390023828,0.23522938274419292,0.19418198269940268,0.28153872088529713,0.20491555031986716
2291,0,0.12355545089055163,0.10707983484534862,0.1804999207567645,0.1958623379880594,0.2121729100680155,0.08202951964389692,0.09759561447773595,0.12320309174867
2292,1,0.9127238461577251,0.9189463441336324,0.9115607613520474,0.9303529896807494,0.9573253702232373,0.937268150688131,0.9053918637119797,0.922591752057937
2293,0,0.18699390108158062,0.17937146844382726,0.20865949521987934,0.20631069118130632,0.21686973459702222,0.20310134317110665,0.2385113762338409,0.19704410227827107
2294,0,0.2469066203137168,0.2510559280051038,0.21833770064264305,0.19550676256223035,0.22198254986583507,0.25472844913246706,0.28315264609477486,0.24137402592673796
2295,0,0.27663661233946374,0.21567673830081666,0.21967946774972255,0.20292417550808584,0.20741818215127053,0.23904789111071947,0.25102382109528903,0.22480136572041956
2296,0,0.30134780866556543,0.2483335163914869,0.27571722085655337,0.26674782250681744,0.2568137413675891,0.3027800879709922,0.28751300322067125,0.27561027507301084
2297,0,0.365398926871533,0.3548167711216152,0.27240270355332635,0.2857588775502497,0.23743511385616614,0.27541044531478187,0.24718695295606732,0.3008766399965745
2298,0,0.22639373099639104,0.22980214849137148,0.2569992835825227,0.25834921450359866,0.23280518609980363,0.270953556899397,0.2891079729450848,0.2525849963244304
2299,0,0.20729244776101974,0.20340059669014754,0.17379721618594857,0.2097529192044305,0.1889764466400529,0.2200200354311814,0.10260191488389363,0.19907261610242585
2300,1,0.9203233835791398,0.9299037508502762,0.9388733640986828,0.9661840126609534,0.9896709319025706,0.979736698200144,0.9764934537209234,0.9495046043830343
2301,0,0.20162971419364525,0.19082041131913494,0.21022213934288914,0.2239696350292751,0.26092405786440426,0.19442465854275984,0.18761529873395855,0.19848906973492797
2302,0,0.35225340908474295,0.3404785893877584,0.39803478024211847,0.3605679083633055,0.34512483780229214,0.3529064129710647,0.28009600560675224,0.36380659420031386
2303,0,0.2152928572707398,0.22592976032050469,0.19719675369576972,0.18979471722595376,0.2055752118700763,0.209529108718482,0.18715897666549908,0.21088520757825213
2304,1,0.21127518549545946,0.21745841632831017,0.19256972311486945,0.23108062882783184,0.20832077476414498,0.2379883460518104,0.15107841554219206,0.21600549516499667
2305,1,0.16446629594432527,0.16415385741261954,0.1859726928202169,0.18640935307793607,0.23315716851365056,0.19587037939202578,0.293383275240411,0.18199897654162075
2306,0,0.19501744456441006,0.1941558780524079,0.23619275032233522,0.22759217949917662,0.25707353729837357,0.23628651733894648,0.3815126535498657,0.2222117152378965
2307,0,0.18959328648497534,0.20767819771560533,0.23627976839734458,0.1923322447439654,0.22218967390636782,0.212445093807065,0.15362752813867311,0.2188010199733383
2308,1,0.1899967238936925,0.1993120284128008,0.21443611725326797,0.20968445802057986,0.21992821627851364,0.1976474879756459,0.25635621271274905,0.20379854454723823
2309,0,0.1909546653699428,0.19048592718425783,0.20722152976145738,0.1903411251133088,0.20860410457511636,0.2095643573000702,0.2106657035923302,0.20242393808192846
2310,0,0.27678611771866996,0.2777023365351542,0.23762504811997368,0.21788175439357457,0.2218644196836054,0.27936392202540067,0.3489516276407005,0.2648971022268429
2311,1,0.1542822734440686,0.16089983023978235,0.17120942647093426,0.1743335192284374,0.19367967746496864,0.16762110897455362,0.1223476078370815,0.16657678856175676
2312,1,0.13379600816176274,0.1231237792720955,0.15918646598992345,0.1810901383230397,0.19154701295452672,0.11861391427139523,0.2038266676819245,0.13364138651113808
2313,1,0.919359032590033,0.9246405786235155,0.9440223846444896,0.96705968558227,0.9879345882968836,0.9763393901905598,0.9874008812748402,0.9483341178195216
2314,0,0.22845885274797917,0.17827253998007384,0.19021404408079493,0.2206147407574951,0.2126467171387608,0.22819886124403074,0.20228702707072652,0.1988951484349665
2315,0,0.19573546247397766,0.22114521586969202,0.2153787620241314,0.20224236601740975,0.22124774068386985,0.2018262776251857,0.25537478184357615,0.2127834185063364
2316,0,0.21797171003801094,0.1901910285377233,0.246879100562277,0.2010690601915798,0.22921101116896744,0.24824772003221518,0.1804306318760858,0.22843928304407182
2317,0,0.35466340272681385,0.3235257238191338,0.3447046937483031,0.28167970615222115,0.2535170182603777,0.33273092765855466,0.24801504276758846,0.33365378174199717
2318,1,0.8950402055467195,0.8992833676905484,0.9069684537214208,0.9399770866216355,0.8775206841934245,0.8069431320653608,0.772068178674136,0.8710649844924433
2319,1,0.9156690576401921,0.9219228625909593,0.9364300714342365,0.9671264454874134,0.9896162655178551,0.9677879522493408,0.9790637003075755,0.9420469620915122
2320,0,0.184793031174202,0.20499573694288217,0.2237626773935606,0.22154186029106135,0.2358773440078079,0.20566082359077645,0.27900972261644,0.21147307930907308
2321,1,0.5602988723506565,0.5557189118438833,0.5183890040397234,0.3658716290308008,0.2846845791572892,0.43079965711530316,0.3877472525842825,0.5016358576663033
2322,0,0.19002921336021486,0.15471092327867755,0.19941057258322945,0.22220498652620224,0.23872728636509488,0.17055930654820217,0.21156643565641162,0.17489360080336971
2323,0,0.169195708420811,0.1822130111113264,0.17635853063832885,0.176645643978246,0.1980236985805848,0.17687771437937996,0.1940660882590091,0.17848308537634505
2324,0,0.18629292882183746,0.22921888206824173,0.21908280317882203,0.23170464556866452,0.2271315045783289,0.22060199986011567,0.3756629231684953,0.22296789503572648
2325,0,0.18809417876774956,0.15179885534289747,0.2501258854055649,0.24880347851853593,0.2392259633145073,0.1346624808545949,0.258540706093139,0.1788624072010191
2326,0,0.17130158823364297,0.17361248653721692,0.1861491793658826,0.18576307373343795,0.1963456864779051,0.19035630658033362,0.16061170229901436,0.18337265749447773
2327,0,0.19615399168329992,0.185658741041918,0.2612732851524612,0.2116278916778105,0.24496231570427537,0.2275938274954397,0.25968885968643657,0.22484195122993964
2328,0,0.3067294043768231,0.3490588511125546,0.2651380165069687,0.2704511603965959,0.2387815763040617,0.3080102238109564,0.2504692807254339,0.3074023638101599
2329,0,0.1942084869071604,0.18012094090010075,0.20254755250845727,0.20930998390514363,0.2199503806770945,0.18613380843157476,0.2931355894507175,0.18960076728004427
2330,1,0.21341652078269271,0.24549706712682226,0.20478776049372494,0.20597861178963303,0.21963897061068915,0.26143901055012514,0.2241213589672522,0.2372412793902241
2331,1,0.26640788790023157,0.2817627493011346,0.31350951835523205,0.25868857742314816,0.2466557108709382,0.2515230284935932,0.33737170765788393,0.2822650987166533
2332,0,0.17085264112593165,0.1511742666180416,0.18153289940452155,0.20885196563955857,0.2220157357469428,0.1285641962180845,0.18080612887228273,0.15375712074688253
2333,0,0.28883571219894183,0.24640927551596903,0.23052454099255404,0.24131007699591653,0.22267451090859505,0.2564312621124103,0.18276605911031873,0.2444550262069778
2334,1,0.23337251867567463,0.2391647702980281,0.2454127621443447,0.2111273916383353,0.21747647846863546,0.24459518596499838,0.22411069721329044,0.24305757280245707
2335,0,0.24546613183615404,0.22548720180394397,0.2116349773473352,0.20625111179596645,0.22342050439322322,0.2425015111100662,0.2493523790228022,0.22654123008711513
2336,0,0.13491539150702758,0.1636221684715159,0.17205992025492056,0.17915755264920963,0.19261458828964248,0.15696027479662109,0.1370563300730946,0.16421412117435252
2337,0,0.17376118722812509,0.21010504337475636,0.22684359183014802,0.20418263003122586,0.2071401096916731,0.22529508497068415,0.15489003284044991,0.22074790672519617
2338,0,0.2594052544783989,0.24485432916242475,0.26012946750058497,0.24708421720037907,0.2576094020705919,0.27997706804452155,0.32256984288916635,0.2616536215691771
2339,0,0.2989438355974308,0.3274932625694173,0.2195076834835139,0.2990404436671776,0.24096066256780968,0.33729471563763164,0.3394180706725596,0.29476522056352095
2340,0,0.37779128404008805,0.34121070377421664,0.31568117433525994,0.27505295291692233,0.27515671005964154,0.320572468779797,0.4554245817022151,0.32582144896309123
2341,1,0.9082667218001608,0.9176387565463558,0.9106633260198094,0.9325709087362574,0.9364167854820097,0.9186269080363928,0.8390300208680997,0.9156429968675194
2342,1,0.9192259369287753,0.9249432103410541,0.9437466130450854,0.9673172822532529,0.9884373942592356,0.9809817374093397,0.9632321218629217,0.9498905202651597
2343,0,0.2514154276997307,0.23804714215534864,0.22351101657415984,0.21703359759791127,0.21979754794400233,0.23381954131425953,0.2559006224823325,0.231792566681256
2344,1,0.19183706949162418,0.19353245668816155,0.19464114224525808,0.1978345756761758,0.2071327820136626,0.19304081655177194,0.14269892399648768,0.19373813849506386
2345,1,0.14764529168687565,0.18445585745644277,0.1670046707089757,0.18230012086550318,0.2186525532986027,0.1949231748748048,0.16960662216082487,0.18212790101340773
2346,0,0.19947358226394843,0.18867761006310965,0.20433222391035843,0.19692167119391382,0.20564651630160177,0.22611124008956954,0.21453962131168605,0.20637369135434588
2347,0,0.43922400460606176,0.42867282848238863,0.3379695113171155,0.28363833403392447,0.24347316587361292,0.3881001129938792,0.3495470693546919,0.3849141509311278
2348,1,0.9158649812802288,0.9224879484141689,0.929799943968162,0.9651175359064013,0.986281201013778,0.9744608842177808,0.9483574301348616,0.9422495922000372
2349,0,0.16440938945702957,0.14761488145994042,0.16219022073634592,0.1852859989793676,0.18999662915054186,0.1379744918454506,0.1255091952497973,0.14925986468057897
2350,0,0.23153320022162208,0.2420521437145391,0.1842392708943553,0.2114689151436648,0.19696809207664057,0.26635829689154833,0.21408098035856196,0.23088323716681425
2351,1,0.17177385120505348,0.1763231363739143,0.2161578184182266,0.19475910096997393,0.22531610943183042,0.1900332606241469,0.3250514154256044,0.1941714051387626
2352,0,0.48497062755397885,0.53862827220988,0.4123984484957259,0.41967604429241856,0.2960441901707151,0.427980113604642,0.33893618284241106,0.45966894477008263
2353,1,0.8976978830411895,0.9066589567500035,0.9192851136947198,0.9404438756520593,0.9290930845228514,0.8209104988462438,0.8327374151825729,0.8822848564303224
2354,1,0.7407981580542332,0.7760115697929345,0.606701847011177,0.4810728086116742,0.2940889759735941,0.6822110347217013,0.5319666654117222,0.6883081505086043
2355,0,0.18357466872567887,0.2447171266652107,0.23079202245356592,0.22599739095322977,0.22635534234388163,0.21248153747320378,0.24873863695023482,0.22933022886399346
2356,1,0.16455252559112565,0.1695036618223943,0.18781867527190865,0.20739469339663566,0.2184325912414704,0.16661102078654558,0.21889258784163967,0.1746444526269495
2357,0,0.18213998806706258,0.20366241568416832,0.19644733198382305,0.19509673092106491,0.21242781245366527,0.22170142682707847,0.1893062601695028,0.2072703914983566
2358,0,0.1927453801457926,0.2198800359834977,0.1878450625163083,0.18745687547452664,0.21021304739545377,0.23464151230462135,0.24381779597944697,0.2141222036014758
2359,0,0.1455598270669929,0.1072501965018594,0.15790563241560476,0.22206038469495093,0.255188932136742,0.09727204689857105,0.138542016023227,0.1208092919386784
2360,0,0.22707425280764135,0.21938586114265637,0.2281772841772518,0.2332156464170769,0.21275494258685498,0.2533782967726233,0.3501697665321655,0.23364714736417716
2361,0,0.14956396306819844,0.17005520010748784,0.16016432393099325,0.18657382444737994,0.1866261153746518,0.1795193923578278,0.13188806514129445,0.16991297213210296
2362,0,0.1436489993681206,0.13577524975752525,0.16380540261618182,0.1775705744020868,0.2643409915135611,0.15337917429088763,0.30512391111686826,0.15098660888819823
2363,1,0.21246104554708045,0.2202514734993494,0.19105054046063877,0.21406639944737835,0.18620780124045933,0.1945586446510514,0.21644939003424346,0.20195355287034653
2364,1,0.9176277019483544,0.9239670253409065,0.9405064450284657,0.9669296792549202,0.9869837751139391,0.9729874567139416,0.968462269530145,0.9458203090277713
2365,0,0.2263964079782611,0.22767775107360558,0.2062901635891922,0.19429644615488295,0.2186801347110046,0.24011212534060553,0.2516236087429409,0.22469334666780108
2366,0,0.2057453473412719,0.20703539455747133,0.23204947999293193,0.20090741045874952,0.21684476483784576,0.2044807880731628,0.2360149227667384,0.2145218875411887
2367,1,0.1974542417410523,0.1836107293595518,0.1847271803152198,0.18952337606894218,0.1916448520347552,0.20399975074194554,0.14488773136615804,0.19077922013890572
2368,0,0.4248116050974471,0.49240641478917024,0.34946201487408884,0.3465805408658286,0.2837315512574549,0.4021241980992098,0.4245710084679169,0.4146642092541563
2369,1,0.7575783018230711,0.7472902841855005,0.8720578351326824,0.8658787258875386,0.858556009044735,0.6613631765858495,0.7501353911148142,0.7602370986346775
2370,0,0.15443880242413371,0.21448167249423233,0.16075125006792582,0.1757671266134966,0.18893503398300895,0.21897978832490558,0.1375972692769261,0.19807090362902124
2371,0,0.24958404652924482,0.191482531563253,0.24344369045689696,0.2722051150315648,0.2133875482132952,0.2009224343810353,0.16139651118380377,0.21194955213372843
2372,0,0.2323456944064456,0.19598910026862315,0.20718218042578884,0.22602268594166905,0.21993253075329022,0.2001163807667993,0.17843248624725097,0.20109588715373708
2373,0,0.29595228952837754,0.2752724560245645,0.2465963150156015,0.21693134593405708,0.20875301984043612,0.24528127404200994,0.26366498451825054,0.25571668169405865
2374,1,0.9185190548436136,0.9267227067700646,0.9350815733552427,0.9590617222102494,0.9830032552828282,0.9664059731099579,0.9322578662895955,0.9427367510784217
2375,1,0.18020399341173557,0.17473636760531056,0.16166117685163617,0.172441128358045,0.18955770586745668,0.18499556108802295,0.13326340492389846,0.17379770184832322
2376,0,0.11359516482322513,0.10108985444788006,0.14372989903645209,0.16182852767045794,0.21733659685851905,0.06122371225115481,0.07519954612644388,0.10201448857849565
2377,1,0.8877967903512003,0.8989700968412229,0.911879529893067,0.9390641218596167,0.8941243567377913,0.8201593551591175,0.8099483972948972,0.8770029939644691
2378,0,0.1704864614417422,0.2060603409900922,0.1956930040878744,0.20582969415664584,0.22020144949491297,0.214024123288411,0.16599678796847114,0.20525915612212586
2379,0,0.2797438999630601,0.27883566021985906,0.21917546124118026,0.19691174043596305,0.2183193601406189,0.25777515466788115,0.3329694324350503,0.25192875870964015
2380,1,0.17838997951190808,0.18330630546793805,0.18637531272166438,0.20067814398907247,0.22443071685688779,0.19595175453594135,0.22679919441127913,0.18854445757518126
2381,0,0.15577469171883893,0.14926182770316357,0.18026474849791208,0.21327542338932315,0.20777249942353318,0.15038521803238203,0.23520788289210762,0.15997059807781921
2382,0,0.23952376100217668,0.22754218506249047,0.23806164146787898,0.23370801233200741,0.23198627422763038,0.23927966538607923,0.23549210710000315,0.23496116397214953
2383,0,0.24310055586976542,0.2724439300186107,0.2355942804966701,0.25409453862507614,0.25020795861145984,0.26407778926416053,0.4339190434937282,0.25737199992648047
2384,1,0.8338870337675783,0.7190730663846612,0.8622761650655715,0.8578992025710542,0.7728064531114273,0.5897466303056867,0.6936434366271484,0.7236986205853064
2385,0,0.20507779572810736,0.20112218365533893,0.19672660812600562,0.21739987865563193,0.22376925689282268,0.2344270807360899,0.25656106306513043,0.21075862417247815
2386,1,0.16982404026183096,0.16291488567973367,0.17538804625188753,0.18820646412646125,0.2193522034142006,0.16455667905959967,0.26016090831715566,0.16761987033040696
2387,0,0.22846550777606822,0.19276877158787964,0.22233860241894457,0.19228028990067123,0.21080878828328645,0.21713543196471174,0.19148246640043576,0.21074760199051198
2388,1,0.19396284505712594,0.19553451640367284,0.1743462494580658,0.18921454740103896,0.2147650950842739,0.18846385505601412,0.143732816144947,0.18611487363925092
2389,0,0.24533521275886672,0.21043217976741946,0.2202763523163438,0.2126557606077932,0.2162225679733266,0.2050970118561322,0.18878678876002794,0.21193518131329847
2390,0,0.18747118067288793,0.19179956677671509,0.27189659933472754,0.2851770975546466,0.3025404110723821,0.19892238552339525,0.19294827145048185,0.22087285054494596
2391,1,0.9141153909557032,0.9264841405164055,0.9333593379284815,0.9580055857997021,0.9853090644697403,0.9719126513964705,0.9342202021083863,0.9439187099471192
2392,0,0.16570165099432177,0.17442471820398897,0.18116763440169534,0.1943906204117641,0.19881548607237645,0.2008568747138161,0.16186195554492697,0.1854830757731668
2393,1,0.8817848855029818,0.8461217897424623,0.907197969259795,0.9282703814487067,0.9269154384647322,0.7450104737296428,0.8030081861467496,0.8327767442439667
2394,0,0.17248786694934728,0.15093172818468414,0.19771294716049445,0.20962019666291243,0.24156787468899724,0.14221969340655802,0.18713231728901672,0.16362145625057886
2395,1,0.855562312867843,0.8578040512406044,0.8523213491224798,0.8489391650848938,0.5780052712447152,0.7922494033121085,0.5556486524996546,0.8341249345583975
2396,1,0.9179287642083951,0.9275630129888407,0.94307005274462,0.9679668090287858,0.9913768499672804,0.9755398218150737,0.976472217941147,0.9487242958495115
2397,0,0.1477225298008425,0.14406307713466526,0.1299811811217447,0.17653437548642223,0.21591228337231994,0.15477549556400713,0.18613429007287194,0.14293991794013902
2398,1,0.23675718297671758,0.24598039613963252,0.25866678035209095,0.29062744395452106,0.24628103082960828,0.2371020988296911,0.2611469989102712,0.2472497584404715
2399,0,0.23901130528356362,0.23227311876051884,0.19561835049873078,0.2052437900582903,0.21206694440111962,0.2423347510721383,0.2383955858078304,0.22340874011046263
2400,0,0.2094109836422421,0.22322581103135197,0.19290808734268594,0.1937150447484727,0.20441567679658504,0.21217395561121868,0.1651430381399873,0.20943595132841886
2401,1,0.8807107431113271,0.8748115931209736,0.8243549318578403,0.8784413527816296,0.5846531269695369,0.8023386686227462,0.621629491593744,0.8338350645338534
2402,0,0.13490631714412807,0.15635913579153685,0.14976444500736372,0.17685760543847573,0.1927320444278708,0.15667536040905702,0.14345333477571567,0.15426631373598587
2403,0,0.13600382928979968,0.13534029227410302,0.1453521000555359,0.1712925500410217,0.188059511046022,0.16006401178420052,0.1102096720627368,0.1469188013712798
2404,1,0.9191655032550222,0.928407020284646,0.9387430979640331,0.9693632870041129,0.9918199042351626,0.9724190004686711,0.9849878992417432,0.9465230395724501
2405,0,0.13330964643992757,0.11158211167913545,0.15845385475434234,0.1656172123667404,0.23837814438303676,0.0725725094786801,0.13261673767031154,0.11420282530405264
2406,0,0.36516263982224434,0.30791534873791476,0.32534382028693304,0.2986796761809507,0.2758858963951123,0.32218161263350936,0.38232059950818725,0.3184802605527857
2407,0,0.18518000479711003,0.17685646197677785,0.16617740928004185,0.18185642310638173,0.20856002044602548,0.20482951140717207,0.14397522846876812,0.18262112755466395
2408,1,0.20014105988003714,0.18501710812084535,0.23784809484828676,0.25006370070353146,0.24060217815274368,0.1916427214391184,0.22293572216824967,0.20483597480275018
2409,1,0.9202730515600978,0.9290724765338959,0.9399644820884762,0.9699821985139431,0.9905030376433244,0.9754615949230357,0.966676261520928,0.948166184515136
2410,0,0.2819749571329661,0.32531582502263184,0.3346855690784289,0.28019022275268196,0.289636914557665,0.2860567059058521,0.3503681839837623,0.31535270000230425
2411,0,0.27769987968741067,0.3818547747825975,0.1991468701124596,0.21835914585003788,0.21489249122270046,0.31698430183872905,0.2335698386952254,0.29932864891126204
2412,0,0.3051942979361438,0.28982706002620834,0.22630619016224227,0.2627985890337831,0.2488901088176622,0.336706853287768,0.27077173300834484,0.28428003449207284
2413,0,0.16083327230128514,0.17690085296339916,0.19760696233272942,0.18700372030756585,0.21124747598111052,0.19970525346125445,0.3667098391851538,0.19140435625246102
2414,1,0.22840700246773574,0.24014662737458972,0.22253720657248807,0.2071248852144624,0.21265031985741167,0.22649141192276376,0.2518740974914056,0.22972508195661387
2415,0,0.8918413757197277,0.9031451161761272,0.9085315063376221,0.9335032288282203,0.8978257475614644,0.8573462285512482,0.87569225353793,0.8896742836883326
2416,0,0.2683269560335216,0.3388062434645622,0.34873505827918433,0.29697636172524455,0.2702921319922844,0.2805925499048248,0.3399754792834431,0.32271128388285714
2417,0,0.28575420168386373,0.23425629210233853,0.23865405751325594,0.24031113250080208,0.27088815296618596,0.24663811117814283,0.23045793918393662,0.23984948693124578
2418,0,0.17256666907805573,0.21423203244874367,0.20259062966161703,0.19949382205039046,0.21680260659932285,0.22203390183927532,0.21579345616334336,0.212952187983212
2419,1,0.9236934775136619,0.928444249001724,0.9464097781919886,0.9703046104949063,0.9917044845632206,0.9796588531835292,0.9705420241859791,0.9515042934590806
2420,0,0.1880234490109772,0.19703701338671595,0.20386647487095022,0.2099091666880458,0.21530073682650316,0.2071368626304999,0.24444101015290132,0.20268011696272203
2421,0,0.140123812794353,0.1420167001707369,0.17610551385621978,0.19556916308345243,0.21289087383908625,0.1540637091096771,0.2194643296154599,0.15739530771221125
2422,1,0.1968501887256198,0.23498135900649775,0.2063742318250322,0.20366163277358373,0.2179404928009714,0.2183828117202964,0.28102609923120714,0.2199128008506088
2423,1,0.2899621313963698,0.28878720643900885,0.40473928650259583,0.30014001774806104,0.24258357588976578,0.2702487955309704,0.2773195716853551,0.3212584294908584
2424,1,0.24939997912287412,0.21312953562229472,0.21659194594997297,0.2023090096180901,0.2058129302606585,0.2108101426733375,0.20696195857959518,0.21351054141520173
2425,0,0.19153706015814406,0.17755064563193793,0.1883280429488273,0.20484812393360832,0.2182686978523777,0.18558804782590196,0.19590859101148453,0.18382224546888906
2426,1,0.6147851318557633,0.6718890347243406,0.8526958780977764,0.8282981162828796,0.8009195715681837,0.5441006526333795,0.6898230787127808,0.6895618551518322
2427,0,0.14002500620593844,0.16309067377737974,0.17026074501966848,0.17855180091615028,0.21498304588468065,0.17354084193581976,0.1543323534650266,0.168964086910956
2428,1,0.2707825104585975,0.269846722870216,0.21504728944030913,0.23949241704183621,0.22220350975911649,0.2672178775293707,0.20649833532499426,0.25070396327996525
2429,1,0.9190043110521118,0.927581721839552,0.9467219834125125,0.9673646904337855,0.9857931715857468,0.9774200332394898,0.9542059716149085,0.9505745794971848
2430,0,0.17502231838718427,0.1772746042639033,0.21092993558188544,0.2038447496272253,0.20746500886472666,0.17408526010405612,0.2555713707796481,0.18742993331661495
2431,0,0.21595952296890963,0.20501482362403456,0.22251425420491577,0.2057176364117861,0.20608838242265373,0.2176377181530187,0.2254904536617717,0.21505559866065635
2432,0,0.1723378763181108,0.2017389374850352,0.2349556980471227,0.19258084108230278,0.22525991851956853,0.2028377787815653,0.30163093288355136,0.21317747143790775
2433,1,0.18833512566541954,0.17384215053797022,0.19312777557333718,0.19328576780353648,0.20323024609017445,0.21697713123008047,0.125759984908624,0.19464901911379595
2434,0,0.21243871316945215,0.21602943296136712,0.18460902295104678,0.19300645703627983,0.20202372965759616,0.2668759888199311,0.13311916648653582,0.22250481491078167
2435,0,0.1655717581599498,0.16640782916423813,0.20281564890190862,0.19248934505429074,0.22147203543803715,0.1787507811527231,0.19430462753576708,0.18265808640628997
2436,0,0.7267740236227763,0.7460058831252819,0.8878335240989846,0.8665004506885682,0.7895981479315358,0.5810624129336098,0.7475573588568226,0.7383006067192922
2437,0,0.21477243015189304,0.19991821022234157,0.19110843752928872,0.20766670998812076,0.18863024440213458,0.23991256768392852,0.2228801182857966,0.21031307181185296
2438,1,0.25607494742774933,0.28627055565960613,0.2530917153211499,0.21357918705270137,0.31260589486790674,0.313972472541561,0.4866200104117569,0.28444491450743903
2439,0,0.27839355097960844,0.2461976134132227,0.22614667683412962,0.23387741200813497,0.23246319385795125,0.2588499051570036,0.19124953680453297,0.24373139846811864
2440,0,0.2865860864140712,0.2808208374719039,0.23889887115391642,0.24057882664533778,0.25324965878732525,0.28292051996228373,0.3716472133022111,0.26754674286270136
2441,1,0.2718216560302508,0.2147306179527472,0.28569814312504765,0.2723130278747428,0.23186241262584326,0.20461246697561805,0.1347986157462723,0.23501374268447095
2442,1,0.8603249649048176,0.8891342397472218,0.8402190869705063,0.8923169332038459,0.7496947279422578,0.7793850870961813,0.721752423344172,0.8362461379379699
2443,0,0.15585059005369928,0.15648978666116087,0.1559269261370773,0.18554216053096947,0.18714718186960544,0.1555098335059093,0.1128145892428819,0.1559755154347158
2444,0,0.3196640080020161,0.3977087574851412,0.38032820432214215,0.3200101994528147,0.32043590047919085,0.327400133733148,0.3139739960143915,0.36847903184681047
2445,1,0.35421853728626457,0.34324771254858155,0.33583153555134587,0.2656854041484542,0.2395624937348062,0.2635284160626954,0.3228814816413729,0.31420255472087427
2446,1,0.9159093569324117,0.9273532006555317,0.9227847423129917,0.9508728198296095,0.988250120816772,0.9727907514431564,0.9601236233432612,0.94097623147056
2447,0,0.3475372977075497,0.36502287627425806,0.35575373883358036,0.2577668273327201,0.32185870296037294,0.33324336782024244,0.2793507841110533,0.35133999430936025
2448,0,0.18986270073706027,0.1840673446721223,0.1942724667546335,0.18407883552779272,0.1845152181422809,0.20355934361617345,0.13569160959448448,0.19396638501430974
2449,1,0.7583800475168493,0.7358258164665542,0.8095280606107518,0.8331993231117844,0.6812956096713823,0.6085844230624268,0.4715371178467806,0.7179794333799109
2450,0,0.1984173406685752,0.18368166999882948,0.2222589926135412,0.2090163357466792,0.2004418946960764,0.19005558670117825,0.23082041231822079,0.19866541643784966
2451,0,0.23197388705300157,0.2225464402868167,0.21604748022035122,0.22084965076380514,0.2232520427094841,0.21607767616268744,0.2382963892195793,0.21822386555661843
2452,0,0.20302081798246027,0.256506661389086,0.21334666711189307,0.20194731219513873,0.20304962409940738,0.2642970301208497,0.18348204795870773,0.24471678620727624
2453,0,0.20691121069953186,0.27383807534822274,0.17272949707750293,0.21591531780154252,0.20725620839481995,0.28137952680816314,0.09859894120019368,0.24264903307796293
2454,0,0.32679536420552474,0.3263003973572765,0.2194749709570931,0.2924849705605921,0.24206832915093948,0.3500576649301112,0.35842098771650494,0.2986110110814936
2455,1,0.9189197604763314,0.9274003626413739,0.9303465184970235,0.9588491456153155,0.9822475903541895,0.9688491716057954,0.9212935958221617,0.9421986842480643
2456,1,0.9179813033138816,0.9249745015428007,0.93774196267699,0.9577966827397755,0.9694535822063908,0.9769379395559866,0.8971916520168218,0.946551467925259
2457,1,0.9131410863668452,0.9193213298327464,0.9242644707551215,0.9532141699752521,0.9747927655651655,0.9628688746249373,0.8780569507668815,0.9354848917376017
2458,0,0.17654017505716313,0.12369580406675514,0.17566850863152053,0.23008881065249723,0.2504984364021336,0.0987429240106225,0.09362795077516017,0.1327024122362994
2459,0,0.24018175426608254,0.22655745425862905,0.21467421487628405,0.20066585502382286,0.21650928906715575,0.23778479567199262,0.24018291465452432,0.2263388216023019
2460,0,0.8752532284987323,0.8677684599725235,0.881409919829661,0.9192761526860157,0.747862141403588,0.7188904705256561,0.7449234969663497,0.8226896167759469
2461,0,0.2710012371491404,0.21262271472890806,0.2521597132294448,0.22357743854034318,0.238626515858452,0.20185844388251617,0.2985934348728015,0.22221362394695635
2462,1,0.8283996259487413,0.6869944281345101,0.9074189356354839,0.9424190951728776,0.8991790594808641,0.6511303972180887,0.8531763676684786,0.7485145869960276
2463,0,0.18919398114513478,0.16373332042923794,0.17123334534497667,0.1839459375141895,0.24896221534791976,0.1618329991184654,0.18556413212914344,0.16559988829756
2464,0,0.21284355458003643,0.20858163002934227,0.23014210514496156,0.18777141527867922,0.21673603537341316,0.21429958133040408,0.27687460121431523,0.21767443883490264
2465,1,0.21244386454173636,0.26260157777493603,0.2593718997697674,0.2349452607184194,0.23451303541093535,0.26896512329683814,0.27351125140349736,0.26364620028051383
2466,0,0.2757309126103395,0.27893806954282635,0.2139227045617942,0.2070662399000808,0.22029181206216145,0.2338376989765378,0.18899315743816728,0.2422328243603861
2467,0,0.21017173343480544,0.17417636777739823,0.2123029558998775,0.19727322493762023,0.19524359734471894,0.19813128940896982,0.16093386533462298,0.19487020436208183
2468,0,0.26326143701909177,0.25638829244257516,0.21004416393911643,0.2031512685110108,0.20403150451020777,0.2684354136473777,0.12626406648033556,0.24495595667635647
2469,1,0.21455695666705185,0.19971631929088943,0.20666291362969647,0.19324897997118975,0.210196293563062,0.20693660300095681,0.3028552277888088,0.20443861197384758
2470,1,0.1672066212403934,0.21792031251784352,0.16266372343253957,0.1806935679980335,0.18937140796617494,0.23344156978988487,0.11220733179401336,0.20467520191342267
2471,1,0.9148424571575117,0.9255547001986661,0.932336470880338,0.9555414730463906,0.9789983893685621,0.9648886351249263,0.9540361377623553,0.9409266020679768
2472,0,0.24953873640181704,0.3152396987830681,0.26239152797749593,0.23562524402714416,0.217585852209879,0.26272892338182646,0.18537226344759708,0.2801200500474635
2473,0,0.2056881132742272,0.20225181245795457,0.19223793028699632,0.1868742429678589,0.20521771576275907,0.22770837766379626,0.15989881922977725,0.20739937346958237
2474,0,0.19375681139363432,0.21577205602286167,0.23555015191439474,0.20594608207698187,0.22321270646312188,0.23517007928131642,0.2406253989874568,0.22883076240619094
2475,1,0.9254664186795178,0.9285098995252805,0.9481989943636185,0.9704623091806464,0.99119957809501,0.9781206014337078,0.9539062341918539,0.9516098317742023
2476,1,0.18327155500018233,0.20033336917875855,0.1887566673376796,0.18940715806982147,0.22764526375690883,0.21822207510113464,0.26494581674077794,0.20243737053919095
2477,0,0.17903941343264626,0.21637030885484887,0.20261255738557024,0.19332450739704188,0.2651696740332808,0.24453280763508026,0.3011643158413555,0.22117189129183312
2478,1,0.32653360910333523,0.28528160673081854,0.2500951657173266,0.22212195662882941,0.23389420670568598,0.30608008143752824,0.377742447696835,0.28048561796189114
2479,1,0.2872695526178544,0.24289872190131082,0.25365740377637785,0.24594495586189846,0.27468589002659033,0.23591543952958696,0.36370710095445974,0.2441571884024252
2480,0,0.2142996866589574,0.19452625937874804,0.20983455149031982,0.2054014702244964,0.2415194309281247,0.21032883830265045,0.25700515431340404,0.2048965497239061
2481,1,0.7427299911208681,0.7518157157348556,0.5496375244458508,0.470400757524938,0.29977407043415566,0.5552508246920377,0.3521083608978132,0.6189013549575814
2482,1,0.22890392725051548,0.18706011041869122,0.20894304622687457,0.20367409972566597,0.1815280797352328,0.17522112785598845,0.14874512016842298,0.19040809483385143
2483,1,0.2905206996996134,0.2341457689553028,0.22358474009245197,0.24736603856468728,0.2341097227623149,0.2397508887968184,0.33017754297479734,0.2324937992815244
2484,0,0.17979639146462525,0.16081166746653228,0.1984708925696251,0.18906209096018498,0.1934025357079183,0.1876125441664774,0.15413111854380623,0.18229836806754493
2485,0,0.1940743228299832,0.16786499065768992,0.17614143014365424,0.22258574827674962,0.21082236714345345,0.1832386920888569,0.17279486995232637,0.17574837096340035
2486,0,0.41383660332974803,0.366330265544337,0.39689153369561736,0.30661866215288,0.27941811120939813,0.3442088490236715,0.3276723539357845,0.3691435494212086
2487,1,0.8164591392011049,0.7927499490669252,0.7572762970608578,0.7228213052644835,0.41597190519476146,0.7444011582857765,0.5235762293041782,0.7648091348045197
2488,1,0.9166858366798781,0.9268612243031679,0.9387063235629413,0.9650465194504125,0.9906182165821674,0.971784197637373,0.9627057659361307,0.9457839151678273
2489,0,0.23129514192110043,0.2509989479524485,0.23836839510447294,0.3421570899975402,0.3376543086029236,0.2134698387984432,0.19722796584199487,0.23427906061845485
2490,1,0.9142126989169753,0.918149575036665,0.9196190701127271,0.9361215996096269,0.9407762578590103,0.9597776464676003,0.9182968681179084,0.9325154305389974
2491,0,0.18151235228063314,0.18137898728232857,0.20003924691373517,0.22576536919429835,0.2313066636252752,0.1927070996970411,0.26658391130599707,0.1913751112977016
2492,0,0.2500588688454594,0.20940651246389627,0.19801642290114993,0.19470304954423126,0.20468529061965532,0.21077927921690032,0.17571416899859424,0.20606740486064887
2493,1,0.18953468912924598,0.28614065638586345,0.19504723470733457,0.3365779139689269,0.33699333851651914,0.24551310071172416,0.3463616035767774,0.24223366393497403
2494,1,0.920460732154403,0.9294878413499692,0.9383931820266337,0.9695858890174707,0.990354697870794,0.9804360486004353,0.967285550541254,0.9494390239923461
2495,0,0.27459843938707157,0.23070350727906078,0.20495191695122886,0.2042365217212386,0.22217670251618538,0.2492468172786273,0.2910452119212347,0.22830074716963897
2496,0,0.2843869549637112,0.32176946637973197,0.2578815704910847,0.289442377175766,0.2361813940191316,0.25578542469417836,0.2372779210630673,0.278478820521665
2497,1,0.9186942122185688,0.9242805268803899,0.9431666462579026,0.9677265627102619,0.9870607372226122,0.9728807587120644,0.9900252044038907,0.9467759772834522
2498,0,0.27716427738494087,0.2611236610404533,0.3037665052016911,0.26393529150910194,0.2618893299061884,0.2609051653663285,0.3377374518426101,0.27526511053615765
2499,0,0.17592620668104386,0.21124525396892405,0.20790684157885117,0.19908144051880164,0.21775080837139468,0.2103277780832585,0.18385373804207927,0.20982662454367793
2500,1,0.20656370720761982,0.22246154271244464,0.2650252836221401,0.20162776216525954,0.2000690374709789,0.20819699242324965,0.23396140008233976,0.2318946062526115
2501,1,0.918324611804309,0.9277802908233954,0.9286650384968498,0.963979972131385,0.9833206013524579,0.9680275690819918,0.9326346134194446,0.941490966134079
2502,1,0.755964163120689,0.8409176608064287,0.7896969100435393,0.6890499972978814,0.3685683187255108,0.6818706871737349,0.45759641629718795,0.7708284193412344
2503,0,0.19566781513447518,0.18754341934524812,0.20927783836797387,0.19316062540354598,0.20657831846303176,0.19821701331401306,0.21849043558000894,0.19834609034241169
2504,0,0.10791336630063743,0.09848778134756457,0.11632676207654653,0.13787687753105285,0.18720114712122873,0.035743424142548295,0.11073538790733047,0.08351932252221979
2505,0,0.27263442306357033,0.293563761455587,0.224477638773482,0.29031179589395356,0.2611926237679966,0.25762640688092425,0.21390770846047977,0.2585559357033311
2506,1,0.8778682186992746,0.8629818789512421,0.8811737184929526,0.9178493772657457,0.7724977322187154,0.7425519146972115,0.5543589681039477,0.8289025040471354
2507,0,0.26207864036833856,0.26085777608144783,0.2757342886380215,0.23370852919551025,0.24856608371798594,0.2762212949633908,0.2842127723873252,0.2709377865609534
2508,0,0.22274082190197608,0.22980076040235642,0.22946956835587973,0.22584448979806923,0.23858923480689964,0.2643804857081702,0.2581872740793196,0.24121693815546877
2509,0,0.27950697208536074,0.23737112204741037,0.25281926271029026,0.21879567637357658,0.20600031898665663,0.24011780940648986,0.263820718647178,0.2434360647213968
2510,0,0.2015241953521872,0.21184057691727745,0.2132289223214907,0.19680065136598326,0.21012193896421683,0.22905333683198312,0.2899882718474847,0.2180409453569171
2511,0,0.24049185138557125,0.23670882528023793,0.26704386269987457,0.2519944663621999,0.2440798352108217,0.24961667427745468,0.3728409132844864,0.2511231207525224
2512,1,0.9171314878428712,0.9239264502329583,0.9394418411283089,0.9656533777339055,0.9864475546159387,0.972447679797937,0.9552462882328926,0.9452719903864013
2513,0,0.204441777166091,0.23097518082800186,0.2221770810086039,0.2159813041139612,0.21683795706847223,0.22296693230968212,0.17762920759462072,0.22537306471542928
2514,1,0.9174138403208122,0.924473246025118,0.9404613992474826,0.9626351343259332,0.9858587612008529,0.9756993485775642,0.9255926513040982,0.9468779979500549
2515,1,0.5401054891564355,0.5892770786622356,0.5186982908117598,0.40821141862912674,0.29270568227551536,0.44807917432610944,0.26703639713182087,0.5186848479333682
2516,0,0.21545082976386654,0.20073981056098092,0.20220180209448557,0.1976211736833371,0.24096915823756207,0.23420116525262458,0.22192055051133427,0.21238092596936367
2517,0,0.2072847101949585,0.22870701715565814,0.2229667596118293,0.19453533278488933,0.2112365807591943,0.2234466139430434,0.19570851992744906,0.22504013023684363
2518,0,0.1507640087852069,0.18075623182291642,0.1821463673020904,0.1733554866344548,0.1897380489702709,0.1979570582847713,0.16702761100653873,0.1869532191365927
2519,0,0.2220602013053901,0.1577853410069351,0.20440378110249835,0.2077127552197924,0.20221427853413398,0.16992213594127145,0.14173122201839738,0.17737041935023498
2520,1,0.26802178517560976,0.28167394593396106,0.3493877155514075,0.251654138308931,0.23279046118105726,0.27704578295910304,0.2968369460836385,0.30270248148149054
2521,1,0.2034597489859186,0.20290087260734524,0.1978282238918269,0.1983484837945649,0.19849461657039622,0.22012190164551385,0.20665397250020212,0.2069503327148953
2522,0,0.22821956160110404,0.23243388707702795,0.23472500147643113,0.20829806670124973,0.20898570312998888,0.23223738625820944,0.30197995103658,0.2331320916038895
2523,1,0.9058539849902093,0.9194364052479639,0.911867175032187,0.9267099681881014,0.9267658387535745,0.8425266345622378,0.8162727417091693,0.8912767382807961
2524,0,0.1637214572464202,0.17153141272737282,0.18680525479259527,0.18869048499189411,0.20343359936502056,0.16399505111372556,0.1497253532038385,0.17411057287789788
2525,0,0.19270824628337224,0.19224933734894625,0.26474890534272205,0.24462930556405027,0.25997941338415237,0.19996637267663497,0.28330131611544274,0.21898820512276776
2526,0,0.24019023813989113,0.23929341720146668,0.22245970402349377,0.2254246432223762,0.22526920843969198,0.22008093792227115,0.2690234131943879,0.22727801971574388
2527,0,0.14981101872917102,0.1625058220139641,0.16639842616253037,0.19805507472854442,0.2076146400211998,0.16162007244938434,0.2077996916579908,0.16350810687529294
2528,1,0.23355078176124952,0.2156399095138223,0.17749856968424535,0.21746699320133614,0.19819802975389558,0.20325229729422942,0.20530839158964734,0.19879692549743236
2529,1,0.9161952838847363,0.9267752255872206,0.9446408023292165,0.9662153829694491,0.9920745607668033,0.9699682661773276,0.957223685440438,0.9471280980312549
2530,0,0.19498612737500745,0.18957635833276068,0.20674348900412087,0.20875498806317036,0.20649989944158964,0.2162286919841644,0.21941163597003455,0.20418284644034865
2531,0,0.18073547208991528,0.18801535858746635,0.193174969167526,0.19253749087421704,0.23114476413578725,0.20780724982325857,0.2121221605195522,0.19633252585941696
2532,1,0.9161827251638682,0.9226671684627981,0.931535172648557,0.9636818490766835,0.9855508497824811,0.9765642022822885,0.9395109087245678,0.9435888477978812
2533,0,0.2929080106670276,0.2266376257664865,0.20993783755692064,0.21320786722029686,0.24779438198961215,0.24997155719830091,0.24876783784690648,0.22884900684056933
2534,0,0.22261400047148663,0.22786699439108873,0.22166643019253984,0.19327579257384722,0.20418341655950256,0.21863627888585058,0.13327945508373507,0.22272323448982637
2535,1,0.8354549213386383,0.8043693603121659,0.9069354129861055,0.905158570895389,0.9082860399317232,0.737715100130453,0.9115414202587248,0.8163399578095748
2536,0,0.1675656512455944,0.18215031698609352,0.18332305639220745,0.19745122318471953,0.22499680722467472,0.1925974041104864,0.21347600257131438,0.18602359249626246
2537,1,0.9119923187624205,0.9211781231797831,0.9320202919241237,0.9618802674894843,0.9774484410140181,0.9676578070827079,0.891491891871003,0.9402854073955383
2538,1,0.8853714623776815,0.8457289856172047,0.7749825559906101,0.7555637738960742,0.5766878446331136,0.8248352155596509,0.6284433890234292,0.8151822523891551
2539,0,0.17990584457582803,0.19795669570934507,0.198914333112592,0.22664593091088617,0.2450012079538754,0.20893138099722483,0.4455475986010133,0.2019341366063873
2540,0,0.23133667734287064,0.2574580105977418,0.2646064564736394,0.21591101798374923,0.24808816612840312,0.25839992840726017,0.33484906449828183,0.2601547984928805
2541,0,0.2202450198127758,0.20339376410474955,0.20291939786921478,0.221058590969507,0.21217007077479613,0.22190744312017396,0.1990933891558453,0.20940686836471276
2542,0,0.2519148704598444,0.25916129932389903,0.23064042350972802,0.23253175311794852,0.2168598369236215,0.25893767260399775,0.29135488229951717,0.24957979847920828
2543,0,0.20936353388265636,0.22975147752984912,0.18177331095885715,0.19729993057226916,0.2054271377083731,0.2149463364502785,0.200878917624446,0.20882370831299493
2544,0,0.20151840999878345,0.23574385459816846,0.17657240299972676,0.23902769519657405,0.24937085837126036,0.23553082436986483,0.3719302688272374,0.2159490273225867
2545,0,0.8834967721292917,0.8699843948943821,0.9052230924355643,0.9204372091838495,0.8681540775937656,0.8013244555752532,0.8085857168154517,0.8588439809684
2546,0,0.2324972317352421,0.23659001413073022,0.21616751530424985,0.197700812051548,0.22978990180082567,0.261766704831603,0.30103802822418924,0.2381747447555277
2547,0,0.26601616240243503,0.257276705514802,0.21971324789229116,0.20737666885477116,0.23249904991634443,0.2752627956593552,0.27433038623437517,0.2507509163554828
2548,0,0.1416253308781867,0.12332541488436005,0.19951854548233747,0.20234424383544522,0.2799786277062497,0.08466996835969376,0.1320464992398991,0.13583797624213043
2549,0,0.20198814281673474,0.2212078574983727,0.224172023876248,0.2404315362346442,0.2731655548994786,0.22183978417054281,0.24999677678081436,0.22240655518172117
2550,1,0.14676123520998466,0.18281762040435057,0.17871002364614294,0.21263323397173137,0.2327541929164956,0.20305781258621555,0.15596943220022566,0.18819515221223634
2551,0,0.16031246097779897,0.18627369484891335,0.18255606505748326,0.1782311193359114,0.19764115861280937,0.194035757456848,0.1649666260088882,0.18762183912108155
2552,1,0.9196101733433553,0.9294121580031911,0.9388074830795577,0.969898820879712,0.9917282158985067,0.9797098516565259,0.9785757938462173,0.9493098309130916
2553,1,0.903005431100606,0.9169175682516509,0.9145124057871109,0.922941391286729,0.9308785358117624,0.9348583682168975,0.8489983433868931,0.9220961140852197
2554,0,0.1615718537516056,0.16204525111179693,0.19111810988878894,0.1841888708812802,0.20518371264409832,0.17670180310757846,0.1720320491006585,0.1766217213693881
2555,1,0.8223339539008557,0.7666557465249909,0.8619885686537412,0.8885598409072092,0.6520399515745648,0.6289354237281127,0.6848910796580997,0.752526579635615
2556,1,0.9022935573896103,0.913143624502795,0.9343960187653874,0.9534409093662699,0.9438999701839256,0.8852613054997708,0.8108955931222379,0.9109336495893178
2557,0,0.27307032412126203,0.23831868832151304,0.3279703128054261,0.2952870285807071,0.24800867643798297,0.24467247328018427,0.4324811135787287,0.27032049146904114
2558,0,0.2970368452214687,0.24663500076884093,0.28710897465912955,0.25494115319651994,0.2406603909528938,0.28514003587631737,0.35220224573194264,0.2729613371014293
2559,0,0.2780198976137988,0.24691426259524743,0.2239240306104977,0.23996149392601232,0.21172508124277997,0.2755384325507851,0.23925890518141124,0.24879224191884342
2560,0,0.22591600476963458,0.2945140668544522,0.21215575541879464,0.20645026057397706,0.2104817122872562,0.24687564565476527,0.27197324513944254,0.2511818226426707
2561,0,0.19637607846836105,0.20106571414083288,0.21029646479694983,0.19526000678865227,0.2122931981808919,0.22900454716236762,0.15881483227440907,0.21345557536671678
2562,0,0.1848953297302498,0.2143456377491656,0.2131669376288073,0.20761688111902207,0.2293142014758001,0.23759247087766902,0.2751689604878477,0.22170168208521399
2563,0,0.19876904999059639,0.2102196833894363,0.1854686942413051,0.19206861206460937,0.20243947202696622,0.19915903529326104,0.2571531111146376,0.19828247097466747
2564,0,0.2699852380856916,0.26524328863665864,0.25134863260248336,0.2523423599281461,0.21041661631949737,0.2640860929744262,0.24844684024016564,0.2602260047378561
2565,0,0.17622852045518878,0.1853037660598061,0.18103956194330262,0.20048157930120336,0.21658648216003415,0.18198489128692796,0.22241915845269775,0.1827760730966789
2566,1,0.9165693277868657,0.9223761030301159,0.938309729656872,0.9675331842274971,0.9901020728989786,0.9693565845672011,0.989788830906718,0.943347472418063
2567,1,0.9227101530378959,0.9279889417889017,0.9476669692339844,0.9685721300762585,0.9895812385674246,0.9760345487427554,0.9812879374326678,0.9505634865885472
2568,1,0.5303500310671939,0.5786000357455093,0.5274449337960814,0.4503519992425596,0.3153207728301709,0.45788930944358236,0.37905956085270914,0.521311426328391
2569,0,0.24321463149686273,0.23023708786475253,0.22460412816240125,0.22761543760236105,0.2588358638666454,0.23580101910333248,0.33169884115713155,0.23021407837682875
2570,0,0.23449700109869562,0.2748126085273898,0.26571184756091176,0.3110577995360124,0.29518358782400245,0.28940133227002063,0.3757612879878052,0.27664192945277405
2571,1,0.9077554525290784,0.9141862744142344,0.8967567701291094,0.913251303362976,0.9718910872118952,0.9377528776957057,0.8800826882362696,0.916231974079683
2572,0,0.17423542819564966,0.19289455649196507,0.1915267085150442,0.19761474186029915,0.1969632559301551,0.21235252131736113,0.1982361788285396,0.1989245954414568
2573,1,0.14978722654660914,0.1619540638118309,0.17319633042775054,0.18215943914985308,0.1993746825534545,0.1617504675255696,0.23894356699406152,0.16563362058838368
2574,1,0.843768861368882,0.8840178188101643,0.8201812476087409,0.8666732222337918,0.5513854149092262,0.7851345025871371,0.5643880100559981,0.8297778563353474
2575,0,0.26052062281102445,0.2353522245315366,0.2679380800549445,0.23802875259043213,0.2282238492789158,0.24851624479067955,0.18840683234304786,0.2506021831257202
2576,1,0.7685647093818283,0.7514227553773986,0.574941865750141,0.5247813142937632,0.3303322329905295,0.6149082720287721,0.43070132207957273,0.6470909643854372
2577,0,0.20195238857310502,0.18233888777102417,0.18706766432529723,0.20071766149769713,0.19817415873120922,0.20313227809028525,0.1866263123411502,0.1908462767288689
2578,1,0.9150537724187884,0.921858826799106,0.9368825958389166,0.9659909434266308,0.9900727705339327,0.9685210558423106,0.9805846966144992,0.9424208261601111
2579,0,0.1906998014218061,0.22112481930626562,0.21007016058902853,0.23104523756647433,0.2199859137370941,0.22675430724910658,0.17205334584314583,0.21931642904813356
2580,1,0.14570954409438078,0.13896994384394457,0.17169295825695974,0.1858914040544055,0.21119680418318867,0.1467077308246978,0.2176194094466449,0.15245687764186736
2581,1,0.9026867697857055,0.9118420522909666,0.9161567995588328,0.9444956844751381,0.9464226527327821,0.7833669692597897,0.8697599957042633,0.8704552737031963
2582,1,0.9198028249634702,0.9250960314549964,0.9438862790624513,0.9678159708703392,0.9884893084183929,0.9812399049258245,0.982367704269517,0.950074071814424
2583,0,0.36753100334530364,0.4415185334110174,0.3302880547311274,0.30126038063091515,0.2505711979886597,0.35992615004262,0.28491102938217977,0.3772442460615883
2584,0,0.29469865988674465,0.2684441959007629,0.37173359310466436,0.29834791298826524,0.25717145552635895,0.27560770672817464,0.3016183720739775,0.3052618319112006
2585,0,0.17938818316297753,0.18431135127633316,0.1791150606940534,0.17907736307274033,0.19831312958911088,0.2271250915208146,0.2649406574968574,0.1968505011637337
2586,1,0.18854293487252752,0.20410567147348593,0.199742797982678,0.2023916541566713,0.2117097235969844,0.22370125673508756,0.17002580384310698,0.2091832420637505
2587,1,0.9193072393985582,0.9248768664023993,0.9445721343127088,0.9680139194625991,0.9884680046308217,0.9771056681536421,0.9852938449805574,0.9488515562895835
2588,0,0.32590255380091265,0.3802835882775286,0.3144216575633328,0.24903361074402763,0.2389194914735043,0.3693512601762605,0.24174910427977678,0.3546855020057073
2589,1,0.8778286628807085,0.8635907689485096,0.9152225809355935,0.9228510686972099,0.8293014540167575,0.7736502981029071,0.7659221963926651,0.8508212159956701
2590,1,0.1554817470433133,0.19600851367583338,0.17837541075130306,0.1940895997225316,0.19378273451170702,0.16092600277835134,0.17346134143290248,0.17843664240182924
2591,1,0.9187058534887179,0.9290119872232623,0.9366826778709801,0.9697385920953674,0.9901900620893566,0.9710820797872431,0.9626800572452135,0.9455922482938286
2592,1,0.917672542003678,0.923811023859979,0.9294205247542666,0.9605013963077115,0.9663561894302272,0.965920177270127,0.9072409605915063,0.9397172419614576
2593,0,0.1410177048501368,0.13212983944999038,0.16464730764296978,0.17517314662398312,0.19997522416647384,0.12503127951322077,0.12930075702984115,0.14060280886872698
2594,1,0.220938568921743,0.21758911698373082,0.23482323889866907,0.24660946267013958,0.2519425028409759,0.20365803712919398,0.38815425539169374,0.2186901310038646
2595,0,0.24154094504910475,0.22189827453740604,0.2311938658617283,0.21750905988427452,0.21650221680093765,0.22787380262187873,0.19716806779882512,0.22698864767367102
2596,1,0.9257575747494152,0.929037403525578,0.9501486978251763,0.9713223855885885,0.9923697450235537,0.9821093591955824,0.9952253461896352,0.9537651535154456
2597,0,0.19480215618019867,0.1981122453877132,0.17281577437221043,0.17327720087741452,0.20676700771255377,0.20568247327460312,0.1002747964889598,0.19220349767817557
2598,0,0.17982088099057025,0.1907528564876492,0.20881596422717272,0.21863409726397295,0.23812062619418842,0.19914342738230303,0.38253941857542006,0.19957074936570832
2599,0,0.13018069159558465,0.10478582502164531,0.1534891339253468,0.18559747441336918,0.22060650370333237,0.07239953298015168,0.14831348172895834,0.11022483064238126
2600,0,0.25119979694263306,0.3116756325641346,0.3008183950972819,0.23697184875645325,0.21853695455566757,0.2809616165027025,0.2457462062380222,0.29781854805470637
2601,0,0.17074856335810362,0.19043235333098982,0.17203437693375997,0.19964018866667732,0.23250038890424204,0.22831369960863337,0.2968079958182856,0.1969268099577944
2602,0,0.23630213653892915,0.2220781736881321,0.22632111691360365,0.21360266864942767,0.22031546900239163,0.2536195924660722,0.23350766856768354,0.23400629435593598
2603,0,0.3821853971324129,0.4061122348001008,0.32218673281699856,0.2674118156520388,0.27937760829658254,0.36652809483224913,0.3583674676442512,0.36494235414978277
2604,0,0.2315365210732748,0.2015698570045413,0.18110990061081256,0.19975867222425,0.2150480628830729,0.23477328983138546,0.17561343304021204,0.20581768248224644
2605,1,0.3434608904438495,0.3503865188508119,0.35471577415495675,0.30136053534496415,0.27072923990430947,0.3359439443634353,0.46033273666683455,0.34701541245640133
2606,0,0.8939702788535042,0.8854012791176094,0.9194455506471052,0.9528318850631196,0.9092597955035732,0.7773287787305417,0.8234191820585218,0.8607252028317521
2607,0,0.1825367758613852,0.21440907102815912,0.2229608429198985,0.19771437871177674,0.2381259223528834,0.22439909131352054,0.23828773487382393,0.22058966842052605
2608,0,0.1750992881471507,0.1656435668174722,0.21781806732651252,0.23197711776445237,0.24272013666070325,0.18831178597725384,0.391661243780586,0.19059114004041286
2609,0,0.18231002547755884,0.21261415153718435,0.1990849930608157,0.18669783978236465,0.21120850169500682,0.20485111999016,0.24925135030300385,0.20551675486272003
2610,1,0.8307051644195886,0.7710512433338983,0.6051980905159983,0.6206558680234956,0.36257200473858303,0.6526189254011008,0.4446472770045194,0.6762894197503324
2611,0,0.8236636514067609,0.8420513684917142,0.8753255484026994,0.7868789514857363,0.7619083945674543,0.7462643079346291,0.737812464495843,0.8212137416096809
2612,0,0.273411878781796,0.3409771937489336,0.24550951385633293,0.2515672533409151,0.2329453387743967,0.356960905952391,0.2370927511116788,0.3144825378525525
2613,0,0.1704145378038656,0.1828437476903,0.20075921078859238,0.19228068144612565,0.20481645408649965,0.2110317668712864,0.23908665346431923,0.19821157511672627
2614,0,0.15505457852434498,0.18028233539499264,0.17223773875547943,0.18561803067151525,0.20761913167975102,0.18888918689470682,0.2275710436074557,0.18046975368172627
2615,0,0.18628664077083498,0.18414980297934389,0.20489864972329294,0.22433401701477418,0.2416435497340285,0.23375188219566034,0.22508696599279177,0.20760011163276573
2616,0,0.26772624712527454,0.27024050943207906,0.24488512777795965,0.22938874149421126,0.24231909713715838,0.2596142825826404,0.31427653943062145,0.2582466399308931
2617,0,0.1715257540371193,0.19398688022186275,0.18634426418296138,0.1881102011617065,0.20290362483281368,0.21909659003767992,0.20156933890977913,0.19980924481416804
2618,1,0.9236316240606129,0.9284464969983105,0.9484398643935442,0.9686993583722326,0.9868180440776873,0.979062457847269,0.9593491979445848,0.9519829397463746
2619,0,0.20410715071714502,0.21814405376676468,0.22788266644380162,0.24219314638204234,0.24033387715047824,0.2414554963852091,0.1540287127960277,0.22916073886525848
2620,0,0.14322981378879318,0.161015550531174,0.17878958887473506,0.18303714166696405,0.19546858796619904,0.14883966914716576,0.2084534452330614,0.16288160285102493
2621,0,0.18740626881394196,0.19025976559693267,0.18441793308433985,0.20508640096727135,0.21298147353470362,0.19997158159361564,0.1883255751329241,0.19154976009162938
2622,0,0.16265475356261908,0.1730079890246038,0.18302896291013537,0.1961328179282494,0.20261907119529368,0.1893503754554425,0.15243087983746528,0.18179577579672723
2623,0,0.14169521380928699,0.11979044251979505,0.15134173675106066,0.1866023713710497,0.16551833823179152,0.11964717356074155,0.11726007343031618,0.1302597842771991
2624,1,0.19662180680733252,0.20249068623310762,0.21976662361408753,0.2122100039565856,0.24203481334040108,0.21364122750984502,0.223546972479953,0.2119661791190134
2625,1,0.25691653234564876,0.231639794639363,0.23323155048623412,0.21458184056261906,0.28882376977045005,0.24584421148986457,0.3798551183361527,0.23690518553848725
2626,1,0.25945699957195884,0.24884460810171724,0.20251192483737265,0.20930642292417886,0.21644130285832844,0.24751775272583013,0.2350213185876148,0.23295809522164002
2627,1,0.28664476322745513,0.23975688382986693,0.2045375245510597,0.20564652353355398,0.20287371944648572,0.23552889465409024,0.1496936451528206,0.22660776767833898
2628,1,0.22789090818226412,0.23947449738395465,0.20567899637001327,0.20959423915598321,0.2459648242344782,0.23150066750489284,0.18745466410128508,0.22555138708628694
2629,0,0.26880520540091646,0.23073528348039665,0.241913765731825,0.2263656049906507,0.23355806968701523,0.2339311654872347,0.2819560616619201,0.2355267382331521
2630,0,0.22801355101583906,0.2528616702067984,0.18727930876293986,0.20832233348927756,0.23876092648101346,0.2550639865542846,0.24726581349619722,0.23173498850800764
2631,0,0.25040390226627446,0.2310548897058542,0.20900289194911492,0.202040576563251,0.21699593826683902,0.26455940352805374,0.291639928970951,0.23487239506100763
2632,0,0.3084657967489591,0.29731941944368306,0.2710574124726131,0.2313021431289719,0.25111363590819025,0.2945216888053363,0.263570462701228,0.28763284024054414
2633,0,0.28866314013279076,0.21975052711449303,0.25142834425860977,0.2215719681711952,0.23067075658175573,0.2796520521588058,0.2772314344404357,0.2502769745106362
2634,1,0.8968024192753207,0.904050539402602,0.9199584670897365,0.951949609537024,0.9330044455602992,0.870274924940289,0.8670426151602793,0.8980946438108758
2635,0,0.18651766430247907,0.21797325983374374,0.20605855933660197,0.20399628662831962,0.23527644872768796,0.22175565862289223,0.2806027148366839,0.215262492597746
2636,0,0.715653474760921,0.592438229839555,0.6925982525388857,0.48404062763308225,0.3216428126276596,0.5011206815055986,0.34795916959449175,0.5953857212946798
2637,0,0.19148607331953685,0.19611592931693997,0.21705041436001582,0.20170846315320823,0.22910570980173042,0.24391502146424507,0.25044613550564504,0.21902712171373362
2638,0,0.17781376492535725,0.19322877775384184,0.21502623504469368,0.21179337942315105,0.23394792137288015,0.18730052075963896,0.3186071501707023,0.19851851118605815
2639,0,0.2272913895452683,0.21913400566239508,0.22965891586475884,0.21841446277303098,0.24832071999650762,0.2499553597551638,0.17417993440200863,0.23291609376077257
2640,1,0.17721579472870383,0.2198650168048406,0.2278221657525025,0.25406719874175143,0.26773697573280036,0.21230747699409824,0.37943133393624323,0.21999821985048043
2641,0,0.2134954597009704,0.20286888583497784,0.264419456183057,0.22563771332886637,0.22155134445749547,0.23113177970331866,0.3686726500334405,0.23280670724045116
2642,1,0.9256687453944913,0.9292765553202638,0.9488808354870488,0.9713678667653086,0.9920194954457591,0.9814392152732986,0.9786916306404497,0.9531988686935371
2643,0,0.2734641042590762,0.19733032748172374,0.1763577976098786,0.220938197513987,0.21664699993502598,0.226537799658482,0.23439228102507026,0.2000753082500281
2644,0,0.3159239077549571,0.2835617950942899,0.2892730520349617,0.2834324316931676,0.2216457959290347,0.29104577866037734,0.17753845356019446,0.287960208596543
2645,0,0.26262031157973653,0.22939687714823628,0.22549347922188345,0.1974948574046079,0.2196161902488638,0.250877449014854,0.1899436296234409,0.23525593512832457
2646,0,0.18763701026461954,0.19272066493003517,0.2071235997658234,0.21556844137123152,0.21035336785014205,0.1788968845735206,0.27987189639229193,0.19291371642312638
2647,1,0.24031685226600308,0.2756995593896707,0.22253193026727694,0.21555728768479873,0.24018156015140302,0.2844365688926656,0.32421327706009173,0.2608893528498711
2648,0,0.19357717594753887,0.21934527210617896,0.23113683984815023,0.18767705006512758,0.2085987314195645,0.22148660226603947,0.19738267310335952,0.22398957140678954
2649,1,0.20594242519611408,0.2061812973677241,0.19629879036122122,0.20358610961700815,0.2008609744224362,0.21797563237319043,0.19007086933245887,0.20681857336737855
2650,1,0.3452192654315245,0.3109006228987882,0.30521322428948816,0.2731264177806319,0.24863136001276778,0.337424856866569,0.3291668521713436,0.31784623468494844
2651,0,0.4358151928375999,0.40693514786059715,0.38250136300426335,0.2907336708536598,0.33270152306588874,0.3687038259650442,0.4967890756543372,0.3860467789433016
2652,0,0.1957463399424643,0.19403981806867132,0.19773331402166475,0.2176866472253242,0.1952104338367238,0.18852994611285864,0.20209541886036098,0.1934343594010649
2653,1,0.2117755088012838,0.24249165002719594,0.19842442024514842,0.21057130873392335,0.20394345860902616,0.2513592220609862,0.11778931660791882,0.23075843077777689
2654,0,0.2916540056185702,0.2883508559825139,0.31287739827424915,0.26969322673617196,0.26380363672171736,0.2564792264954861,0.2848520663726157,0.28590249358408304
2655,0,0.13893224902874854,0.10955750260402519,0.14429825339876012,0.16614110458700904,0.25926066959214217,0.08043989914981511,0.1258158820696442,0.1114318850508668
2656,0,0.23104512139120245,0.26420346713808607,0.20720367730114075,0.2331066763516858,0.23291083469473942,0.2874346673566377,0.17099294760502662,0.2529472705986215
2657,0,0.24274092783584625,0.2577515329810708,0.23735068099295797,0.24637221152073777,0.22258350695897053,0.2514439216076016,0.253573269836833,0.24884871186054344
2658,1,0.21846514537138376,0.18683689139670745,0.18349671237554274,0.1945786160624169,0.20946537048302347,0.18856617795494976,0.10221566485847755,0.18629992724239997
2659,0,0.31946097861684597,0.31140566960420457,0.2531564475902131,0.23195543028161467,0.2155228650794472,0.2823657924580967,0.29138985545441853,0.28230930321750475
2660,0,0.15286425873890105,0.1629729489352443,0.15288221996488013,0.1718142713900813,0.19160586333604476,0.17907866216444912,0.14505549645115923,0.1649779436881912
2661,0,0.812690129364801,0.6889751797803366,0.9022979151207257,0.9076193279500516,0.9504704795372727,0.6064026250608197,0.851038713451944,0.7325585733206273
2662,0,0.2136033802955574,0.18786757154886805,0.21760370869133014,0.21143871647913848,0.23654870704816877,0.21849588565305897,0.34297919394081394,0.20798905529775238
2663,1,0.17912057563932524,0.1870867353138352,0.18864823936635144,0.2053011499677079,0.19131613678133733,0.19017957421911855,0.12835403229579256,0.1886381829664351
2664,0,0.21367706585164248,0.21929255489547217,0.205296938665234,0.201955897011617,0.21341392401209705,0.23631862151405905,0.21377417470003293,0.22030270502492175
2665,0,0.1771691237314917,0.21882052699186172,0.21174593288345686,0.24497776192683715,0.22143284140833053,0.22106075705913772,0.1501209825685431,0.21720907231148545
2666,0,0.23646895507451982,0.2006434516109857,0.2164265284177506,0.2073292406638915,0.19790897644173558,0.24408028606719526,0.18280015100991753,0.22038342203197717
2667,0,0.20162343190703172,0.17953108085474156,0.2000062407270927,0.20790650001520197,0.20801484467569045,0.18015239047231904,0.17162824095659257,0.18656323735138444
2668,0,0.19232967790001598,0.25857855515467537,0.20668601197315842,0.19976430191209282,0.19774089823174582,0.23317927639095878,0.16386209970594948,0.23281461450626417
2669,1,0.20190260531228785,0.26635605631063836,0.21031450747697197,0.2006398240784836,0.24645555597583724,0.2595086494203853,0.3843706037425936,0.24539307106933186
2670,1,0.9186323173053067,0.927720655510854,0.945612233474069,0.9661925440170883,0.990678412923499,0.979764146762514,0.9439281001248139,0.9510323452491457
2671,0,0.2590428022236973,0.16480263641474102,0.19689888263334496,0.1960486854790391,0.21326028900419933,0.19838424381834951,0.20276314586600885,0.18669525428881184
2672,0,0.30143324236596086,0.3189127596712995,0.23444613051690533,0.22688515939608814,0.2293804720931937,0.2604858438119519,0.3125760860421613,0.2712815780000522
2673,0,0.18710118893892935,0.20522402157401395,0.17912837237760884,0.2024198743753941,0.20872598186386007,0.21529822508009352,0.16522122116489105,0.1998835396772388
2674,0,0.8748360556084777,0.8931272336122295,0.8702718640175009,0.8807252695551172,0.5378000046808071,0.8101727587814818,0.5633294269012861,0.857857285470404
2675,0,0.3275142388087544,0.33002659706682635,0.3812103429402896,0.30609707363114064,0.2759768846146808,0.3349976348785873,0.287563817540231,0.3487448582952344
2676,1,0.16933968329658647,0.1693285793567021,0.20396593945850702,0.200360846942224,0.21980325086976946,0.19173371781639328,0.2527681708211192,0.18834274554386746
2677,0,0.20413321344568383,0.2124242991762064,0.19111852761116113,0.18987194632468454,0.20892730508479182,0.23367388158344227,0.17914914744281596,0.2124055694569366
2678,0,0.15581238727722893,0.1759278179366708,0.1797717342353072,0.18774262888684431,0.2031258647352456,0.19332403395905975,0.15955437346705634,0.18300786204367925
2679,1,0.915742743186397,0.9227471889370747,0.929566092965786,0.9502513934367828,0.9739662638995998,0.9569763108958846,0.9106100540131085,0.9364298642662484
2680,0,0.1860414831443612,0.21839467420973305,0.21402343567520896,0.20513826780583613,0.2147287791954279,0.220110839121894,0.1442212421435705,0.21750964966894534
2681,1,0.9259565355884866,0.9292766420922035,0.9499705886419291,0.9705312979544697,0.991579421419202,0.9824835418594655,0.9797560054108758,0.9539102575311994
2682,0,0.18654874006922087,0.17828843673794273,0.21665941471167016,0.19717551680842785,0.20495106170418742,0.2016443217081373,0.19806855625387146,0.19886405771925006
2683,0,0.23775577924853522,0.23529970061513464,0.23104251094734707,0.19426991175270872,0.20854982186714463,0.2507777070537563,0.17668568035018284,0.23903997287207934
2684,0,0.25844030325480144,0.2023334505439538,0.19661457150010964,0.21142877684017825,0.22964644032839718,0.20753868644394738,0.18742503231502253,0.20216223616267026
2685,0,0.25168630832013866,0.22453921160396959,0.27603418968473903,0.22832887711075792,0.2108109144808372,0.2516224834921506,0.2806451093862292,0.25073196159361977
2686,1,0.2166735998926339,0.20539310527415192,0.23126019538265605,0.22029595274711578,0.22342724782630555,0.21515168543362787,0.2518311386259764,0.21726832869681192
2687,0,0.1943621208297558,0.23209188095323377,0.1860396640501322,0.20695160166675877,0.202889771560579,0.24014736307274742,0.17850484945143127,0.21942630269203778
2688,0,0.16391865390049806,0.18164023993029318,0.1686947341543296,0.1748876335874218,0.19116179480202475,0.192585778015272,0.15335188417115306,0.18097358403329825
2689,0,0.33814271639851906,0.30778014767106526,0.3880412405783252,0.36576710351828995,0.34661542500146947,0.28820799323537205,0.32991649245864874,0.3280097938282542
2690,1,0.31278868698214185,0.33659764974375844,0.4386925863111906,0.30054577362549817,0.2881453368143299,0.3267619409307302,0.3393317197740006,0.3673507256618931
2691,1,0.2483328170894148,0.24501311796173572,0.27288927815189906,0.2331430458787012,0.2784795234492805,0.2591024373404795,0.45708154176063737,0.25900161115137144
2692,0,0.2485401829683542,0.21034816872890683,0.2105663891636219,0.21199361305559958,0.19016349067927255,0.20826828894711527,0.1250596377853239,0.20972761561321465
2693,1,0.9093606832134126,0.9263470249593667,0.9304142711646075,0.9448731416755911,0.9785221456821209,0.9542361942769452,0.9572281700819086,0.9369991634669731
2694,0,0.17475514508687703,0.186211634411607,0.21897135093879702,0.20585637182597094,0.24551223724322233,0.21133319403527454,0.38395198440068506,0.20550539312855953
2695,1,0.1580993512423939,0.14869272584635942,0.15152182406150397,0.18757638019397294,0.16953201761566014,0.1444630888344955,0.2597641507327409,0.14822587958078629
2696,1,0.156498410233084,0.18655735400539716,0.17755366061348107,0.2036860647353372,0.1953713094843105,0.18937972332968522,0.12947475118988414,0.18449691264952117
2697,1,0.17781345980797925,0.1875869309942799,0.21565671585209234,0.22706866860275876,0.23126182610548918,0.20070064771328125,0.33300640800172926,0.20131476485321784
2698,0,0.1579656815844059,0.1857734077229969,0.1881445882588265,0.2119355837661149,0.22861211370217227,0.15386362892820182,0.201213510119817,0.17592720830334174
2699,0,0.27578597069833366,0.2491727871782686,0.24805042800612057,0.2157517967905248,0.2562591669177085,0.29433257804186636,0.3722906375907877,0.26385193107541854
2700,0,0.21759718983356233,0.22949547159300573,0.227823179297611,0.21098494584743907,0.2135057953985342,0.22615991137061098,0.24595719522390316,0.22782618742040925
2701,0,0.3148287718484805,0.27378929544648706,0.24071636566886745,0.2228803135225972,0.22032985378293946,0.29853296193050977,0.2880754032715109,0.2710128743486215
2702,0,0.25925447117969164,0.2944361325114057,0.24193217972298572,0.22437147258270537,0.22594750206354874,0.2670612753684991,0.2810859994926857,0.26780986253429684
2703,0,0.18165840504709016,0.1823309025167088,0.19467511411686833,0.19782262357649014,0.19497981250324506,0.2120153495030823,0.15100333853472644,0.19634045537888647
2704,0,0.29643380464355196,0.2620238732471693,0.2537425502322318,0.23262000855145945,0.2077875685636914,0.2893846983378776,0.1796318534096464,0.2683837072724262
2705,0,0.259406270957506,0.18476469079283628,0.23016102430809315,0.21273747947486066,0.23688703911835143,0.19121260369411974,0.24187835803236993,0.2020461062650164
2706,0,0.1824266642646618,0.19311611284113675,0.2027176415003776,0.21976079656620287,0.24288189742869679,0.20688497506838419,0.334841577146191,0.20090624313663286
2707,1,0.869070674226586,0.8851913205248328,0.8468609528542687,0.9101545058475168,0.604888083095361,0.7884853766223617,0.497664062902666,0.8401792166671544
2708,0,0.25932421889948587,0.2461887492688629,0.24137701087903582,0.2212255616618363,0.236979072295287,0.2534503314045265,0.32318669082205687,0.2470053638508084
2709,0,0.1636195793134656,0.19109493643518682,0.25027468560085314,0.23858697714916385,0.23104509562141498,0.20992939959366688,0.23529444431521132,0.21709967387656895
2710,0,0.23450370703440657,0.25484155107510614,0.23000694311363667,0.23296203297324722,0.25579937025912153,0.22196450845643725,0.22516576176162562,0.23560433421506
2711,0,0.16252490603478884,0.17342618048487143,0.1755020210895872,0.184679215674688,0.19343997275931188,0.19746012572643412,0.142883389102243,0.18212944243363094
2712,0,0.4859728675539672,0.4066292110555008,0.42437965829023794,0.39545519035952403,0.27040981489240773,0.4267934274585487,0.2963950046526269,0.4192674322680958
2713,0,0.20369142733355952,0.203057494972627,0.24557911055530965,0.2354457565923517,0.2469145698924501,0.2284416141853316,0.32229648776249914,0.22569273990442276
2714,0,0.403660526845607,0.34592908771432745,0.264441933383469,0.23804541906496737,0.2289414347178956,0.28389179322422525,0.22608265006738115,0.29808760477400725
2715,1,0.9221299017100207,0.9286670517763147,0.9464260404361005,0.967279106634764,0.9913305701422486,0.9803182046251134,0.9840659886810462,0.9518037656125095
2716,0,0.6781360663405062,0.5170698072314938,0.6017782649192743,0.47257212120694714,0.3137157233665235,0.4923970659884414,0.2797396156496582,0.5370817127130699
2717,0,0.14864123341690136,0.15253006377399986,0.15597752448220958,0.17431259546839448,0.19339424663350527,0.1558784274944184,0.19067862600431293,0.1547953385835426
2718,0,0.16260355838885587,0.17752237143917196,0.1749019675486069,0.19962258563594262,0.20843619793747126,0.162637543403737,0.1213252606924553,0.1716872941305053
2719,0,0.2817836903361318,0.24555643828066334,0.23516321584515057,0.22479489978216383,0.22149865838165703,0.24754434043433707,0.1828879879141199,0.24275466485338368
2720,0,0.2586810744248849,0.24580590258778381,0.2507010966537815,0.2390580144546436,0.23050010950289465,0.28916478379462834,0.21076123063346386,0.26189059434539785
2721,0,0.2576489251176003,0.2379905386028246,0.21222768652406487,0.22511068007470378,0.20974952747947792,0.2555023995250419,0.2030867781069635,0.23524020821731048
2722,0,0.16325689690002707,0.15163857426761015,0.1679077107998367,0.18499929022325126,0.21059003289934508,0.16108921457987282,0.19674052832631247,0.16021183321577323
2723,1,0.14063318925200083,0.14600163278157033,0.16740831077579268,0.17952817375021277,0.2052103294265668,0.15392975118990704,0.1616737582228994,0.15577989824909
2724,1,0.8196738201991076,0.8347906604219032,0.6565569051357086,0.7026623561294519,0.34600121286033625,0.7095730876047847,0.36575745874996574,0.7336402177207989
2725,0,0.14494608313967405,0.1383452175639655,0.17068056991045824,0.1769580390645078,0.20074443803427544,0.12128992943085846,0.08687981447312443,0.14343857230176074
2726,1,0.20844599954179552,0.18865416848081384,0.18547646464328546,0.1969838222924485,0.19986675130010345,0.2149127240380286,0.15940149921863225,0.1963477857207093
2727,1,0.9175032896634843,0.9257675553637851,0.9227501017805858,0.9402515153695042,0.9825485199066329,0.9677843645130514,0.923178807049111,0.9387673405524741
2728,0,0.8236730798520432,0.8277738197191532,0.863836576608759,0.79922454879435,0.6137002047624015,0.5838762978352697,0.6250657040663398,0.7584955647210606
2729,0,0.19455783770019677,0.2665762987940332,0.22538312885776193,0.2131477401157821,0.21399655441059484,0.258023548073163,0.28256370610999665,0.24999432524165274
2730,0,0.1865560239644081,0.22385325068766945,0.24817314978232766,0.234041801048823,0.22089751208699007,0.20874900642461958,0.2709843837841198,0.2269251356315389
2731,0,0.2085422147209206,0.2356696454592722,0.2571578048126267,0.23931880193983598,0.24574348294871204,0.23763537291048373,0.342475934241417,0.24348760772746084
2732,0,0.1902734749978384,0.1998078415817474,0.20109121905709312,0.1937541535960403,0.2193112619462527,0.2295458198510305,0.24059404813631305,0.21014829349662367
2733,1,0.26154193069009807,0.21547645796825432,0.27041542402488583,0.30474144814941306,0.3155989715952712,0.22540749747145106,0.27434941275529173,0.23709979315486374
2734,1,0.9207111438085432,0.9295552444236099,0.9394653687545261,0.969557574856411,0.9888674223893171,0.9814296049951011,0.9422259903162863,0.9501500727244124
2735,1,0.9187830543647783,0.924774481480165,0.9433023294114093,0.9655542879884965,0.986912262562555,0.9746314569647555,0.9690591083205243,0.9475694226187765
2736,1,0.1695760652429191,0.17694309046348744,0.18230470780079902,0.22394956346126874,0.1950206467369072,0.20268693986832428,0.11003856530871085,0.18731157937753692
2737,0,0.20234808108347094,0.20730302497860045,0.21259016538230993,0.21358455977429514,0.21828372585702702,0.24102079583677036,0.25521787592522105,0.22030466206589358
2738,0,0.2186107448856757,0.20419031069215823,0.22259538107064802,0.3208423099729782,0.24327456760597035,0.19388778651656838,0.3266307870587662,0.2068911594264582
2739,0,0.22922663461959317,0.23575845833767314,0.23605294177898828,0.2866896238575615,0.25306173624351536,0.2513801525370693,0.17716721170073735,0.2410638508845769
2740,0,0.2779271237735161,0.24577758294632265,0.20134340186325037,0.20059542964856777,0.1916413928869735,0.27580354059215434,0.1503425488239737,0.2409748418005758
2741,0,0.16443212296635237,0.17072900547206307,0.2078332434472334,0.18965206456844338,0.20515053809730452,0.2117823790906123,0.1840137558094456,0.19678154266996958
2742,0,0.18896849546769431,0.2192528810415925,0.19367282771928074,0.2093607172796684,0.20866166857324522,0.20288299303867183,0.10085826313185849,0.20526956726651502
2743,1,0.2739448224798436,0.27322608137277016,0.2326529848839122,0.20934297455519055,0.20227042042968527,0.27656584483666363,0.20358781079321417,0.2608149703644487
2744,0,0.21695101880054654,0.1914861442569337,0.2259194780405324,0.211657089024077,0.21292149124435053,0.1831847479217794,0.26164874276416883,0.2001967900730818
2745,0,0.15356079017636318,0.1856540761023099,0.19361474234186202,0.219337598670407,0.2514650197198238,0.19144381404118374,0.30738146022610296,0.1902375441617852
2746,0,0.13955848507212854,0.16224173466613864,0.20825846301893894,0.1827811734126752,0.20706823692036216,0.1489686634155956,0.2896002211284194,0.1731562870335577
2747,0,0.17061082427869548,0.15345967562779564,0.19065599356816754,0.19446122394900148,0.2234867362365499,0.17689585091054347,0.2044325788714263,0.17367050670216888
2748,0,0.23345153195253843,0.20937065315507675,0.19153281030205213,0.18921747402022468,0.20047183771393562,0.2158377060253325,0.1732605056189308,0.20558038982748714
2749,0,0.388378333796258,0.3738244694564001,0.33233700672479244,0.332179428478879,0.26168695496040706,0.3474659531349597,0.32955877990746035,0.3512091431053841
2750,0,0.2492871240926129,0.20418102166235008,0.2660651479103198,0.31545804888691237,0.2868013661646242,0.25106178035622123,0.3562866010364328,0.24043598330963037
2751,1,0.9187227240310999,0.9270046259367032,0.936950050425125,0.964702737487061,0.9841572988984183,0.9677060065205155,0.9172545391249232,0.9438868942941147
2752,1,0.9186596777182934,0.925153006487695,0.9420783345468019,0.9674986924965348,0.9881776537857165,0.9761211151134604,0.9842764532963374,0.9477841520493192
2753,0,0.195206634600566,0.1815248617221993,0.21344711691000282,0.1942197770000418,0.2132749492974749,0.19185799898246914,0.22789513669283792,0.19560999253822375
2754,0,0.21138608747462917,0.2609744996611016,0.2400081549706763,0.22290733702872637,0.22751671152174657,0.2771884386338625,0.23557862862001824,0.2593903644218802
2755,0,0.1494144179029889,0.1477419123142739,0.1656514938543904,0.1880999375328466,0.1936694126595299,0.12868602934040396,0.17340688040364463,0.14735981183635607
2756,1,0.8987614290492432,0.8915417611268571,0.9250600994791206,0.9398236317125592,0.9377540244204526,0.8591001825037049,0.9253137672254058,0.891900681036561
2757,0,0.21207458440154522,0.2505827573784914,0.18938967201038737,0.1879275447956912,0.20833597993150868,0.24014715387374866,0.19291707971247385,0.22670652775420916
2758,1,0.8247836218356891,0.8592631119912358,0.8220665623272444,0.7951512764861137,0.4966604726607378,0.7758654322677211,0.6460602055344293,0.8190650355287338
2759,0,0.2488723972260688,0.27518713427135827,0.26568533404433775,0.255861450770146,0.25477988614476627,0.2949577855164072,0.24056455653507927,0.2786100846107011
2760,0,0.14234322204310978,0.15049779222573048,0.17902726555041457,0.1765298924047789,0.1877237964841063,0.15066035116535967,0.15355075954629474,0.16006180298050157
2761,0,0.2864471057023628,0.2761139199490241,0.27705275156960973,0.23218146668505132,0.24291678068108222,0.28988776683437567,0.39169615224847587,0.28101814611766984
2762,0,0.16563187451023076,0.19184661652894341,0.20069184123484785,0.19558893530095753,0.21738928944236546,0.19410393063147527,0.2360959032912404,0.19554746279842217
2763,0,0.13206938780153654,0.1290175379374802,0.14669341190621413,0.18049731707017955,0.1840581616364275,0.12874368808121225,0.11581282605579851,0.13481821264163552
2764,0,0.25918555466576054,0.25148451193338234,0.2089047463097862,0.21869947745046533,0.22687663485582119,0.2370771438326309,0.27000152946425,0.23248880069193315
2765,0,0.17760980888996428,0.24396871840692805,0.17240833589539337,0.20245077803018588,0.2132719843841235,0.1876433775836781,0.14352568728508086,0.20134014396199984
2766,1,0.38923868730872346,0.39677246770717073,0.2657093333974776,0.23025439953634316,0.2245544803126228,0.31830810274394067,0.45756074034730104,0.32692996794952967
2767,1,0.9169114456527488,0.9270508314628731,0.9316105163774567,0.9620340029883286,0.9874632120803487,0.9735396856097004,0.9562407741270934,0.9440670111500101
2768,0,0.22341330939916004,0.21052693780742737,0.20828419354533936,0.2171698354728088,0.23464874111818604,0.2150637583641973,0.2671958583419866,0.21129162990565467
2769,0,0.2320540540102276,0.23752377940159528,0.23719741380246614,0.2822694531093923,0.40056237522136723,0.2329124336986944,0.335705668150635,0.23587787563425197
2770,1,0.26853544869131635,0.21195519742448823,0.2182707150306468,0.19787141868858046,0.1993867398839931,0.26882731663799014,0.20264510507086406,0.23301774303104172
2771,1,0.919398449348952,0.9252627877109044,0.9424734631356104,0.9675337545675299,0.9860806549580746,0.9789862528639511,0.9804157153408196,0.948907501236822
2772,0,0.20177171855661835,0.1681180774766523,0.16775985759419024,0.22266128072566727,0.20799388377509576,0.16773343322179846,0.2414186031990102,0.167870456097547
2773,0,0.20016565731790506,0.16470019841064962,0.20045978298464298,0.22364624272342612,0.21403273393165181,0.16957107919790948,0.22998417477604102,0.1782436868644007
2774,1,0.9183409173760883,0.92762750890846,0.9455935152509971,0.9681987779192469,0.9926971811144124,0.9796665834557553,0.9897469366537588,0.9509625358717374
2775,0,0.1520811001452214,0.1525516027820062,0.18281682296864857,0.19050849517266935,0.20254585489454047,0.16832581749442235,0.1979735998768878,0.16789808108169235
2776,0,0.16466094657329508,0.17058923218929323,0.1830019560998565,0.1921079077611052,0.2045416130156764,0.18188188592200763,0.14412011597863625,0.17849102473705244
2777,0,0.152558165759432,0.1612937005913313,0.18114057325844843,0.17812166379804398,0.2080214410375045,0.1379585352871417,0.22362735826920654,0.1601309363789738
2778,1,0.9228690690504906,0.9285268798301152,0.947121107126792,0.97059972575604,0.9915142311675523,0.9794030217700711,0.980576779881006,0.9516836695756594
2779,0,0.2866436382421404,0.2545417717840492,0.26746349448802526,0.2664768839977287,0.24520577182439776,0.27094812078875125,0.14920187118525596,0.26431779568694186
2780,0,0.15489179019829843,0.1206246121548701,0.151059262423349,0.1881488418406508,0.2638265511133636,0.08590507388317208,0.12518659784567418,0.11919631615379706
2781,1,0.3074261719461108,0.3208095173295968,0.28631738963488973,0.2563248403368416,0.23683596097405854,0.29145055191606056,0.21963075413286834,0.29952581962684904
2782,1,0.19807720309573,0.2252072983316109,0.20124509645331792,0.2015340151006297,0.22483035516808836,0.2619998384739238,0.24952525343949095,0.22948407775295088
2783,0,0.2532323755207126,0.27756473074582727,0.2754466778728965,0.24572727454845442,0.23736701904068278,0.26247870971244397,0.20798549991050488,0.2718300394437226
2784,0,0.2626235211112371,0.2567032328579823,0.16876896566693647,0.189659092736308,0.207836706507163,0.28440661933475453,0.1664852070941358,0.2366262726198911
2785,0,0.2078198688505187,0.19973085201226307,0.22747159736511416,0.23642896443975134,0.21621637890384837,0.24174226007550725,0.23291135060713986,0.22298156981762815
2786,1,0.1869955940385539,0.2070757529769082,0.19908349868222588,0.184455638052381,0.19397870032034203,0.2094922109982015,0.16096686538054486,0.20521715421911188
2787,0,0.4102952092742698,0.36165480895247404,0.3944760759723844,0.3549866022777628,0.2563710117396157,0.29145178172646663,0.2997579291118527,0.34919422221710833
2788,0,0.5039824324357485,0.4115322304981183,0.30935847829058377,0.2699533770637273,0.280754771929002,0.4051012399340667,0.2631579870419419,0.37533064957425627
2789,0,0.22480748547638144,0.23311332283792263,0.2094362770850329,0.19915175175661892,0.21815534624644017,0.24062957002025706,0.27628950277725,0.22772638998107086
2790,0,0.2535932945828889,0.22513765313168044,0.22231548890165334,0.22237955120159483,0.20621160724709553,0.22053488104374344,0.25715400434950175,0.22266267435902573
2791,0,0.4057218224950725,0.4905916739415182,0.5220478684002038,0.4994874238455805,0.36186500362108376,0.3630294447138187,0.44002727500862826,0.45855632901851356
2792,0,0.5141929506832772,0.4070442488925838,0.3513025271795381,0.3193178219089708,0.23710441439987248,0.38575011520230135,0.34600064873680864,0.3813656304248077
2793,0,0.15926248647255714,0.1736438908589807,0.1629481346138654,0.1870194220360801,0.19554265884974895,0.15394993572240875,0.08121132262123183,0.16351398706508494
2794,0,0.1792707477928708,0.20936729148069025,0.19393871469820909,0.1827651835687142,0.21599629128072315,0.2057107938245465,0.20793840235143005,0.20300560000114862
2795,0,0.23538194139851334,0.2791347595060786,0.218069551942103,0.23725622095490526,0.2438586969080536,0.26405878089108437,0.20498757239273915,0.25375436411308866
2796,0,0.16846140558811493,0.1496812320707099,0.1995223509695486,0.18914493183529948,0.18552852111166165,0.17561857503116296,0.16245704126801688,0.1749407193571405
2797,0,0.17620198346569912,0.17714978840577847,0.20516336392451653,0.17739948678771725,0.19286937136125193,0.1855156350347588,0.13129904681112153,0.18927626245501794
2798,0,0.15017305681493975,0.1484904127809387,0.1574595078081842,0.18915712592689207,0.20626534572955427,0.15012042737037976,0.24546903831252087,0.15202344931983422
2799,0,0.23008622291317227,0.21444011927705645,0.26100627013781036,0.2084749873235298,0.2277489496310335,0.22603501600056597,0.168557587334105,0.2338271351384776
2800,1,0.8055137766906788,0.829528405506261,0.9076356054017851,0.88822135317214,0.8388470572105188,0.682169091500943,0.8147492175313675,0.806444367469663
2801,0,0.31949458451121887,0.3162465080236961,0.31085508761988906,0.25544388622311004,0.2371424911551502,0.30232467395441004,0.31501401724490274,0.30980875653266504
2802,1,0.9220641248941082,0.9275861848134285,0.9428220893177169,0.9662106232629348,0.9868669208054964,0.9713815048470432,0.8594795760937896,0.9472632596593962
2803,1,0.9173284474723259,0.9269186252337387,0.9351259863650139,0.963371606090084,0.9889894555073142,0.9648705510386221,0.9349173946158335,0.9423050542124582
2804,0,0.1649967121503352,0.15901031171782218,0.16714548954728903,0.17695418356188974,0.19458264463056896,0.16170867991617968,0.1640739183483983,0.16262149372709697
2805,0,0.2770052063879074,0.28509494633226423,0.23554787216696513,0.2354767138615709,0.2416636456808443,0.2873993611309888,0.2873447348167265,0.2693473932100727
2806,0,0.171246170197228,0.20462674749415158,0.16069163497061598,0.20170982617275768,0.18829400822020703,0.13740363112729012,0.09839609780219788,0.1675740045306859
2807,0,0.5757800517574785,0.7532502365862395,0.6455016976473903,0.5318357505899001,0.3822094987746681,0.5549678785646367,0.42364638766598056,0.6512399375994221
2808,0,0.23694360355183983,0.2865235591986706,0.19174836416001054,0.2770670689958739,0.2435097503380004,0.20924091275267,0.14192347039626793,0.22917094537045038
2809,0,0.3829377961285412,0.33810818296027206,0.3644759006905561,0.28793174475355204,0.25694131248853336,0.35168168727998395,0.29064804045240333,0.35142192364360403
2810,1,0.1884554894495949,0.19152266914993263,0.20469296627215727,0.19832513912695593,0.20880224358469968,0.19309455604700876,0.18956041258891207,0.19643673048969956
2811,0,0.21204872942878375,0.23625563424869153,0.20730154651036728,0.20763602988920213,0.23100022455542035,0.23338023580775802,0.2831565290524125,0.22564580552227229
2812,1,0.9170044338892573,0.9255197584917002,0.9255469351374854,0.954004001517388,0.9865940830562508,0.96625634988908,0.9431052416805065,0.9391076811727551
2813,0,0.20950485118083276,0.1842421605152145,0.2258174879606639,0.19965620916948715,0.2246893417877243,0.19341925430091703,0.20215242991740331,0.2011596342589318
2814,0,0.6374717779635058,0.5482480895424858,0.6996986550151352,0.7620480568861882,0.3391928101218624,0.5094153600718646,0.3405912780041327,0.5857873682098286
2815,0,0.279352346001527,0.24310247149367192,0.19198905541875413,0.21597417139629782,0.22854662305735118,0.29333509232620714,0.26834516577316586,0.24280887307954438
2816,0,0.3307439387777776,0.25279218496197026,0.25157517945067087,0.22873939676536081,0.22004396749717914,0.2756559345042459,0.3410365062602647,0.26000776630562905
2817,0,0.2443837605324245,0.23158768518506556,0.2007568212398476,0.20139028090870129,0.20953704115797941,0.21886005055618563,0.16445923461877035,0.21706818566036626
2818,1,0.915023022095013,0.9225143244851418,0.9366541446611208,0.9656136210318488,0.9895691911730392,0.9733773250750488,0.9792777187267058,0.9441819314071038
2819,0,0.20542935662530504,0.1910870823886357,0.20213574341790327,0.20862183622736388,0.2147292387632417,0.19724197575072044,0.22074220677591538,0.19682160051908648
2820,0,0.38691688061593155,0.34286432373426523,0.34778410315284436,0.26074179225791283,0.24318976319620747,0.3353790338894407,0.38203222200901693,0.3420091535921834
2821,0,0.4004733134755675,0.4402732514098368,0.42393732507741305,0.32861228964439304,0.25610958009187607,0.38634230986036,0.44479007036263024,0.41685096211586997
2822,1,0.3763735540013189,0.29411259633747394,0.2813027759206789,0.2380792226315768,0.22673732996383641,0.2922711828862416,0.22277994128803733,0.2892288517147981
2823,0,0.214656585075363,0.24114314725458505,0.21654834641037068,0.20348096968668442,0.21685329934985562,0.230449161739131,0.20447137235447665,0.22938021846802892
2824,0,0.3141690365464171,0.3640219409103655,0.31543117363433176,0.2848858572689861,0.23883363875872307,0.3659719015721428,0.3373073361119269,0.34847500537228004
2825,1,0.9186677811313243,0.9278977978579404,0.9438349676020957,0.9679410581144655,0.9913742113895038,0.9794393136527358,0.9877563335791755,0.9503906930375906
2826,1,0.16107474929698953,0.1589606642624144,0.17059540646412877,0.19367053753585894,0.1931910982347955,0.17740367731987836,0.25681323591469374,0.1689865826821405
2827,0,0.1940070690081084,0.2301983780426128,0.21526379956781524,0.23505163906387905,0.20971480385233543,0.24105908029253312,0.19286007349056886,0.22884041930098706
2828,0,0.21205165777078805,0.18381791762203603,0.19601710624393978,0.2141816108028656,0.2351509140201388,0.21955367646390103,0.28500308134770275,0.19979623344329225
2829,0,0.1666038146547676,0.18592315897846814,0.23200656876676998,0.20534489064823078,0.22042533144155987,0.23096172888837482,0.3446294693220892,0.2162971522112043
2830,0,0.24529160230089028,0.3028779570638541,0.19666527461018676,0.22352277874916004,0.21551579524707495,0.2568074842451464,0.12810182315177163,0.25211690530639574
2831,0,0.16760009450794522,0.17892056758797828,0.17546238296658637,0.18480090652276113,0.19259367990588197,0.17649653924689826,0.19956307138951038,0.17695982993382098
2832,0,0.14091504813007563,0.10407727453552923,0.13533392381424175,0.18825813438893335,0.23663757529973803,0.07858236375651648,0.11599247928162852,0.10599785403542916
2833,0,0.4334662514113341,0.3869745256152406,0.31874161647587024,0.2580762729627358,0.25059807630410424,0.37273569060354084,0.2773756922144046,0.35948394423155056
2834,1,0.31248835588010376,0.2681471582679142,0.3018059175225439,0.24432410096899138,0.2435830030353211,0.24892273340714074,0.3195332193077917,0.2729586030658662
2835,0,0.2647374212918268,0.293865799325062,0.2234779694944042,0.20810585205561105,0.21820139039793915,0.27499716153437287,0.21089788785490524,0.2641136434512797
2836,0,0.26782712129838276,0.35146814218369543,0.3508721767006297,0.2815111964181543,0.25144857410517524,0.30456182462334563,0.3275730582580662,0.3356340478358903
2837,1,0.20191589514649436,0.24016771487030886,0.23635071090345497,0.2238369850369777,0.23051149223265344,0.22618390623929932,0.22009182887573034,0.23423411067102107
2838,1,0.16703869629295828,0.17195928562644477,0.1926083408804726,0.19724163606954603,0.21393225155592407,0.18899260393296755,0.2559090712949978,0.18452007681329496
2839,1,0.9150064320337568,0.9243946883250281,0.9347169014412661,0.9606935757967986,0.9743932448626548,0.9731550398945995,0.9047030621153459,0.9440888765536313
2840,1,0.16911207486773536,0.16074041299349834,0.18942756268343394,0.18753183061667586,0.19405826970195214,0.16973048732228926,0.14480837799220128,0.1732994876664072
2841,0,0.1365112444474104,0.11804264399596869,0.12022852896249901,0.14695645113445965,0.22993560000215663,0.07022153667976293,0.07418795045396596,0.10283090321274353
2842,1,0.919259882792426,0.9282176312433893,0.946874465761479,0.9678118961142101,0.9928160277322045,0.979696870353611,0.9909824782648929,0.9515963224528264
2843,0,0.24033815258700686,0.23955417163444018,0.21980020220293295,0.20381119540354567,0.19934759396403548,0.2609103078347366,0.22810234140089572,0.24008822722403658
2844,1,0.23340426057043562,0.23579848139113224,0.3102744700226993,0.2890138245029324,0.261132484574173,0.2782823745719729,0.2872001356965744,0.27478510866193484
2845,0,0.24162125414735183,0.22038820147133656,0.19581301615325994,0.2061338368539368,0.19906186851463134,0.21428444174635067,0.21686009478378354,0.2101618864569824
2846,0,0.17505166505759273,0.16850211627047854,0.18828882389454227,0.19566446300680754,0.2199437623027383,0.1818387565478419,0.32640169241683853,0.1795432322376209
2847,1,0.23016089412567506,0.2465684445203159,0.27900765979848957,0.25185614187888733,0.24051070978728617,0.24096838556173417,0.19275114939138635,0.2555148299601799
2848,0,0.26632928421991947,0.2811104245113407,0.20443768163209872,0.21400291800661964,0.23127312582938817,0.2632541873116067,0.2513611368333552,0.24960076448501536
2849,1,0.8569327198064141,0.8370431450620218,0.9087765228911842,0.8892857724135442,0.8981160689956781,0.7400756336950197,0.8166351226650527,0.8286317672160752
2850,0,0.2421691275648953,0.22149929098384402,0.21978450590541662,0.20472751537688397,0.22213750416772207,0.21693976358045275,0.2049445780677169,0.21940785348990446
2851,1,0.21240882258665647,0.19650121258519024,0.21995656292531662,0.19950184934480888,0.21893371852902202,0.2241481935193912,0.26671355775233985,0.21353532300996603
2852,1,0.9110907467111886,0.9165045930337256,0.9094924206562119,0.9318323717695455,0.9654853224094208,0.9511230339779188,0.9145409277218439,0.9257066825559521
2853,0,0.24088938691528838,0.2734002615237609,0.2157710911170292,0.2208895199847254,0.19635707416146142,0.2972273949494766,0.2065177759232543,0.26213291586342224
2854,1,0.9168414776297888,0.9278486383023462,0.9463494458328724,0.9678004582392662,0.9918152789827946,0.9782488018443677,0.9773386773659265,0.950815628659862
2855,0,0.2585324517995675,0.30971217561501124,0.19848476571646198,0.1984764042029619,0.20773290957750148,0.2582244214136761,0.22149793134412912,0.2554737875817164
2856,0,0.17729630429637255,0.1832571370225949,0.19347664960466004,0.19249484368088346,0.2203611225477811,0.20619045918955559,0.23848760053578563,0.19430808193893687
2857,0,0.13859968440637707,0.13898558365665095,0.16101169894334963,0.17698111383239393,0.20096756639141566,0.1502538971084951,0.18421570410364305,0.15008372656949856
2858,1,0.9241423382508858,0.9288740129934027,0.9483413154560965,0.9704612709314361,0.9917780688444321,0.9806752460176953,0.9644177456499894,0.9526301914890648
2859,0,0.1813034449802217,0.16693890743369688,0.19050770612659718,0.1873802065297685,0.1989326721413509,0.19964486062868966,0.22529992040629912,0.18569715806299458
2860,1,0.1821438538069181,0.15253317393804716,0.1772364780794945,0.19775244848141127,0.19767646632937877,0.1458429281519533,0.14778569417092455,0.15853752672316498
2861,1,0.42437241192579495,0.3608021474944139,0.3259113769076008,0.2802545223162405,0.2750869683329453,0.36074126295091896,0.36618653514703886,0.3491515957843112
2862,0,0.19288750765914506,0.19513972071435984,0.21830740078155178,0.1991650240415035,0.2045977991879655,0.21049349476028115,0.1810084583760426,0.20798020541873094
2863,0,0.18541218329310014,0.18043090026340383,0.19714995586848363,0.1996013726247978,0.19201078105846547,0.2345149309445068,0.18682123656611194,0.20403192902546474
2864,1,0.2650165591217893,0.2708404666271116,0.22976066698309663,0.2156378577048043,0.22832056678670723,0.2645282268789391,0.27285921265786645,0.25504312016304914
2865,0,0.20662512605000818,0.21330130101157582,0.19522121478698362,0.21624933191981577,0.21471839602923062,0.2692509666826246,0.15167481309051897,0.2259244941603947
2866,0,0.1982728104193278,0.19343490631010193,0.16639899287927265,0.19055867339825314,0.18398272107443933,0.17058931226731902,0.10227034101540922,0.1768077371522312
2867,1,0.19844362103470445,0.2120047510107127,0.22047829901578356,0.20353408886966082,0.23194525465260954,0.2356927728171828,0.29533520377568556,0.22272527428122635
2868,0,0.3366558373222985,0.2930295323620354,0.27276969535887646,0.23964112837574514,0.2597955260305489,0.28133937937761105,0.1779281150213012,0.28237953569950763
2869,0,0.14869398660419417,0.17341063590823358,0.17968388218883755,0.18036113903735096,0.1932476435990362,0.20502741737414631,0.12519828514983827,0.1860406451570725
2870,0,0.19870055149679755,0.19806248189741074,0.18763224589075223,0.2014816864514201,0.21988102110806054,0.2174760399446527,0.136138674467043,0.2010569225776052
2871,0,0.1840656352784069,0.18002448966890605,0.1680066309432475,0.18757995488256687,0.20284541463933362,0.2114976003166933,0.14247476298767792,0.18650957364294896
2872,1,0.9182007844596649,0.9283455679872444,0.9340593832068068,0.9628790917099685,0.9874004714940092,0.9681886157969299,0.9428278495358987,0.9435311889969937
2873,0,0.24408186959723466,0.2289356532890511,0.20347945021659852,0.2026474577612788,0.2170533639619553,0.23800938885666753,0.2018809984402019,0.22347483078743904
2874,0,0.19731158212753755,0.2193305819090634,0.22295599147689135,0.24819628325376128,0.2211183502255982,0.217855269892947,0.27557073093516565,0.22004728109296726
2875,1,0.1743974404229991,0.22030478446042878,0.1880051179884117,0.18669101148304537,0.18694692520480846,0.21291329111139648,0.17936720875670362,0.20707439785341233
2876,0,0.2602039575034169,0.21932679991383722,0.22457780229080537,0.2118289857265415,0.21890312279760818,0.2383453212070419,0.25139568603983803,0.22741664113722815
2877,0,0.31440433373619764,0.28775753755352235,0.2668481756044725,0.24304146086171138,0.2396318262327486,0.29565042794138163,0.33683028191724995,0.28341871369979216
2878,0,0.397365311481477,0.36355415535366015,0.33812354496936275,0.2933149543022205,0.2564682418404181,0.3162128964468693,0.3476483875446024,0.339296865589964
2879,1,0.17006478243343112,0.17934293310092722,0.1817638241776017,0.19317463461751808,0.20591340909600145,0.1801896624109005,0.18365155148490944,0.18043213989647647
2880,0,0.22300798740464423,0.21182440625399546,0.228399945854631,0.20420017844737967,0.20273807506173236,0.23238415775759227,0.19751709730274233,0.22420283662207288
2881,0,0.20215144867126802,0.24282993555931742,0.2247721855394644,0.2214183012664208,0.265193213626264,0.22378498472796496,0.24601361175001524,0.23046236860891559
2882,1,0.9114159261271945,0.8705394159833917,0.9431949109250685,0.9622675838898846,0.9709749989694193,0.7738873187350888,0.8861992480665362,0.8625405485478496
2883,1,0.22052123005060298,0.2461637996954428,0.229469850566242,0.19079052194810683,0.23818633667203515,0.23564131074544795,0.4614711824223094,0.23709165366904425
2884,1,0.9184683443749049,0.9281358093690503,0.9343006838625204,0.9616153112780585,0.9848576707045081,0.9778734157733396,0.9163694231714898,0.9467699696683035
2885,0,0.1655447483702351,0.17008986503538207,0.18509400729376133,0.1871822876411385,0.214132830421504,0.19999510730035217,0.10897759339724229,0.18505965987649853
2886,1,0.8510204007883377,0.8679266885254866,0.789609558450637,0.7812529773196294,0.48446797295781524,0.7742537601268332,0.6345633751301264,0.8105966690343189
2887,0,0.3858359020136193,0.3432730834743139,0.3193439678145164,0.22050501305094192,0.267568277970925,0.3282103050742738,0.34364655651995957,0.33027578545436803
2888,1,0.19831945276143928,0.1902691912924871,0.21579233881645113,0.20552133635628225,0.21427981372642846,0.19448655174066667,0.2780531261364936,0.20018269394986832
2889,0,0.16951108740841472,0.16477578934801557,0.186730479873375,0.1820864487338676,0.20614233065566392,0.18891169515762155,0.16461014265012408,0.1801393214596707
2890,1,0.15441378493745783,0.1542349025311977,0.17083065678119613,0.18480094452473805,0.20448109610970522,0.17020803514572247,0.17228944758810263,0.16509119815270543
2891,0,0.2046206951127867,0.1768525911713679,0.2602297224060718,0.21764157630098713,0.23091993774248662,0.19174636490992905,0.256686060466454,0.20960955949578955
2892,1,0.9229838900440345,0.9281894945888389,0.9409893248385508,0.9610111238554065,0.9773087485721038,0.967948648509939,0.8830703420216484,0.9457091559791095
2893,0,0.19751880736367536,0.200658171387149,0.18569630587102895,0.18862188936034308,0.2080207857523918,0.23548714332077272,0.21508468388928162,0.20728054019298356
2894,0,0.1602118098836103,0.15454253305379084,0.16688916063677395,0.19262330195239277,0.2050220245883093,0.16440271310021531,0.13183653600941006,0.16194480226359337
2895,0,0.25106202346356216,0.27546140521291645,0.24511344639262522,0.2626702722105883,0.2300409053758374,0.26364448232830157,0.2690484500817577,0.26140644464461443
2896,0,0.20387628626378027,0.21116259137693838,0.22782490069955863,0.20955884555486512,0.209943790843105,0.2339522127574248,0.2490664146018168,0.22431323494464062
2897,0,0.1901795646818243,0.21009723314286444,0.21738347303161618,0.21381807341460837,0.19949661994956835,0.20134546818595475,0.1205116619641403,0.20960872478681178
2898,0,0.18344383469919434,0.1907554766436581,0.20628873138131032,0.20145225641314113,0.2148545042025495,0.2081080233699579,0.17990957898690763,0.20171741046497546
2899,1,0.3764075279918864,0.33190082718799924,0.32404667933238396,0.2786468285996287,0.20364006236200574,0.26807295409692866,0.12807656763845404,0.30800682020577064
2900,1,0.8237172260938207,0.7877975455236349,0.8896265438762336,0.8769534799556761,0.9183788745182925,0.6732571109865946,0.8907019880254835,0.7835604001288211
2901,0,0.3220722431721555,0.2922383608083305,0.28921428593895687,0.22695181604732462,0.23511634224019576,0.3061560890395912,0.34745345741604755,0.2958695785956262
2902,0,0.21970094074720278,0.24458852564796962,0.25338299740309184,0.2614163995628258,0.2241383506934099,0.18668413683408544,0.22080625596683853,0.22821855329504895
2903,0,0.16871497224644003,0.1664574091144465,0.1687229063147655,0.1964646780415421,0.18451473130060592,0.17434083960212265,0.0866357316859276,0.16984038501044488
2904,0,0.19508512050833557,0.20928161391014752,0.18449633722552058,0.18989810523872908,0.21303706929092267,0.2138841872895961,0.18685962686145238,0.20255404614175473
2905,1,0.9177983332161723,0.9274224190005081,0.9363980761393211,0.9575682292839698,0.9821293155077057,0.9698948905400743,0.9086652402673998,0.9445717952266345
2906,0,0.25714480213229235,0.2373998200302656,0.2115198049073365,0.20026751295354306,0.20870427715993192,0.23828351508213705,0.12296745013372391,0.22906771333991305
2907,1,0.21529837449435116,0.2030934909115629,0.22801644564374376,0.21212374640855214,0.23052647035087567,0.1950125747456517,0.2485442141594936,0.20870750376698613
2908,0,0.2506148726372642,0.20407549411142367,0.22075304374776028,0.3179579987036878,0.2767703112856271,0.1948098238627347,0.20357632223709302,0.2065461205739729
2909,0,0.2354460293797672,0.22809232774635904,0.20539200722869075,0.1972600657035474,0.19956128095842718,0.24538303210410928,0.2459580032337414,0.22628912235971968
2910,1,0.19485337792404966,0.2207643303354565,0.19833844405030765,0.19689568693833193,0.21891499075874746,0.2668530614860631,0.26105000423125246,0.22865194529060906
2911,0,0.24552904892493868,0.22274733292094498,0.22564509688451526,0.2628514790339617,0.22894702976958894,0.2614787253513042,0.2367544813493068,0.23662371838558813
2912,0,0.19666307183978737,0.22956492428812383,0.2118187458534473,0.20035696628232313,0.23789059606098742,0.2229010488098627,0.32609543142341857,0.22142823965047795
2913,0,0.13306871265315265,0.13591289207146492,0.16750714170095826,0.19496056714736096,0.18501256664867585,0.11567989980234546,0.11490161120877966,0.1396999778582562
2914,0,0.1811790856410079,0.22338374077734333,0.1782985505439789,0.1903010648113114,0.21901823941870335,0.24867354414536194,0.1213099731460306,0.21678527848889473
2915,0,0.2973336325886667,0.3480097132170396,0.41458807508146256,0.38404139569559836,0.3690653808512496,0.29106637025006904,0.4332179061557959,0.3512213861828571
2916,1,0.1721839492236319,0.2246625852939551,0.19363431423429664,0.19099182864217043,0.22570878834061592,0.21250236340165915,0.12075287672463954,0.21026642097663695
2917,1,0.9159232702731493,0.9261602471877658,0.9375503533398778,0.9603764712266192,0.9865374415575631,0.9699351713347575,0.9556452248500594,0.9445485906208003
2918,1,0.23705258892848433,0.2617908605961574,0.2142915803420203,0.20752046407807034,0.21838180629815987,0.2837445816639769,0.2136655063526195,0.2532756742007182
2919,0,0.19314670648136312,0.18229487006454395,0.18731174426182529,0.20110854836172656,0.22258682592085202,0.2038629937036267,0.18988481532310572,0.19115653600999863
2920,0,0.22161366008324146,0.22395899432837227,0.20127289909059495,0.21131264127192884,0.2271582170300144,0.2385637977258699,0.17716468281733175,0.2212652303816124
2921,0,0.3500760350525669,0.28202005250277695,0.2808704227567487,0.2442785655754713,0.24501197064706956,0.315673821924537,0.3500251187044114,0.2928547657280209
2922,1,0.918250266530506,0.9273290610636544,0.9442090614328845,0.9682553923442577,0.9925163581169231,0.9719672804965048,0.9780278835999198,0.9478351343310146
2923,1,0.9201176892774021,0.9290605193128463,0.9381852234690654,0.9671226798584591,0.9899083865012658,0.9744215819592247,0.9175838642714073,0.9472224415803788
2924,1,0.9198989056435739,0.925504770896319,0.944740083026438,0.9675935824257428,0.9883965661626145,0.9790975677632597,0.9945812635323912,0.9497808072286723
2925,1,0.9155746802819532,0.9225849267743426,0.9383944336292998,0.96502111423872,0.9894001092669643,0.975299986515504,0.9934838048239661,0.9454264489730488
2926,0,0.1662309067703531,0.1642462299275858,0.18373811453230296,0.19697678122120732,0.2181593917714997,0.1613548345670879,0.20376187505078214,0.16977972634232555
2927,0,0.28914768885559833,0.2625175879910525,0.277299309287027,0.36309618223142753,0.27982814750038765,0.26014374808723184,0.31965276722169356,0.26665354845510375
2928,1,0.9187607317521077,0.9284277401602489,0.9384397918655657,0.969708098488117,0.9916498395762982,0.9783098517904202,0.9865918633213256,0.9483924612720783
2929,0,0.2798643404621372,0.25349193211519566,0.22246982206817856,0.2168400861990749,0.22810918938690494,0.2867489630233275,0.3091812125663464,0.2542369057355672
2930,0,0.18273827407151885,0.2201405802260176,0.26372006835258754,0.28195889814234404,0.2706590135689873,0.20524598591103294,0.18258867357114897,0.22970221149654602
2931,0,0.22825060106957884,0.19423727604212823,0.16494793022005866,0.18820556647072548,0.2011581002987728,0.2097039456706984,0.18147633015845233,0.18962971731096176
2932,0,0.20460349484101514,0.20545991603551414,0.2410442840092583,0.21924621257611365,0.22475926980759378,0.20661466101804385,0.23532974299395085,0.21770628702093875
2933,1,0.2997504724795906,0.23927156132808017,0.39892873498061415,0.31351139051677795,0.3271347823249167,0.28111406707257225,0.2985028705376542,0.30643812112708885
2934,0,0.39361365915314067,0.37637151232364335,0.37246714719285273,0.30754009240729113,0.31859283164422997,0.299067523927606,0.40583423862319384,0.349302061148034
2935,1,0.20336765649300478,0.2146889281416731,0.2353502595150897,0.22266749792578025,0.21756442624084013,0.2178662277476077,0.31466899421043676,0.22263513846812347
2936,0,0.328261558670055,0.23921990647024668,0.22075959222666297,0.22083883127080714,0.24401690522962918,0.24114225519335072,0.3035260978218947,0.2337072512967535
2937,1,0.9154151144849392,0.9223214393065553,0.9369579825825861,0.9674411415080856,0.9901880083906688,0.9706477851647377,0.9883985584215704,0.9433090690179596
2938,0,0.39382558102219617,0.4087088635588631,0.43698191734501196,0.3580331110246489,0.27293440760149823,0.3432136348837969,0.34826447644049435,0.396301471929224
2939,1,0.21670389960154846,0.20173386553179495,0.23226959349089737,0.20930936287889046,0.21413908499493073,0.20955246165516628,0.2638955457458861,0.21451864022595288
2940,0,0.5299090483661103,0.360851880622958,0.5739636182529527,0.440474848721993,0.32346556728436837,0.37519796300894326,0.23361644629761494,0.436671153961618
2941,0,0.16323788356943528,0.1919897620104231,0.22322452008816507,0.2240038704085087,0.25923535102788264,0.21925625727691422,0.24789476518913958,0.21149017979183413
2942,0,0.20923889589430086,0.18665808692325273,0.22715247921308293,0.20791390719002664,0.2563200941854578,0.19085525916962473,0.37176728104118667,0.20155527510198679
2943,0,0.23990312801391167,0.2237979870389147,0.2987590628083763,0.2047425307743349,0.23161139404553308,0.2112221216704667,0.24563826660005272,0.24459305717258592
2944,1,0.1712195176345773,0.1549925268976841,0.2040763053739207,0.21989235767500434,0.2254994318608261,0.16347712640423132,0.33663069766030945,0.1741819862252787
2945,0,0.32103957450679127,0.2872267736895933,0.30845119259960024,0.23607456570938234,0.23198099451343082,0.3184562504093227,0.31442760983012813,0.3047114055661721
2946,1,0.24479462180847208,0.2442249545748505,0.22837686119905984,0.18291980546325495,0.22141141229908232,0.26131406767605014,0.3024311776717922,0.2446386278166535
2947,1,0.17103383234361336,0.18750850440109157,0.15310331406030747,0.19688264729083596,0.22834725964345004,0.19516357637377504,0.1605923556035325,0.17859179827839136
2948,0,0.20518627526330271,0.16688712053997945,0.17663469455952271,0.18826855374721685,0.20743513308215236,0.16489949752867972,0.14221352783906208,0.16947377087606064
2949,0,0.2830866324225534,0.3621085613005523,0.3075355047963702,0.29939501552620035,0.2608323393847936,0.3073694869478049,0.4668270641109516,0.3256711843482425
2950,0,0.22693340140943483,0.1890751624933323,0.24323620285564543,0.18910290692660278,0.1975363242631694,0.21374059350004063,0.1917289512321578,0.2153506529496728
2951,0,0.19948304330394526,0.24372906231923044,0.21412614210858427,0.21508740096475865,0.19979099030632838,0.20118617278232143,0.13942151333236466,0.21968045907004538
2952,1,0.2731037100072204,0.29731225166348185,0.24293235523295623,0.2717606289462632,0.23219030088806014,0.306506344405778,0.19457814234465035,0.2822503171007387
2953,0,0.2084073293317368,0.22091198518246302,0.23353181161649442,0.24904768733663932,0.22287928665559664,0.2113229366490886,0.2166898364472223,0.22192224448268202
2954,0,0.22384624984906668,0.23695102356578204,0.2840346276940011,0.4545289527980325,0.4486054932551493,0.1878371710821475,0.31398953974482113,0.23627427411397686
2955,0,0.2800800744180821,0.2575929503415804,0.2782502339067074,0.24848420694763665,0.23896871693037455,0.2859214649805858,0.23562212173302274,0.27392154974295785
2956,0,0.24749007298321554,0.20572078084289544,0.275365566502004,0.25475470506948805,0.33625457600221503,0.22119748596165148,0.3262420526023386,0.23409461110218366
2957,0,0.22474831468553122,0.22819651701113372,0.23211961132527673,0.26201851607294746,0.26138750650889403,0.2782074930166028,0.29299293816648214,0.24617454045100443
2958,1,0.2387825015146223,0.29008016452701235,0.19477028351709347,0.24484886103460257,0.21184980833222103,0.26080301074381534,0.20429808386467083,0.24855115292930705
2959,0,0.17028006124075182,0.20938814401279895,0.17926084251435917,0.1773581470197448,0.19402523514783235,0.17803946911060295,0.12749291377018435,0.18889615187925368
2960,0,0.24091437631898494,0.26528060982961704,0.2151453922226447,0.22758355897867763,0.21184582563598633,0.2320004372086252,0.18983945683123307,0.237475479753629
2961,1,0.9136249655391587,0.9206425832788111,0.9298777327334276,0.9617913907598283,0.9856309893723253,0.9616178461594718,0.9341252041092895,0.9373793873905701
2962,0,0.2054334905215726,0.2033106157726319,0.21701043918179286,0.19960352076289004,0.21354738929060088,0.1844566941796061,0.18484322645320297,0.20159258304467695
2963,0,0.24823598110075284,0.2006180499837571,0.20851153456092122,0.1812882619534338,0.20082997669568267,0.2530815042113091,0.1568780326095651,0.22073702958532915
2964,1,0.7758939311473121,0.8218643201004528,0.8247285039889353,0.8407038909413677,0.5123446492291691,0.6651389990995471,0.6469136412936478,0.7705772743963117
2965,0,0.2136323884578076,0.21579244579295567,0.2155114431337123,0.2086744879209058,0.219915637351796,0.25105448100476396,0.2087448921672372,0.227452789977144
2966,0,0.3886150361105229,0.2811107893141866,0.24870239619776116,0.234679840319752,0.2195925282352921,0.2515747253235338,0.2268909166483509,0.26046263694516053
2967,0,0.21670415511336405,0.3088405933552573,0.20921229440183967,0.21772410336884626,0.23222194173485544,0.25359998353475355,0.16148991667981402,0.25721762376395013
2968,0,0.22332850010626437,0.2057879579450638,0.2163174142065646,0.19925099489562592,0.21963933800492838,0.21010856566938427,0.21604215480129338,0.21073797927367088
2969,0,0.1808871730679922,0.19236645718027945,0.20171467114708183,0.19514952350443826,0.18922910550756075,0.17268711932573777,0.22152183564297223,0.1889227492176997
2970,1,0.20712284356875377,0.24064716051266355,0.2365790533073635,0.21869175500779522,0.25432993346717764,0.22401413737421505,0.4227031971850372,0.23374678373141403
2971,1,0.8425821702101657,0.8315857084723768,0.7439524277576908,0.8649655505124841,0.5839884132737079,0.8201508352284187,0.4616682941307655,0.7985629904861621
2972,0,0.20513010885435637,0.2009648105180253,0.21488556538528603,0.19312667458041358,0.20716289606806323,0.2104205829349213,0.26210412175053394,0.20875698627941086
2973,1,0.16783643401793066,0.20945654253665258,0.20304053786915902,0.1947300460797151,0.22981413847392382,0.19905252011022712,0.2791944743574207,0.20384986683867956
2974,0,0.2112254833051259,0.13348412794587639,0.38342917090759165,0.36972067574801,0.4295632702928156,0.09861666417331043,0.25328225097441004,0.2051766543422595
2975,1,0.14779886728387506,0.16040406489728606,0.18052396254136613,0.17687073251572794,0.21899000187523765,0.15208959429034524,0.23652428873136885,0.16433920724299914
2976,0,0.21110774200204982,0.2082925749134249,0.23440051394570013,0.255814204555799,0.24447953569270053,0.222135676312025,0.3394659957985054,0.22160958839038333
2977,0,0.2012313619788548,0.20565369073338788,0.20085982861107607,0.20131419783692373,0.2259782503519144,0.24744186269532772,0.236701324732189,0.21798512734659722
2978,1,0.921892614847133,0.9285832661180539,0.9463962226899594,0.9687398330660075,0.9896569120149259,0.9780729760355918,0.959771148273498,0.9510174882812018
2979,1,0.8847355044943815,0.794730669771023,0.9199797486609173,0.9382516753650401,0.9213655048864359,0.7467162880570578,0.8580543735190392,0.8204755688296661
2980,0,0.24508041140180928,0.23501905790499408,0.2079649833000333,0.21601461919705336,0.2207192031001267,0.2579732833024207,0.2347142862804016,0.23365244150248268
2981,1,0.9181378276959068,0.9245012991793621,0.9396903815271692,0.9637386581308275,0.9848438763437595,0.9746821317839699,0.9500017566977087,0.9462912708301671
2982,1,0.24346210951270975,0.23632301964029448,0.2702119156176634,0.24647676858213305,0.2337347656109885,0.23355429084080104,0.21764822981077594,0.2466964086995863
2983,0,0.24115389396512224,0.2511354651295793,0.19029302505351398,0.22086825758396045,0.24731126492789468,0.23672863541311376,0.3053001657479896,0.22605237519873567
2984,0,0.18403316365071873,0.18353118061994,0.2511450878729609,0.1953185431443234,0.21139318017333672,0.19094403621042688,0.3452760428124166,0.20854010156777592
2985,1,0.15078006143724967,0.18450708070079616,0.16377539560136392,0.15979360255005864,0.18796371780109258,0.16879760109486316,0.10313961127738279,0.17236002579900775
2986,1,0.23685162126224654,0.22480493749251917,0.23707042535389986,0.2317893053669101,0.23494565384258478,0.2083031550684665,0.30293075947106735,0.22339283930496187
2987,1,0.9154210158153694,0.9220292658300441,0.9357558964387924,0.9670516906908767,0.990046508807359,0.9734010106055684,0.9827547781020384,0.9437287242914683
2988,1,0.9210278400567101,0.9272400369183896,0.936916228768589,0.9583365897027862,0.9843254645267129,0.9659958384377566,0.9436191572853808,0.9433840347082451
2989,0,0.21466750037093085,0.21455631298574138,0.2222986469400353,0.18471191136864795,0.2114549880445251,0.22554763519532336,0.2106653945346908,0.22080086504036667
2990,0,0.2304819307501246,0.25091725101929013,0.23522927301254515,0.21800587452998435,0.22311572347425598,0.24571863071550779,0.2654575087441156,0.2439550515824477
2991,1,0.2856923276474599,0.2594868797357149,0.23299657015714878,0.2114795225284732,0.23995325237880763,0.2793521023389029,0.26328139058395633,0.2572785174105889
2992,1,0.23460013041975647,0.24706712278018472,0.26954067064784315,0.27960884757918864,0.2638743273347202,0.2396463140394134,0.32883206841137097,0.2520847024891471
2993,1,0.4152423454061318,0.36183754652644273,0.41815242381906637,0.2942455890482421,0.2545751126465663,0.32426622525345494,0.3047674814296783,0.368085398532988
2994,1,0.1833069280325287,0.1840741134360053,0.2005460271224827,0.20573013561742,0.20923787068812805,0.17996214731090154,0.30923093519477884,0.1881940959564632
2995,0,0.2718598599094457,0.3242439450992523,0.22879474302443273,0.24291988601087966,0.23918625017928616,0.2871997615196528,0.3026540074878274,0.280079483214446
2996,0,0.17934231093937084,0.15700176458949908,0.2147791838610841,0.23329545044707775,0.19041305064438496,0.1465705575063309,0.14467307931644272,0.17278383531897137
2997,1,0.16416022888528833,0.19351401433580062,0.1929824078895559,0.2070987671747122,0.24426619133198568,0.17680696533084075,0.19936314897172894,0.18776779585206574
2998,0,0.2930554906739244,0.22517238500293688,0.22976853977542633,0.22039165087332427,0.2260388324563226,0.24153116721639037,0.23839809778980733,0.23215736399825118
2999,0,0.2802773645526358,0.2645552925678773,0.23762665142103856,0.2313177188421045,0.23489356972318767,0.2778934753032772,0.3477145962974714,0.26002513976406433
3000,0,0.2797899078220534,0.2690909864103725,0.24241354592572953,0.2527015598113769,0.2812716564723669,0.24268506544105453,0.3289135105753859,0.25139653259238554
